phrase,n,count,sources_seen,freq_per_million,zipf,npmi
command line,2,1862,4,379.6414,5.579,0.692
based on,2,1512,4,315.7973,5.499,0.578
more information,2,1312,4,242.1007,5.384,0.596
used in,2,1317,4,237.0945,5.375,0.219
make sure,2,968,4,236.1676,5.373,0.743
fast api,2,713,3,231.3725,5.364,0.763
git hub,2,875,4,203.8979,5.309,0.697
correct code,2,626,3,202.7264,5.307,0.564
error message,2,741,4,173.9227,5.240,0.546
depending on,2,857,4,170.0087,5.230,0.588
incorrect code,2,481,4,156.1560,5.194,0.595
environment variable,2,855,4,151.4709,5.180,0.616
source code,2,643,4,142.7560,5.155,0.481
standard library,2,442,4,142.6908,5.154,0.688
cargo toml,2,372,3,137.8843,5.140,0.697
something like,2,449,4,132.8600,5.123,0.534
defined in,2,646,4,132.1622,5.121,0.286
result in,2,697,4,129.6854,5.113,0.245
want to use,3,494,4,123.8687,5.093,0.320
set up,2,635,4,117.8801,5.071,0.454
configuration file,2,551,4,116.8729,5.068,0.443
default value,2,704,4,115.5215,5.063,0.335
docker compose,2,840,3,115.0343,5.061,0.571
type script,2,391,3,112.9331,5.053,0.420
top level,2,601,4,108.4794,5.035,0.725
return value,2,597,4,108.0808,5.034,0.382
same way,2,439,4,105.1381,5.022,0.415
difference between,2,370,4,104.9130,5.021,0.724
look like,2,388,4,104.3090,5.018,0.493
multiple times,2,414,4,103.6659,5.016,0.673
included in,2,595,4,100.9635,5.004,0.353
redux store,2,290,2,94.3625,4.975,0.554
depend on,2,453,4,91.1951,4.960,0.545
date time,2,792,3,88.2438,4.946,0.531
working directory,2,345,4,88.0087,4.945,0.555
strict mode,2,489,3,86.9041,4.939,0.720
mac os,2,494,4,85.2411,4.931,0.804
docker hub,2,780,3,84.6451,4.928,0.523
use in,2,356,4,84.4852,4.927,-0.010
operating system,2,434,4,83.7386,4.923,0.738
true option,2,256,3,82.1037,4.914,0.483
compile time,2,178,4,81.0149,4.909,0.561
return type,2,225,4,79.1115,4.898,0.352
data type,2,588,4,78.8542,4.897,0.279
key value,2,392,4,78.3196,4.894,0.371
need to use,3,274,4,77.3757,4.889,0.260
time zone,2,630,3,73.6896,4.867,0.666
regular expression,2,516,4,73.4575,4.866,0.686
same name,2,367,4,73.2966,4.865,0.326
working on,2,255,4,71.4852,4.854,0.334
react redux,2,219,2,71.3007,4.853,0.480
same time,2,300,4,69.4236,4.842,0.334
use case,2,296,4,69.5689,4.842,0.256
third party,2,465,4,68.9796,4.839,0.902
figure out,2,196,4,68.2107,4.834,0.681
work in,2,248,4,67.8766,4.832,0.135
work on,2,275,4,67.8044,4.831,0.248
specified in,2,384,4,67.1445,4.827,0.172
json schema,2,208,2,66.6779,4.824,0.614
found in,2,404,4,66.3279,4.822,0.247
visual studio,2,194,4,65.1930,4.814,0.914
following command,2,425,4,64.4070,4.809,0.375
following code,2,267,4,64.4550,4.809,0.276
appear in,2,384,4,63.7978,4.805,0.314
docker engine,2,595,2,63.8054,4.805,0.554
thread pool,2,106,3,63.8626,4.805,0.737
end up,2,213,4,63.5956,4.803,0.489
pull request,2,250,4,63.3783,4.802,0.610
error is raised,3,256,3,62.8916,4.799,0.601
stack trace,2,216,3,62.4166,4.795,0.758
lock file,2,184,4,62.1379,4.793,0.489
side effects,2,296,4,61.8394,4.791,0.737
open api,2,190,2,61.8256,4.791,0.494
query set,2,553,2,61.3724,4.788,0.387
current directory,2,248,4,61.2314,4.787,0.459
check out,2,228,4,61.0130,4.785,0.462
git diff,2,501,4,60.9240,4.785,0.532
docker for mac,3,572,2,60.5847,4.782,0.617
run in,2,298,4,60.2537,4.780,0.076
cargo lock,2,162,2,59.7012,4.776,0.559
current working,2,195,4,58.6404,4.768,0.523
first argument,2,288,4,57.6316,4.761,0.421
current working directory,3,190,4,57.5678,4.760,0.698
docker image,2,363,3,55.0425,4.741,0.369
sign in,2,494,4,54.6360,4.737,0.313
set to true,3,308,3,54.3323,4.735,0.579
rely on,2,289,4,53.0686,4.725,0.517
specified multiple,2,174,2,52.5427,4.721,0.460
floating point,2,336,4,52.6168,4.721,0.771
working tree,2,451,3,52.5893,4.721,0.578
test case,2,368,4,52.5194,4.720,0.353
specified multiple times,3,172,2,52.3347,4.719,0.663
re render,2,308,3,52.1843,4.718,0.631
type object,2,492,3,52.1549,4.717,0.219
file system,2,315,4,51.4127,4.711,0.341
empty string,2,317,4,50.5909,4.704,0.458
docker container,2,250,3,50.2031,4.701,0.357
generic type,2,89,4,49.9226,4.698,0.441
error handling,2,197,4,49.7251,4.697,0.463
learn more,2,254,4,49.0940,4.691,0.497
primary key,2,332,4,49.1233,4.691,0.615
removed in,2,312,3,48.8425,4.689,0.224
using docker,2,362,3,48.8614,4.689,0.200
main function,2,98,4,48.1646,4.683,0.349
build script,2,150,3,48.1151,4.682,0.382
first time,2,229,4,47.7648,4.679,0.313
web server,2,207,4,47.6956,4.678,0.475
most common,2,233,4,47.6624,4.678,0.497
git log,2,383,3,47.3276,4.675,0.407
cannot be used,3,226,4,46.8076,4.670,0.476
virtual environment,2,188,4,46.6541,4.669,0.611
open source,2,229,4,46.1966,4.665,0.515
stack overflow,2,138,4,46.2068,4.665,0.744
over time,2,202,4,46.0167,4.663,0.411
more complex,2,206,4,45.5887,4.659,0.479
use the same,3,184,4,45.4620,4.658,0.163
try catch,2,157,3,45.3920,4.657,0.558
function call,2,222,4,45.2674,4.656,0.258
running on,2,231,4,45.0734,4.654,0.231
toml file,2,111,3,44.9726,4.653,0.433
new function,2,155,4,44.9447,4.653,0.191
keep in,2,174,4,44.4613,4.648,0.202
syntax error,2,234,4,44.5074,4.648,0.361
foreign key,2,326,4,44.4916,4.648,0.618
need to add,3,156,4,44.4370,4.648,0.332
out of scope,3,93,4,44.3837,4.647,0.576
server side,2,250,3,43.6735,4.640,0.482
latest version,2,212,4,43.5949,4.639,0.528
other hand,2,194,4,43.4863,4.638,0.506
present in,2,269,4,43.4478,4.638,0.270
new state,2,140,4,43.1413,4.635,0.270
git repository,2,186,4,43.0810,4.634,0.383
find out,2,163,4,43.0286,4.634,0.447
main thread,2,122,4,42.8488,4.632,0.525
json file,2,237,3,42.6511,4.630,0.317
run cargo,2,90,2,42.5629,4.629,0.300
data structure,2,156,4,42.5798,4.629,0.434
run the following,3,273,4,42.5231,4.629,0.315
exit code,2,194,4,42.2936,4.626,0.409
test function,2,113,4,42.2951,4.626,0.222
reducer function,2,149,2,42.2140,4.625,0.381
clean up,2,248,4,42.1067,4.624,0.575
git commit,2,293,4,42.0988,4.624,0.380
state value,2,162,4,41.9951,4.623,0.232
docker daemon,2,316,2,41.9784,4.623,0.496
need to know,3,134,4,41.7504,4.621,0.400
react compiler,2,261,2,41.7147,4.620,0.469
keep in mind,3,166,4,41.6659,4.620,0.749
following error,2,125,4,41.3015,4.616,0.269
more detail,2,146,4,41.1642,4.615,0.499
status code,2,167,4,41.2106,4.615,0.384
python code,2,270,4,40.9895,4.613,0.214
internet explorer,2,133,3,40.9101,4.612,0.906
string in,2,197,4,40.3695,4.606,0.039
git push,2,309,4,40.4062,4.606,0.460
src main,2,79,4,40.0692,4.603,0.630
git fetch,2,364,3,39.9490,4.602,0.449
same thing,2,144,4,40.0241,4.602,0.467
data fetching,2,177,3,39.9922,4.602,0.512
running in,2,202,4,39.7665,4.600,0.108
first line,2,124,4,39.7729,4.600,0.319
cargo run,2,98,2,39.7463,4.599,0.291
version control,2,99,4,39.5830,4.598,0.449
git add,2,277,4,39.6352,4.598,0.280
cargo test,2,79,2,39.4065,4.596,0.304
cargo toml file,3,92,2,39.4636,4.596,0.462
user defined,2,283,4,39.2666,4.594,0.401
rust code,2,59,2,39.1586,4.593,0.246
pass in,2,137,4,39.1105,4.592,0.141
click on,2,122,4,38.9277,4.590,0.361
setting up,2,179,4,38.8405,4.589,0.436
line option,2,214,4,38.6824,4.588,0.316
hello world,2,130,4,38.7586,4.588,0.764
base class,2,227,3,38.5788,4.586,0.445
command line option,3,213,4,38.3576,4.584,0.423
new object,2,260,3,38.3044,4.583,0.201
initial value,2,285,4,38.2359,4.582,0.409
hash map,2,68,3,38.1939,4.582,0.656
cargo lock file,3,106,2,38.1792,4.582,0.539
default behavior,2,181,4,38.0874,4.581,0.361
package json,2,139,3,38.0911,4.581,0.427
test suite,2,233,4,37.7611,4.577,0.612
using the same,3,222,4,37.5456,4.575,0.191
new value,2,218,4,37.3068,4.572,0.176
configuration variable,2,349,3,37.2850,4.572,0.379
set in,2,234,3,37.2009,4.571,0.015
second argument,2,171,4,37.0447,4.569,0.478
best way,2,113,4,37.0156,4.568,0.460
base model,2,117,3,36.9546,4.568,0.489
same type,2,144,4,36.9007,4.567,0.203
package name,2,132,4,36.8110,4.566,0.325
compose file,2,330,2,36.8021,4.566,0.373
docker build,2,331,2,36.6297,4.564,0.270
low level,2,187,4,36.5889,4.563,0.673
file path,2,121,4,36.4847,4.562,0.249
much more,2,160,4,36.4070,4.561,0.387
script code,2,150,3,36.2519,4.559,0.225
git rebase,2,342,2,36.1155,4.558,0.516
defined on,2,182,4,36.0405,4.557,0.229
real world,2,132,4,35.7374,4.553,0.716
type error,2,233,4,35.6382,4.552,0.178
blog post,2,114,4,35.6027,4.551,0.669
see the reference,3,123,3,35.5104,4.550,0.434
run on,2,170,4,35.3628,4.549,0.126
use docker,2,298,2,35.4089,4.549,0.113
case insensitive,2,176,4,34.9112,4.543,0.654
react native,2,156,3,34.8438,4.542,0.548
want to make,3,113,4,34.5944,4.539,0.302
fixed an issue,3,330,2,34.5913,4.539,0.645
programming language,2,107,4,34.4974,4.538,0.616
current state,2,148,4,34.3994,4.537,0.346
catch block,2,136,3,34.2025,4.534,0.534
exist in,2,168,4,34.0799,4.532,0.211
information see,2,295,4,34.0488,4.532,0.297
cargo build,2,79,3,33.9662,4.531,0.310
initial state,2,154,3,33.6257,4.527,0.466
code using,2,87,4,33.5178,4.525,0.101
action creator,2,102,2,33.5196,4.525,0.694
change in,2,186,4,33.3325,4.523,0.068
point in,2,164,4,33.2848,4.522,0.133
comma separated,2,182,4,33.0952,4.520,0.822
keep track,2,122,4,33.1454,4.520,0.646
file name,2,166,4,32.9623,4.518,0.187
more information see,3,285,4,32.7881,4.516,0.410
rust version,2,99,3,32.7688,4.515,0.335
good idea,2,148,4,32.5821,4.513,0.633
right now,2,95,4,32.5269,4.512,0.404
get an error,3,78,4,32.3595,4.510,0.366
build kit,2,308,2,32.3037,4.509,0.593
two different,2,132,4,32.1774,4.508,0.330
variable name,2,108,4,32.1231,4.507,0.280
home directory,2,118,4,32.0272,4.506,0.540
exact same,2,114,4,31.9968,4.505,0.478
client side,2,157,3,32.0142,4.505,0.518
mutable reference,2,44,3,31.8425,4.503,0.557
use redux,2,97,2,31.6735,4.501,0.187
going on,2,90,4,31.6187,4.500,0.300
maximum number,2,171,4,31.4489,4.498,0.531
name such,2,106,4,31.3995,4.497,0.264
function expression,2,142,3,31.4402,4.497,0.288
get state,2,103,2,31.2475,4.495,0.254
mentioned in,2,112,4,31.2212,4.494,0.267
control over,2,180,4,31.2090,4.494,0.501
make sense,2,130,4,31.1561,4.494,0.533
single line,2,119,4,31.0491,4.492,0.357
use the following,3,154,4,31.0755,4.492,0.164
false option,2,96,2,30.9613,4.491,0.390
async function,2,165,4,30.9823,4.491,0.299
smart pointer,2,51,2,30.9499,4.491,0.718
python interpreter,2,209,4,30.9162,4.490,0.514
different ways,2,119,4,30.8021,4.489,0.471
type parameter,2,77,4,30.7883,4.488,0.285
take advantage,2,132,4,30.7086,4.487,0.658
state object,2,98,4,30.7131,4.487,0.216
string slice,2,43,2,30.6040,4.486,0.404
absolute path,2,112,4,30.5381,4.485,0.566
static method,2,266,3,30.5332,4.485,0.403
up to date,3,159,4,30.4596,4.484,0.606
many other,2,125,4,30.3943,4.483,0.302
iterate over,2,135,4,30.3798,4.483,0.680
docker run,2,271,2,30.3906,4.483,0.209
another way,2,103,4,30.2445,4.481,0.339
string literal,2,172,4,30.2820,4.481,0.463
way to get,3,107,4,30.2859,4.481,0.344
most recent,2,148,4,29.9852,4.477,0.589
section for more,3,108,3,29.8355,4.475,0.486
current user,2,191,3,29.6898,4.473,0.343
used instead,2,180,4,29.6579,4.472,0.236
get started,2,156,4,29.6234,4.472,0.439
dev server,2,98,3,29.6814,4.472,0.450
remote repository,2,100,4,29.5756,4.471,0.507
use instead,2,116,4,29.5872,4.471,0.151
works in,2,118,4,29.3511,4.468,0.120
big int,2,278,2,29.3494,4.468,0.670
need to make,3,107,4,29.4018,4.468,0.287
want to run,3,106,4,29.2781,4.467,0.249
new version,2,143,4,28.9616,4.462,0.235
read more,2,114,4,28.8485,4.460,0.291
write code,2,81,4,28.7904,4.459,0.235
foo bar,2,185,3,28.7341,4.458,0.683
wrapped in,2,140,4,28.6574,4.457,0.314
user name,2,200,4,28.5390,4.455,0.251
instead of using,3,124,4,28.4839,4.455,0.256
function body,2,142,4,28.4335,4.454,0.332
more efficient,2,163,4,28.4242,4.454,0.503
standard output,2,122,3,28.4111,4.453,0.356
same value,2,153,4,28.2799,4.451,0.158
works fine,2,80,3,28.2696,4.451,0.571
extra configuration,2,92,2,28.1162,4.449,0.453
many different,2,106,4,28.1492,4.449,0.347
commonly used,2,139,4,28.0275,4.448,0.511
high level,2,163,4,27.9777,4.447,0.596
callback function,2,155,3,27.9375,4.446,0.356
user input,2,138,4,27.9576,4.446,0.369
content type,2,166,3,27.9204,4.446,0.329
exactly the same,3,118,4,27.8916,4.445,0.419
focus on,2,118,4,27.7519,4.443,0.421
make use,2,121,4,27.6444,4.442,0.143
function name,2,127,4,27.6975,4.442,0.151
base image,2,226,3,27.5902,4.441,0.439
look up,2,128,4,27.5790,4.441,0.371
verbose output,2,91,3,27.5163,4.440,0.503
code path,2,111,3,27.5530,4.440,0.183
log file,2,147,3,27.3856,4.438,0.298
create function,2,192,3,27.4190,4.438,0.170
event loop,2,208,3,27.3728,4.437,0.498
goes out,2,57,4,27.3732,4.437,0.524
global variable,2,120,4,27.2284,4.435,0.423
exception handling,2,85,2,27.0771,4.433,0.455
declared in,2,120,4,27.0141,4.432,0.222
new array,2,191,3,26.9868,4.431,0.247
logged in,2,119,4,26.7090,4.427,0.309
run docker,2,209,2,26.7070,4.427,0.194
need to change,3,91,4,26.7001,4.427,0.296
object literal,2,115,3,26.5885,4.425,0.404
new project,2,62,4,26.5371,4.424,0.276
flag to enable,3,85,3,26.5605,4.424,0.587
documentation for more,3,106,4,26.5173,4.424,0.456
type system,2,57,4,26.4209,4.422,0.260
data directory,2,156,3,26.4420,4.422,0.235
need to update,3,103,4,26.3825,4.421,0.318
implemented in,2,133,4,26.2978,4.420,0.201
exception handler,2,87,3,26.2871,4.420,0.450
able to use,3,91,4,26.2227,4.419,0.252
times see,2,86,2,26.1673,4.418,0.367
command name,2,97,2,26.2070,4.418,0.221
non zero,2,199,4,26.1355,4.417,0.520
keyword argument,2,168,3,26.1409,4.417,0.483
show up,2,88,4,26.0416,4.416,0.394
configuration object,2,105,3,26.0470,4.416,0.248
used on,2,159,4,25.9325,4.414,0.067
current branch,2,173,4,25.7853,4.411,0.420
next method,2,117,3,25.7429,4.411,0.332
long time,2,135,4,25.6779,4.410,0.368
see docker,2,231,2,25.6785,4.410,0.173
git merge,2,239,2,25.6814,4.410,0.311
denial of service,3,232,4,25.7007,4.410,0.763
public api,2,70,4,25.6291,4.409,0.457
multiple times see,3,80,2,25.5434,4.407,0.457
entry point,2,105,4,25.4190,4.405,0.517
use effect,2,147,3,25.3945,4.405,0.256
other code,2,105,4,25.3328,4.404,0.122
cannot use,2,126,4,25.2907,4.403,0.222
git pull,2,192,3,25.2780,4.403,0.390
script output,2,79,2,25.2186,4.402,0.286
added in,2,144,4,25.2256,4.402,0.101
type string,2,77,4,25.2421,4.402,0.176
want to add,3,96,4,25.2150,4.402,0.256
using git,2,97,4,25.1979,4.401,0.138
source file,2,103,4,25.1944,4.401,0.270
enable see,2,78,2,25.1146,4.400,0.370
git clone,2,221,4,25.0540,4.399,0.422
event handler,2,200,3,24.9951,4.398,0.552
create table,2,225,4,25.0283,4.398,0.296
see the command,3,78,3,24.9493,4.397,0.319
output such,2,79,3,24.8880,4.396,0.270
many times,2,117,4,24.8642,4.396,0.458
log in,2,107,4,24.8304,4.395,0.108
same object,2,152,3,24.8090,4.395,0.164
work around,2,140,3,24.8355,4.395,0.420
case sensitive,2,99,4,24.7591,4.394,0.563
make it easier,3,129,4,24.7489,4.394,0.571
re run,2,111,4,24.7286,4.393,0.353
return true,2,173,4,24.7079,4.393,0.333
using redux,2,75,2,24.6941,4.393,0.207
command prompt,2,76,3,24.7331,4.393,0.475
throw an exception,3,72,3,24.7047,4.393,0.578
validation error,2,122,3,24.6676,4.392,0.361
unsafe code,2,40,4,24.5766,4.391,0.374
integration test,2,58,3,24.5956,4.391,0.455
project build,2,76,3,24.5760,4.391,0.327
set on,2,151,3,24.5952,4.391,0.078
control flow,2,107,4,24.5189,4.390,0.611
crash on,2,109,3,24.5432,4.390,0.198
compiler error,2,51,4,24.5659,4.390,0.302
extra output,2,74,2,24.4528,4.388,0.392
string value,2,124,4,24.4272,4.388,0.158
send email,2,220,3,24.3682,4.387,0.569
possible to use,3,118,4,24.3425,4.386,0.291
local copy,2,76,4,24.1397,4.383,0.452
throw an error,3,152,3,24.0898,4.382,0.498
two ways,2,123,4,24.0164,4.381,0.444
year month,2,226,2,24.0533,4.381,0.699
first element,2,98,4,23.9980,4.380,0.343
hand side,2,161,4,23.8766,4.378,0.593
user id,2,113,4,23.9024,4.378,0.342
redux state,2,73,2,23.8779,4.378,0.282
need to create,3,108,4,23.8635,4.378,0.241
see below,2,125,3,23.8272,4.377,0.325
new file,2,103,4,23.8238,4.377,0.137
reference count,2,104,3,23.8384,4.377,0.482
file this flag,3,74,2,23.8154,4.377,0.424
set to false,3,132,3,23.8298,4.377,0.494
feel free,2,84,4,23.7719,4.376,0.722
recommend using,2,100,4,23.7933,4.376,0.399
new post,2,72,3,23.7529,4.376,0.305
displayed in,2,149,4,23.7313,4.375,0.249
commit message,2,117,4,23.6923,4.375,0.399
see in,2,73,4,23.6424,4.374,-0.035
text editor,2,109,4,23.6030,4.373,0.523
form data,2,107,3,23.6075,4.373,0.286
email address,2,136,4,23.4696,4.371,0.564
human readable,2,133,4,23.4975,4.371,0.742
query string,2,102,4,23.5224,4.371,0.278
state variable,2,196,4,23.3681,4.369,0.268
use it in,3,75,4,23.3730,4.369,0.187
react router,2,74,3,23.3316,4.368,0.579
please note,2,79,4,23.2701,4.367,0.444
library crate,2,33,2,23.2154,4.366,0.445
work well,2,143,4,23.1342,4.364,0.345
instead use,2,105,4,23.0835,4.363,0.124
contained in,2,156,4,23.0500,4.363,0.284
without needing,2,90,4,22.9918,4.362,0.612
web application,2,107,4,23.0082,4.362,0.400
return statement,2,115,4,22.7866,4.358,0.354
username and password,3,93,4,22.7680,4.357,0.751
use git,2,107,4,22.6939,4.356,0.080
get rid,2,70,4,22.7013,4.356,0.585
take care,2,94,4,22.6495,4.355,0.576
api documentation,2,69,4,22.6385,4.355,0.346
consider using,2,126,4,22.6079,4.354,0.328
vice versa,2,105,4,22.5876,4.354,1.000
docker host,2,150,3,22.6160,4.354,0.322
more complicated,2,87,4,22.5988,4.354,0.494
compose yaml,2,212,2,22.5975,4.354,0.672
rust compiler,2,45,3,22.5060,4.352,0.381
git checkout,2,209,2,22.3702,4.350,0.479
react component,2,107,3,22.3380,4.349,0.362
breaking change,2,77,3,22.1966,4.346,0.522
most likely,2,89,4,22.1851,4.346,0.504
get the following,3,60,3,22.1599,4.346,0.236
function declaration,2,111,4,22.0651,4.344,0.353
want to get,3,75,4,22.0884,4.344,0.217
same problem,2,63,4,22.0290,4.343,0.289
add the following,3,111,4,21.9894,4.342,0.259
fatal error,2,89,3,21.8540,4.340,0.509
class name,2,110,3,21.8270,4.339,0.227
more than once,3,121,4,21.7935,4.338,0.525
try to use,3,57,4,21.7314,4.337,0.257
separated list,2,140,4,21.6601,4.336,0.495
version number,2,109,4,21.6745,4.336,0.267
configuration value,2,75,3,21.6860,4.336,0.206
first step,2,73,4,21.6723,4.336,0.404
run into,2,87,4,21.6490,4.335,0.209
assignment operator,2,82,3,21.6233,4.335,0.586
full list,2,163,4,21.6477,4.335,0.382
package manager,2,103,4,21.5704,4.334,0.481
docker service,2,202,2,21.5576,4.334,0.324
need to write,3,80,4,21.5326,4.333,0.302
exception is thrown,3,71,2,21.4763,4.332,0.578
run command,2,131,4,21.3892,4.330,0.206
large number,2,141,4,21.3763,4.330,0.428
non null,2,151,4,21.3108,4.329,0.422
easier to read,3,66,4,21.3013,4.328,0.516
code like,2,78,4,21.2172,4.327,0.091
backwards compatibility,2,155,3,21.1979,4.326,0.750
add new,2,97,3,21.1292,4.325,0.193
local repository,2,60,3,21.1350,4.325,0.409
crash in,2,88,3,21.1180,4.325,0.081
under the hood,3,87,4,21.1061,4.324,0.771
vs code,2,81,4,21.0453,4.323,0.387
first parameter,2,78,4,20.9531,4.321,0.297
import meta,2,89,2,20.9586,4.321,0.576
host machine,2,130,3,20.8682,4.319,0.533
react app,2,122,3,20.8074,4.318,0.312
use state,2,148,4,20.7768,4.318,0.098
during development,2,91,4,20.7314,4.317,0.488
out of memory,3,83,3,20.7342,4.317,0.468
security issue,2,189,3,20.7030,4.316,0.453
root directory,2,81,4,20.6702,4.315,0.367
executed in,2,131,3,20.6379,4.315,0.165
garbage collection,2,136,4,20.6368,4.315,0.714
curly braces,2,117,4,20.6485,4.315,0.858
git status,2,165,4,20.6722,4.315,0.361
go through,2,84,4,20.5943,4.314,0.441
build time,2,127,3,20.6044,4.314,0.230
shared memory,2,178,3,20.6131,4.314,0.489
line number,2,112,4,20.5451,4.313,0.264
bit more,2,93,4,20.5359,4.313,0.318
redux thunk,2,62,2,20.5825,4.313,0.487
type annotation,2,52,4,20.5295,4.312,0.419
like object,2,135,3,20.4456,4.311,0.128
resulting in,2,145,4,20.4409,4.311,0.228
backward compatibility,2,132,4,20.4380,4.310,0.768
trying to use,3,58,4,20.4329,4.310,0.240
new instance,2,73,4,20.3736,4.309,0.252
parent scope,2,64,3,20.3055,4.308,0.451
field name,2,110,4,20.3019,4.308,0.242
use memo,2,159,2,20.2877,4.307,0.434
get this error,3,55,4,20.2611,4.307,0.392
application using,2,137,3,20.2119,4.306,0.183
garbage collector,2,97,3,20.2042,4.305,0.850
own property,2,130,3,20.1453,4.304,0.387
constructor function,2,160,4,20.1469,4.304,0.282
fall back,2,147,3,20.0909,4.303,0.669
inside the container,3,132,3,20.0263,4.302,0.457
plain text,2,98,4,19.9849,4.301,0.492
log message,2,159,4,19.9887,4.301,0.386
operate on,2,99,4,19.9528,4.300,0.422
action type,2,64,2,19.9048,4.299,0.246
output format,2,110,4,19.8602,4.298,0.302
redux app,2,61,2,19.8691,4.298,0.304
create async,2,63,2,19.8008,4.297,0.317
assertion error,2,66,3,19.7821,4.296,0.456
supported in,2,118,3,19.7277,4.295,0.121
script reference,2,187,2,19.7215,4.295,0.302
more info,2,69,4,19.6925,4.294,0.362
time format,2,185,2,19.6789,4.294,0.281
needs to access,3,67,3,19.6097,4.292,0.435
side effect,2,118,3,19.5600,4.291,0.489
thread safe,2,98,3,19.5416,4.291,0.490
go into,2,69,4,19.5148,4.290,0.336
another function,2,64,4,19.5196,4.290,0.202
global scope,2,106,4,19.4455,4.289,0.436
arrow function,2,95,3,19.4334,4.289,0.412
text search,2,169,3,19.4523,4.289,0.433
action object,2,64,2,19.4631,4.289,0.249
format string,2,133,4,19.3929,4.288,0.280
much easier,2,60,4,19.3869,4.288,0.527
new thread,2,37,3,19.4209,4.288,0.276
want to keep,3,73,4,19.4172,4.288,0.349
run time,2,148,3,19.3683,4.287,0.187
getting started,2,131,3,19.3648,4.287,0.576
project directory,2,114,4,19.2990,4.286,0.307
prototype chain,2,141,3,19.3041,4.286,0.643
value error,2,135,3,19.3391,4.286,0.098
use the method,3,121,3,19.2990,4.286,0.230
covered in,2,70,4,19.2951,4.285,0.277
use the new,3,106,4,19.2563,4.285,0.191
starting point,2,92,4,19.1945,4.283,0.483
see the documentation,3,100,4,19.1851,4.283,0.385
relative path,2,74,4,19.1490,4.282,0.431
put in,2,66,4,19.1404,4.282,0.126
function definition,2,96,4,19.0894,4.281,0.290
generator function,2,175,2,19.0807,4.281,0.363
insert into,2,159,3,19.0749,4.280,0.411
same error,2,54,4,18.9934,4.279,0.140
need to specify,3,78,4,19.0147,4.279,0.320
used to create,3,122,4,19.0173,4.279,0.281
container image,2,121,3,18.9874,4.278,0.338
turns out,2,68,4,18.9038,4.277,0.564
using cargo,2,31,2,18.8168,4.275,0.142
common use,2,92,4,18.8228,4.275,0.188
view function,2,83,3,18.8456,4.275,0.229
create new,2,103,4,18.7884,4.274,0.167
new feature,2,95,4,18.7511,4.273,0.283
function signature,2,46,4,18.7659,4.273,0.351
more specific,2,76,4,18.6875,4.272,0.249
between two,2,98,4,18.7061,4.272,0.310
without using,2,78,4,18.6981,4.272,0.167
value returned,2,79,4,18.6799,4.271,0.263
code inside,2,78,4,18.6799,4.271,0.189
read write,2,141,4,18.6696,4.271,0.344
standard error,2,97,3,18.6488,4.271,0.249
major version,2,98,3,18.6387,4.270,0.442
add more,2,68,4,18.6361,4.270,0.179
infinite loop,2,84,4,18.6040,4.270,0.628
access the network,3,58,2,18.6184,4.270,0.498
want to change,3,72,4,18.6087,4.270,0.249
thunk middleware,2,57,2,18.5699,4.269,0.575
yaml file,2,168,2,18.5748,4.269,0.444
standard input,2,94,3,18.5285,4.268,0.385
comma separated list,3,112,4,18.5277,4.268,0.569
using the following,3,108,4,18.5542,4.268,0.154
need to set,3,84,4,18.5169,4.268,0.192
work as expected,3,79,4,18.4994,4.267,0.485
concrete type,2,28,3,18.4547,4.266,0.441
best practice,2,83,3,18.4643,4.266,0.589
context manager,2,116,3,18.4675,4.266,0.496
function like,2,61,4,18.4621,4.266,0.091
easiest way,2,74,4,18.3879,4.265,0.562
slightly different,2,79,4,18.4258,4.265,0.526
single file,2,76,4,18.3993,4.265,0.215
database server,2,150,3,18.4154,4.265,0.283
web page,2,75,3,18.3622,4.264,0.415
enabled by default,3,110,4,18.3712,4.264,0.456
sys path,2,145,3,18.2804,4.262,0.460
fetch command,2,65,2,18.2421,4.261,0.368
opt in,2,85,3,18.2088,4.260,0.249
proceed without,2,58,2,18.1767,4.260,0.561
cannot change,2,154,4,18.1981,4.260,0.343
first place,2,64,4,18.1864,4.260,0.354
model admin,2,167,2,18.1945,4.260,0.476
same line,2,68,4,18.1440,4.259,0.198
asp net,2,55,2,18.1545,4.259,0.825
higher level,2,80,4,18.1079,4.258,0.539
binary crate,2,25,2,18.1176,4.258,0.488
same data,2,81,4,18.1009,4.258,0.136
target directory,2,68,4,18.0728,4.257,0.338
particularly useful,2,87,4,18.0821,4.257,0.588
docker ce,2,166,2,18.0905,4.257,0.527
command to download,3,57,2,18.0727,4.257,0.517
file descriptor,2,150,3,18.0281,4.256,0.433
re rendering,2,115,3,18.0317,4.256,0.533
older version,2,76,4,17.9917,4.255,0.431
file like,2,78,4,17.9764,4.255,0.105
loop over,2,65,4,17.9894,4.255,0.402
without the network,3,56,2,17.9687,4.255,0.468
python version,2,107,4,17.9547,4.254,0.227
file open,2,36,3,17.9575,4.254,0.240
use the docker,3,165,3,17.9310,4.254,0.189
json object,2,87,3,17.8835,4.252,0.222
checked out,2,122,4,17.8548,4.252,0.466
same code,2,58,4,17.8668,4.252,0.089
same result,2,95,4,17.8649,4.252,0.226
api application,2,57,2,17.8519,4.252,0.271
set state,2,92,4,17.8572,4.252,0.180
array like,2,110,3,17.8789,4.252,0.198
using the docker,3,169,2,17.8498,4.252,0.215
calling code,2,37,4,17.8033,4.251,0.240
want to create,3,67,4,17.8165,4.251,0.203
disk space,2,126,4,17.8027,4.250,0.603
cargo new,2,33,2,17.8003,4.250,0.174
fast import,2,163,2,17.7785,4.250,0.422
next section,2,82,4,17.7422,4.249,0.387
easy way,2,62,4,17.7535,4.249,0.392
like the following,3,86,4,17.7329,4.249,0.185
boolean value,2,114,4,17.6842,4.248,0.334
cherry pick,2,142,3,17.6946,4.248,0.860
between the two,3,82,4,17.6809,4.248,0.451
need to install,3,68,4,17.7101,4.248,0.333
going offline,2,55,2,17.6439,4.247,0.686
string method,2,126,3,17.6707,4.247,0.188
env file,2,135,3,17.6279,4.246,0.339
web socket,2,53,2,17.6037,4.246,0.551
borrow checker,2,26,2,17.6093,4.246,0.848
number of logical,3,57,2,17.6311,4.246,0.531
want to see,3,59,4,17.6069,4.246,0.175
parent directory,2,65,4,17.5874,4.245,0.374
same directory,2,82,4,17.5646,4.245,0.207
platform specific,2,103,3,17.5586,4.244,0.477
index see,2,56,2,17.5271,4.244,0.229
test module,2,58,4,17.5446,4.244,0.232
go back,2,65,4,17.4853,4.243,0.442
additional information,2,95,4,17.4488,4.242,0.374
real time,2,113,3,17.4412,4.242,0.370
git branch,2,151,3,17.4445,4.242,0.284
error prone,2,73,4,17.4116,4.241,0.524
fixed in,2,83,3,17.4169,4.241,0.075
right hand,2,120,4,17.3733,4.240,0.530
next step,2,70,4,17.3485,4.239,0.462
result value,2,43,3,17.3194,4.239,0.179
reducer logic,2,54,2,17.3191,4.239,0.464
local time,2,156,2,17.3270,4.239,0.280
null pointer,2,81,3,17.3504,4.239,0.474
fast api application,3,54,2,17.3191,4.239,0.406
see for more,3,125,3,17.3049,4.238,0.285
build on,2,61,4,17.2655,4.237,0.089
first two,2,74,4,17.2725,4.237,0.232
get the same,3,59,4,17.2751,4.237,0.167
across multiple,2,98,4,17.2080,4.236,0.443
memory usage,2,105,4,17.2216,4.236,0.456
many people,2,54,4,17.1442,4.234,0.445
often used,2,89,4,17.0855,4.233,0.303
now use,2,105,4,17.1093,4.233,0.078
query parameter,2,64,3,17.0895,4.233,0.323
integer value,2,99,4,17.0989,4.233,0.282
more advanced,2,93,4,17.0492,4.232,0.415
data flow,2,69,3,17.0580,4.232,0.390
string tag,2,162,2,17.0664,4.232,0.325
local branch,2,65,3,17.0683,4.232,0.397
piece of code,3,56,4,17.0519,4.232,0.399
request object,2,76,3,17.0136,4.231,0.202
search path,2,140,3,16.9882,4.230,0.367
end user,2,110,4,16.9709,4.230,0.303
trait object,2,24,2,16.9597,4.229,0.271
new type,2,69,4,16.9443,4.229,0.105
more readable,2,74,4,16.9256,4.229,0.409
search function,2,29,3,16.9533,4.229,0.269
works on,2,83,4,16.9238,4.228,0.163
input value,2,77,3,16.8955,4.228,0.220
update logic,2,67,2,16.9043,4.228,0.375
current package,2,56,2,16.8646,4.227,0.314
debug mode,2,70,4,16.8629,4.227,0.446
single value,2,76,4,16.8682,4.227,0.195
time object,2,156,2,16.8590,4.227,0.138
want to know,3,59,4,16.8585,4.227,0.280
run this code,3,30,4,16.8323,4.226,0.356
user interface,2,90,4,16.7688,4.225,0.390
involved in,2,96,4,16.7833,4.225,0.262
running cargo,2,31,2,16.7341,4.224,0.261
immutable reference,2,24,3,16.7389,4.224,0.451
go in,2,47,4,16.6943,4.223,0.087
made up,2,45,4,16.6955,4.223,0.359
type checking,2,61,4,16.7128,4.223,0.347
long running,2,77,4,16.7222,4.223,0.381
last line,2,47,4,16.7061,4.223,0.328
want to check,3,51,4,16.7224,4.223,0.259
development environment,2,102,4,16.6864,4.222,0.410
call in,2,81,4,16.6591,4.222,-0.012
precedence over,2,100,3,16.6372,4.221,0.572
provided in,2,108,4,16.6478,4.221,0.085
default implementation,2,46,4,16.6382,4.221,0.287
procedural macro,2,24,2,16.5431,4.219,0.706
remote branch,2,62,3,16.5647,4.219,0.443
other way,2,66,4,16.5061,4.218,0.174
development server,2,79,3,16.4977,4.217,0.362
zero or more,3,105,4,16.4814,4.217,0.537
more detailed,2,87,4,16.4289,4.216,0.432
configuration option,2,74,4,16.3984,4.215,0.246
return null,2,145,3,16.4040,4.215,0.320
git submodule,2,142,2,16.4239,4.215,0.428
file using,2,64,4,16.3870,4.214,0.060
class definition,2,91,3,16.3699,4.214,0.372
local variable,2,79,4,16.3677,4.214,0.315
virtual machine,2,116,3,16.3714,4.214,0.571
error code,2,88,4,16.3635,4.214,0.061
automatically detect,2,59,2,16.2932,4.212,0.538
build cache,2,117,3,16.3077,4.212,0.342
code point,2,137,3,16.2889,4.212,0.201
more useful,2,78,4,16.2776,4.212,0.254
storage driver,2,154,2,16.2900,4.212,0.627
use single,2,54,3,16.2705,4.211,0.139
pip install,2,64,4,16.2682,4.211,0.606
number of times,3,82,4,16.2145,4.210,0.423
dom node,2,145,2,16.1832,4.209,0.466
request context,2,67,3,16.1320,4.208,0.337
power shell,2,63,4,16.1007,4.207,0.639
use on,2,67,4,16.0628,4.206,-0.060
default registry,2,53,3,16.0567,4.206,0.321
script file,2,86,3,16.0684,4.206,0.166
access token,2,124,3,16.0425,4.205,0.423
test client,2,97,2,16.0489,4.205,0.283
enabled in,2,81,4,15.9942,4.204,0.117
better way,2,49,4,15.9601,4.203,0.336
total number,2,102,4,15.9433,4.203,0.476
deprecation warning,2,104,3,15.9490,4.203,0.649
object property,2,72,4,15.9392,4.202,0.217
build tool,2,70,4,15.9002,4.201,0.390
fully qualified,2,64,4,15.8676,4.201,0.788
private key,2,72,4,15.8955,4.201,0.424
left hand,2,127,4,15.8876,4.201,0.573
really want,2,56,4,15.8841,4.201,0.340
map state,2,51,2,15.9030,4.201,0.345
left to right,3,92,4,15.9006,4.201,0.686
object prototype,2,127,2,15.8560,4.200,0.333
raise an exception,3,102,3,15.8557,4.200,0.562
cargo check,2,41,2,15.8167,4.199,0.257
value inside,2,32,4,15.8198,4.199,0.192
good practice,2,65,4,15.7758,4.198,0.550
error handler,2,87,3,15.7862,4.198,0.310
security policy,2,136,2,15.6877,4.196,0.525
code more,2,39,4,15.7052,4.196,0.064
create an instance,3,49,4,15.7216,4.196,0.399
module level,2,97,3,15.6652,4.195,0.310
unhandled exception,2,49,3,15.6505,4.195,0.553
shut down,2,78,4,15.6414,4.194,0.750
api schema,2,48,2,15.6466,4.194,0.362
pointed out,2,44,2,15.6289,4.194,0.556
code below,2,71,4,15.5913,4.193,0.216
call on,2,62,4,15.6024,4.193,0.080
request review,2,23,3,15.5809,4.193,0.473
null value,2,95,4,15.5776,4.193,0.226
unit test,2,61,4,15.5474,4.192,0.391
array prototype,2,104,3,15.5629,4.192,0.413
using python,2,81,4,15.5550,4.192,0.121
doing something,2,45,4,15.5441,4.192,0.427
more time,2,41,4,15.5546,4.192,0.142
web browser,2,74,4,15.5269,4.191,0.431
most important,2,80,4,15.5069,4.191,0.391
above code,2,56,4,15.5230,4.191,0.186
global object,2,101,3,15.5285,4.191,0.271
exception is raised,3,85,3,15.5239,4.191,0.473
probably want,2,64,4,15.4971,4.190,0.338
string type,2,43,4,15.4932,4.190,0.124
work correctly,2,90,4,15.4426,4.189,0.381
same file,2,82,4,15.4369,4.189,0.105
second parameter,2,56,4,15.4243,4.188,0.371
amount of time,3,105,3,15.3929,4.187,0.417
type field,2,54,2,15.3317,4.186,0.180
lower level,2,63,4,15.3511,4.186,0.501
response object,2,64,3,15.3241,4.185,0.239
really need,2,49,4,15.2648,4.184,0.335
css file,2,46,3,15.2794,4.184,0.284
table name,2,107,2,15.2715,4.184,0.219
working in,2,64,4,15.2314,4.183,0.050
access method,2,144,2,15.2502,4.183,0.241
way to write,3,45,4,15.2419,4.183,0.341
please see,2,64,4,15.1904,4.182,0.326
lower case,2,88,4,15.1775,4.181,0.430
prepared statement,2,107,3,15.1645,4.181,0.568
class based,2,127,3,15.1392,4.180,0.301
call the function,3,53,4,15.1193,4.180,0.293
object using,2,110,3,15.0850,4.179,0.062
call stack,2,68,4,15.1140,4.179,0.337
net core,2,47,2,15.1119,4.179,0.541
changed in,2,74,3,15.0414,4.177,0.100
target selection,2,47,2,15.0454,4.177,0.580
object name,2,121,4,15.0166,4.177,0.113
want to look,3,45,4,15.0409,4.177,0.277
consider the following,3,82,4,15.0204,4.177,0.376
come in,2,51,4,14.9878,4.176,0.180
special case,2,82,4,14.9953,4.176,0.350
speed up,2,94,4,14.9712,4.175,0.498
new variable,2,39,4,14.9674,4.175,0.179
print out,2,41,4,14.9394,4.174,0.363
avoid using,2,77,4,14.9421,4.174,0.235
other side,2,92,3,14.9244,4.174,0.294
two separate,2,70,4,14.9112,4.174,0.362
crash report,2,48,2,14.9395,4.174,0.453
add support,2,124,3,14.8828,4.173,0.250
take ownership,2,22,4,14.8951,4.173,0.486
used to specify,3,83,4,14.8999,4.173,0.329
dispatch function,2,58,2,14.8643,4.172,0.278
inner class,2,42,2,14.8683,4.172,0.416
build context,2,127,2,14.8641,4.172,0.296
build target,2,53,3,14.8415,4.171,0.305
application code,2,75,3,14.8111,4.171,0.136
test runner,2,89,4,14.8374,4.171,0.452
file or directory,3,81,4,14.8094,4.171,0.499
input data,2,74,4,14.7930,4.170,0.231
working as expected,3,47,4,14.8080,4.170,0.523
standard python,2,82,3,14.7655,4.169,0.275
character set,2,89,3,14.7247,4.168,0.301
project root,2,63,3,14.7229,4.168,0.357
string data,2,33,3,14.7350,4.168,0.131
works as expected,3,58,3,14.7075,4.168,0.526
more robust,2,72,4,14.6816,4.167,0.492
error exception,2,107,3,14.6621,4.166,0.168
keep going,2,47,4,14.6342,4.165,0.468
long term,2,73,4,14.6084,4.165,0.550
little bit,2,51,4,14.6157,4.165,0.538
share the same,3,83,4,14.6300,4.165,0.378
using the default,3,71,4,14.6225,4.165,0.174
input and output,3,59,4,14.5396,4.163,0.507
many ways,2,56,4,14.5081,4.162,0.411
build process,2,95,3,14.5184,4.162,0.283
git format,2,131,2,14.5053,4.162,0.231
use different,2,73,4,14.5039,4.161,0.085
following table,2,106,3,14.5014,4.161,0.249
csv file,2,83,4,14.4631,4.160,0.431
hub repository,2,82,4,14.4163,4.159,0.410
character class,2,108,3,14.4330,4.159,0.347
run first,2,47,2,14.3829,4.158,0.166
default configuration,2,79,2,14.3980,4.158,0.203
uncaught exception,2,40,2,14.3840,4.158,0.534
machine readable,2,55,4,14.3619,4.157,0.601
async def,2,66,2,14.3712,4.157,0.476
exception object,2,53,2,14.3541,4.157,0.161
react dom,2,118,3,14.3132,4.156,0.425
parent component,2,109,3,14.3174,4.156,0.402
version of python,3,95,4,14.3070,4.156,0.322
like git,2,108,4,14.2730,4.155,0.115
non ascii,2,110,4,14.2852,4.155,0.542
another thread,2,53,3,14.2874,4.155,0.341
child scope,2,39,2,14.2800,4.155,0.446
mailing list,2,89,4,14.2316,4.153,0.589
current database,2,132,3,14.2232,4.153,0.295
root path,2,45,2,14.1750,4.152,0.313
git stash,2,131,2,14.1747,4.152,0.466
content method,2,20,2,14.1900,4.152,0.298
write your own,3,66,4,14.1873,4.152,0.437
getting this error,3,38,2,14.1760,4.152,0.515
much like,2,59,4,14.1535,4.151,0.267
python object,2,110,3,14.1450,4.151,0.138
note that in,3,64,4,14.1471,4.151,0.039
correct way,2,44,3,14.1362,4.150,0.286
token stream,2,23,3,14.1409,4.150,0.520
want to return,3,42,4,14.1326,4.150,0.202
empty array,2,74,3,14.1013,4.149,0.334
once per,2,85,3,14.0855,4.149,0.430
try block,2,61,3,14.0794,4.149,0.343
need to run,3,80,4,14.0944,4.149,0.172
default cargo,2,42,2,14.0587,4.148,0.160
major release,2,65,2,14.0464,4.148,0.498
between different,2,55,4,14.0723,4.148,0.269
data loss,2,96,4,14.0499,4.148,0.472
action payload,2,46,2,14.0581,4.148,0.553
used without,2,60,4,14.0289,4.147,0.172
result set,2,81,3,14.0343,4.147,0.200
right hand side,3,90,4,14.0330,4.147,0.661
use the function,3,46,4,14.0193,4.147,0.126
cargo fix,2,38,2,14.0091,4.146,0.269
file format,2,89,4,13.9780,4.145,0.194
unittest test,2,102,3,13.9744,4.145,0.501
redux saga,2,40,2,13.9362,4.144,0.581
auto default,2,44,3,13.9057,4.143,0.352
within the same,3,84,4,13.9021,4.143,0.254
cached data,2,50,3,13.8671,4.142,0.384
exit status,2,111,4,13.8669,4.142,0.516
manifest file,2,49,3,13.8198,4.141,0.304
installed in,2,87,4,13.8267,4.141,0.085
new branch,2,71,3,13.7930,4.140,0.245
type name,2,75,4,13.8035,4.140,0.099
same scope,2,48,4,13.7901,4.140,0.237
works well,2,65,4,13.8053,4.140,0.354
git remote,2,82,3,13.8175,4.140,0.289
git apply,2,130,2,13.7944,4.140,0.288
const char,2,130,2,13.7944,4.140,0.666
length property,2,122,2,13.7915,4.140,0.406
support is available,3,45,3,13.7888,4.140,0.466
everything works,2,41,3,13.7675,4.139,0.448
come back,2,45,4,13.7767,4.139,0.514
undefined behavior,2,43,4,13.7669,4.139,0.441
get post,2,46,3,13.7830,4.139,0.264
return on,2,119,4,13.7851,4.139,0.066
string default,2,43,2,13.7462,4.138,0.140
multi line,2,69,3,13.7467,4.138,0.411
api app,2,42,2,13.7532,4.138,0.244
dereference operator,2,19,2,13.7249,4.138,0.644
json data,2,51,3,13.6984,4.137,0.199
widely used,2,49,4,13.7235,4.137,0.486
object get,2,108,3,13.7150,4.137,0.113
running docker,2,108,2,13.7174,4.137,0.192
want to test,3,42,4,13.7160,4.137,0.177
run the command,3,62,4,13.7236,4.137,0.264
access control,2,80,3,13.6791,4.136,0.356
non empty,2,86,4,13.6672,4.136,0.383
address in,2,56,4,13.6762,4.136,0.093
foreign data,2,129,2,13.6904,4.136,0.355
git bisect,2,129,2,13.6349,4.135,0.520
method call,2,41,4,13.6371,4.135,0.192
inner function,2,46,4,13.6481,4.135,0.307
line of code,3,43,4,13.6518,4.135,0.368
public key,2,59,4,13.6102,4.134,0.400
main branch,2,61,4,13.6212,4.134,0.377
studio code,2,49,4,13.6092,4.134,0.323
form field,2,92,3,13.5995,4.134,0.312
child process,2,81,3,13.6177,4.134,0.434
variable is set,3,84,4,13.5995,4.134,0.393
visual studio code,3,49,4,13.6092,4.134,0.360
need to call,3,78,4,13.6130,4.134,0.205
temporary directory,2,53,3,13.5721,4.133,0.428
many more,2,50,4,13.5787,4.133,0.200
remote server,2,94,3,13.5866,4.133,0.329
number of parallel,3,50,2,13.5907,4.133,0.496
block of code,3,35,4,13.5794,4.133,0.448
async code,2,32,4,13.5426,4.132,0.189
string representation,2,98,3,13.5609,4.132,0.391
date and time,3,109,3,13.5439,4.132,0.517
exist on,2,77,4,13.5353,4.131,0.208
async await,2,63,3,13.5090,4.131,0.491
build command,2,101,3,13.4843,4.130,0.192
more convenient,2,54,4,13.5027,4.130,0.404
positive integer,2,117,2,13.4912,4.130,0.607
right away,2,52,4,13.4799,4.130,0.548
model class,2,65,3,13.4973,4.130,0.267
cannot find,2,43,3,13.4795,4.130,0.362
try to run,3,41,4,13.4953,4.130,0.307
code above,2,63,3,13.4583,4.129,0.171
full path,2,64,4,13.4331,4.128,0.327
lot more,2,46,4,13.4362,4.128,0.310
local development,2,94,3,13.4189,4.128,0.408
most other,2,67,4,13.4173,4.128,0.202
other ways,2,61,4,13.4185,4.128,0.312
property directly,2,127,2,13.4269,4.128,0.340
request body,2,52,3,13.4138,4.128,0.367
dependency injection,2,40,3,13.3823,4.127,0.592
txt file,2,59,4,13.3590,4.126,0.361
loading state,2,50,2,13.3699,4.126,0.388
catch the exception,3,36,3,13.3598,4.126,0.492
variable declaration,2,50,4,13.3460,4.125,0.397
added support,2,105,3,13.3487,4.125,0.322
server error,2,60,3,13.2537,4.122,0.145
string into,2,65,4,13.2357,4.122,0.161
cache entry,2,53,2,13.2402,4.122,0.460
note in,2,71,4,13.2181,4.121,-0.024
script exception,2,119,2,13.2032,4.121,0.232
following in,2,54,4,13.1919,4.120,-0.043
code get,2,42,3,13.1754,4.120,0.069
see the following,3,56,4,13.1872,4.120,0.163
passing in,2,57,4,13.1375,4.119,0.107
other people,2,38,4,13.1429,4.119,0.322
use the default,3,69,3,13.1385,4.119,0.118
new data,2,66,4,13.0831,4.117,0.092
use strict,2,59,3,13.0918,4.117,0.228
response body,2,42,4,13.0997,4.117,0.412
argument to cargo,3,39,2,13.0843,4.117,0.421
amount of memory,3,70,4,13.0878,4.117,0.496
finally block,2,82,3,13.0580,4.116,0.463
first option,2,42,4,13.0656,4.116,0.173
array element,2,72,3,13.0680,4.116,0.303
api call,2,48,3,13.0546,4.116,0.217
store in,2,42,4,13.0762,4.116,0.013
second line,2,40,4,13.0717,4.116,0.297
month day,2,123,2,13.0665,4.116,0.613
cargo install,2,35,2,13.0347,4.115,0.296
color support,2,42,3,13.0352,4.115,0.409
local machine,2,80,3,12.9598,4.113,0.432
environment see,2,42,2,12.9797,4.113,0.202
cleaning up,2,51,4,12.9687,4.113,0.578
script object,2,60,3,12.9798,4.113,0.153
binary data,2,79,3,12.9644,4.113,0.277
memory safety,2,18,2,12.9836,4.113,0.541
turn off,2,66,4,12.9441,4.112,0.541
new line,2,38,4,12.9431,4.112,0.150
function object,2,92,3,12.9370,4.112,0.048
column name,2,103,2,12.9212,4.111,0.275
property name,2,81,3,12.8961,4.110,0.219
new string,2,77,4,12.8810,4.110,0.123
client code,2,66,3,12.8833,4.110,0.173
rolled back,2,100,2,12.8855,4.110,0.687
release see,2,62,2,12.8511,4.109,0.244
object type,2,101,4,12.8522,4.109,0.067
well known,2,82,3,12.8360,4.108,0.435
installed on,2,64,4,12.8221,4.108,0.175
database connection,2,82,3,12.8347,4.108,0.357
much better,2,47,4,12.8181,4.108,0.430
model validate,2,47,2,12.8371,4.108,0.451
functional programming,2,45,4,12.7865,4.107,0.648
object option,2,40,2,12.7717,4.106,0.122
drop down,2,98,3,12.7623,4.106,0.525
jar file,2,35,2,12.7587,4.106,0.439
installed with rustup,3,38,2,12.7595,4.106,0.712
create your own,3,56,4,12.7625,4.106,0.354
compose yaml file,3,120,2,12.7545,4.106,0.476
place in,2,57,4,12.7304,4.105,0.085
going to use,3,38,4,12.7474,4.105,0.263
want to send,3,38,4,12.7223,4.105,0.315
come up,2,46,4,12.7182,4.104,0.411
last index,2,109,3,12.7148,4.104,0.337
multi stage,2,120,2,12.6990,4.104,0.644
same issue,2,45,2,12.6932,4.104,0.234
hub account,2,40,4,12.6884,4.103,0.511
shell script,2,49,3,12.6814,4.103,0.339
two or more,3,71,4,12.6905,4.103,0.408
trying to run,3,34,4,12.6839,4.103,0.291
default automatically,2,41,2,12.6549,4.102,0.232
built in function,3,75,3,12.6438,4.102,0.250
stable release,2,58,4,12.6164,4.101,0.493
impact on,2,71,4,12.6087,4.101,0.355
wait until,2,58,4,12.6147,4.101,0.545
function prototype,2,74,3,12.6086,4.101,0.280
good reason,2,50,4,12.6078,4.101,0.440
standby server,2,116,2,12.6149,4.101,0.465
non standard,2,88,3,12.5753,4.100,0.335
see the release,3,119,2,12.5950,4.100,0.355
point in time,3,59,4,12.6012,4.100,0.487
more code,2,38,4,12.5546,4.099,0.043
template tag,2,98,3,12.5666,4.099,0.417
use cargo,2,27,2,12.5189,4.098,0.056
first thing,2,41,4,12.5301,4.098,0.342
need to pass,3,63,4,12.5450,4.098,0.260
more flexible,2,59,4,12.4955,4.097,0.454
flask application,2,39,3,12.5024,4.097,0.362
implementation detail,2,67,3,12.4901,4.097,0.492
container using,2,99,2,12.5052,4.097,0.153
way to create,3,60,4,12.5159,4.097,0.249
value of type,3,38,3,12.5137,4.097,0.228
recorded in,2,82,3,12.4766,4.096,0.274
want to remove,3,52,3,12.4810,4.096,0.283
want to read,3,53,4,12.4769,4.096,0.235
auto default automatically,3,39,2,12.4469,4.095,0.664
module name,2,100,4,12.4164,4.094,0.174
docker network,2,114,2,12.4070,4.094,0.256
dependency graph,2,40,3,12.3856,4.093,0.492
especially useful,2,63,4,12.3838,4.093,0.485
error object,2,51,3,12.3746,4.093,0.074
same behavior,2,62,4,12.3698,4.092,0.227
use multiple,2,58,4,12.3664,4.092,0.098
business logic,2,36,3,12.3631,4.092,0.595
run the code,3,27,4,12.3573,4.092,0.223
take effect,2,69,4,12.2950,4.090,0.391
first value,2,40,4,12.3011,4.090,0.098
console log,2,61,3,12.3103,4.090,0.453
first part,2,36,4,12.2964,4.090,0.250
garbage collected,2,80,3,12.2974,4.090,0.750
need to provide,3,67,4,12.2985,4.090,0.277
worked on,2,47,4,12.2618,4.089,0.300
result type,2,49,4,12.2677,4.089,0.156
type alias,2,40,4,12.2707,4.089,0.311
fill in,2,58,4,12.2566,4.088,0.229
module object,2,103,3,12.2575,4.088,0.148
new name,2,67,4,12.2244,4.087,0.104
default false,2,41,2,12.2132,4.087,0.248
store state,2,39,2,12.2261,4.087,0.233
time travel,2,40,3,12.2203,4.087,0.535
running container,2,81,3,12.1805,4.086,0.278
header file,2,56,2,12.1790,4.086,0.266
version of docker,3,104,2,12.1961,4.086,0.259
pattern matching,2,56,4,12.1584,4.085,0.450
pretty much,2,38,4,12.1598,4.085,0.532
add two,2,25,2,12.1604,4.085,0.201
work tree,2,101,2,12.1605,4.085,0.307
index scan,2,109,2,12.1634,4.085,0.473
happen in,2,55,4,12.1362,4.084,0.137
run multiple,2,53,4,12.1228,4.084,0.199
aggregate function,2,90,2,12.1220,4.084,0.358
more likely,2,51,4,12.1105,4.083,0.332
same effect,2,63,4,12.1099,4.083,0.268
found error,2,48,4,12.0959,4.083,0.240
build channel,2,37,2,12.0736,4.082,0.408
open up,2,31,4,12.0738,4.082,0.277
byte offset,2,114,2,12.0751,4.082,0.622
inner scope,2,18,2,12.0698,4.082,0.451
use the operator,3,35,4,12.0838,4.082,0.284
update the state,3,54,3,12.0772,4.082,0.372
connection string,2,75,3,12.0538,4.081,0.285
more general,2,45,4,12.0405,4.081,0.303
id field,2,42,4,12.0288,4.080,0.291
shown below,2,48,4,12.0124,4.080,0.428
next time,2,46,4,12.0294,4.080,0.237
want to call,3,33,4,12.0107,4.080,0.188
beyond the scope,3,33,4,12.0148,4.080,0.582
width and height,3,24,3,11.9939,4.079,0.793
provided value,2,55,3,11.9579,4.078,0.211
old version,2,43,4,11.9646,4.078,0.332
several ways,2,54,4,11.9727,4.078,0.477
implemented on,2,31,4,11.9471,4.077,0.213
able to run,3,46,4,11.9435,4.077,0.268
same output,2,45,4,11.9213,4.076,0.146
ast node,2,38,2,11.9013,4.076,0.448
function id,2,37,3,11.9083,4.076,0.170
master branch,2,58,3,11.8873,4.075,0.539
take precedence,2,63,4,11.8813,4.075,0.530
using node,2,34,3,11.8788,4.075,0.156
api version,2,91,3,11.8930,4.075,0.200
supply chain,2,110,2,11.8800,4.075,0.699
loop body,2,42,3,11.8910,4.075,0.400
please use,2,42,4,11.8517,4.074,0.210
race condition,2,67,4,11.8593,4.074,0.684
return false,2,64,4,11.8528,4.074,0.289
right way,2,34,4,11.8512,4.074,0.285
check in,2,46,4,11.8337,4.073,-0.007
bridge network,2,111,2,11.8187,4.073,0.595
unittest test case,3,84,2,11.8263,4.073,0.583
distinguish between,2,45,4,11.7922,4.072,0.577
other programming,2,29,4,11.7987,4.072,0.319
install docker,2,103,2,11.8158,4.072,0.239
random number,2,39,4,11.7777,4.071,0.412
more appropriate,2,43,4,11.7466,4.070,0.312
protocol version,2,89,3,11.7393,4.070,0.375
way to handle,3,35,4,11.7397,4.070,0.352
try to access,3,27,4,11.7450,4.070,0.364
bad idea,2,41,4,11.7011,4.068,0.587
occur in,2,66,4,11.6986,4.068,0.181
file instead,2,33,4,11.7040,4.068,0.117
want to update,3,47,4,11.6864,4.068,0.219
code block,2,66,4,11.6722,4.067,0.161
last element,2,57,4,11.6764,4.067,0.368
ignore case,2,36,3,11.6631,4.067,0.311
parent module,2,21,3,11.6597,4.067,0.326
get the error,3,31,2,11.6790,4.067,0.254
build cargo,2,32,2,11.6437,4.066,0.187
filled in,2,54,4,11.6531,4.066,0.291
spread syntax,2,84,3,11.6079,4.065,0.531
use something,2,33,4,11.6135,4.065,0.126
remote tracking,2,93,2,11.6050,4.065,0.574
want to write,3,43,4,11.6023,4.065,0.227
custom target,2,37,2,11.5764,4.064,0.347
supported on,2,89,3,11.5752,4.064,0.164
more concise,2,30,4,11.5931,4.064,0.466
template response,2,104,3,11.5879,4.064,0.374
run the application,3,87,3,11.5880,4.064,0.309
source type,2,39,2,11.5636,4.063,0.187
base classes,2,91,3,11.5623,4.063,0.411
smtp connection,2,41,2,11.5507,4.063,0.638
using react,2,54,3,11.5245,4.062,0.128
particular type,2,32,4,11.5235,4.062,0.239
value out,2,26,3,11.5423,4.062,0.125
return the same,3,63,4,11.5256,4.062,0.159
code without,2,45,4,11.5076,4.061,0.104
exception type,2,47,2,11.5194,4.061,0.133
io error,2,16,2,11.5008,4.061,0.301
using in,2,44,4,11.4867,4.060,-0.139
higher order,2,43,3,11.4848,4.060,0.464
live in,2,55,4,11.4672,4.059,0.197
previous run,2,38,2,11.4596,4.059,0.287
use statement,2,16,2,11.4453,4.059,0.136
unsafe block,2,16,2,11.4453,4.059,0.457
convenient way,2,58,4,11.4526,4.059,0.427
git blame,2,108,2,11.4512,4.059,0.499
test summary,2,34,2,11.4602,4.059,0.390
during build,2,48,3,11.4508,4.059,0.286
name syntax,2,40,3,11.4216,4.058,0.218
following output,2,39,4,11.4166,4.058,0.177
message passing,2,19,4,11.3962,4.057,0.380
true or false,3,71,4,11.3895,4.057,0.614
git hub repository,3,53,4,11.4007,4.057,0.414
text file,2,69,4,11.3784,4.056,0.168
previous state,2,60,3,11.3749,4.056,0.302
mentioned above,2,57,3,11.3417,4.055,0.461
private field,2,63,4,11.3603,4.055,0.379
json string,2,49,3,11.3376,4.055,0.211
support in,2,75,4,11.3386,4.055,-0.011
swarm mode,2,90,3,11.3473,4.055,0.483
node type,2,42,3,11.3241,4.054,0.171
log output,2,58,3,11.3359,4.054,0.264
text field,2,63,3,11.3113,4.054,0.270
asynchronous code,2,43,4,11.2956,4.053,0.281
new code,2,57,4,11.2891,4.053,0.033
select box,2,57,3,11.3025,4.053,0.431
git hub account,3,32,4,11.3039,4.053,0.529
way to make,3,42,4,11.3038,4.053,0.256
other type,2,43,4,11.2774,4.052,0.075
sys argv,2,51,3,11.2605,4.052,0.731
line interface,2,58,4,11.2528,4.051,0.341
look into,2,45,3,11.2547,4.051,0.239
command line interface,3,58,4,11.2528,4.051,0.438
starting in,2,42,3,11.2143,4.050,0.097
first word,2,21,4,11.2127,4.050,0.357
list value,2,16,2,11.2245,4.050,0.106
able to access,3,49,4,11.2319,4.050,0.333
getting an error,3,52,2,11.2103,4.050,0.422
test run,2,49,4,11.1991,4.049,0.137
next line,2,41,4,11.1974,4.049,0.256
works like,2,55,4,11.1670,4.048,0.209
three different,2,45,4,11.1758,4.048,0.322
single quote,2,46,4,11.1671,4.048,0.504
raw pointer,2,17,2,11.1591,4.048,0.521
multi platform,2,105,2,11.1392,4.047,0.558
async generator,2,103,2,11.1521,4.047,0.472
field function,2,35,2,11.1477,4.047,0.128
without this flag,3,37,2,11.1348,4.047,0.419
read and write,3,71,4,11.1476,4.047,0.519
request method,2,39,3,11.1231,4.046,0.199
package id,2,34,2,11.0992,4.045,0.290
new directory,2,40,4,11.0806,4.045,0.147
code object,2,68,3,11.1014,4.045,0.020
most commonly,2,51,4,11.0566,4.044,0.483
made available,2,67,4,11.0582,4.044,0.353
like any other,3,67,4,11.0594,4.044,0.303
cargo doc,2,25,2,11.0362,4.043,0.372
request form,2,36,2,11.0308,4.043,0.292
went wrong,2,37,4,11.0392,4.043,0.669
async and await,3,23,4,11.0293,4.043,0.641
summary info,2,35,3,10.9823,4.041,0.562
git show,2,88,3,10.9781,4.041,0.241
new repository,2,37,4,10.9603,4.040,0.205
custom error,2,39,4,10.9643,4.040,0.199
cross origin,2,46,3,10.9714,4.040,0.652
possible to create,3,50,4,10.9526,4.040,0.313
run the program,3,20,4,10.9698,4.040,0.307
trying to get,3,31,2,10.9610,4.040,0.275
web api,2,35,3,10.9305,4.039,0.293
pick up,2,58,3,10.9485,4.039,0.445
value instead,2,52,4,10.9438,4.039,0.101
good way,2,42,4,10.9165,4.038,0.288
given value,2,68,4,10.8859,4.037,0.170
time error,2,25,4,10.8774,4.037,0.099
static type,2,54,4,10.8912,4.037,0.228
control system,2,32,4,10.8569,4.036,0.335
image using,2,81,3,10.8543,4.036,0.139
please help,2,30,2,10.8571,4.036,0.415
used during,2,57,4,10.8462,4.035,0.221
run function,2,22,3,10.8500,4.035,0.064
value is specified,3,102,2,10.8273,4.035,0.335
feature name,2,34,2,10.8228,4.034,0.235
non strict,2,80,3,10.8034,4.034,0.408
upper case,2,62,4,10.8159,4.034,0.463
returned in,2,52,4,10.8036,4.034,0.047
simple test,2,76,4,10.8052,4.034,0.271
argument list,2,96,2,10.8116,4.034,0.229
compose up,2,80,2,10.8058,4.034,0.306
participate in,2,66,3,10.7836,4.033,0.342
line argument,2,51,4,10.7803,4.033,0.228
class instance,2,49,3,10.7862,4.033,0.242
escape sequence,2,75,3,10.7831,4.033,0.561
function instead,2,45,4,10.7925,4.033,0.094
last time,2,44,4,10.7955,4.033,0.251
error response,2,49,3,10.7849,4.033,0.205
trying to create,3,29,4,10.7823,4.033,0.283
saved in,2,46,4,10.7534,4.032,0.204
run git,2,69,4,10.7743,4.032,0.112
current module,2,30,4,10.7600,4.032,0.239
type like,2,25,4,10.7664,4.032,0.059
more difficult,2,42,4,10.7277,4.031,0.366
back up,2,57,4,10.7388,4.031,0.287
string concatenation,2,46,4,10.7283,4.031,0.512
other data,2,62,4,10.7340,4.031,0.082
cross platform,2,54,4,10.7283,4.031,0.595
rand crate,2,15,2,10.7039,4.030,0.575
previous section,2,68,4,10.7206,4.030,0.385
single object,2,68,3,10.7177,4.030,0.167
need to keep,3,39,4,10.7184,4.030,0.283
current thread,2,50,3,10.6816,4.029,0.303
name value,2,66,3,10.6738,4.028,0.061
common pattern,2,39,4,10.6605,4.028,0.331
decimal point,2,85,3,10.6609,4.028,0.484
gitignore file,2,28,4,10.6589,4.028,0.413
official documentation,2,33,4,10.6747,4.028,0.478
derived class,2,66,3,10.6762,4.028,0.439
command line argument,3,50,4,10.6763,4.028,0.324
return an error,3,40,4,10.6640,4.028,0.266
line tool,2,33,4,10.6303,4.027,0.338
behave like,2,58,4,10.6512,4.027,0.393
create react,2,54,3,10.6424,4.027,0.189
command line tool,3,33,4,10.6303,4.027,0.434
important to note,3,43,4,10.6319,4.027,0.457
more easily,2,50,4,10.6208,4.026,0.326
please refer,2,50,3,10.6126,4.026,0.489
post request,2,50,3,10.6126,4.026,0.299
error type,2,27,4,10.5841,4.025,0.053
true default,2,34,2,10.6020,4.025,0.190
interior mutability,2,16,2,10.5871,4.025,0.948
function parameter,2,40,4,10.5740,4.024,0.146
longer supported,2,49,3,10.5617,4.024,0.415
expected output,2,46,4,10.5589,4.024,0.274
better performance,2,61,3,10.5413,4.023,0.411
error log,2,32,4,10.5415,4.023,0.204
correct type,2,40,3,10.5091,4.022,0.193
secret key,2,63,2,10.5260,4.022,0.445
look something,2,40,4,10.5181,4.022,0.317
non exhaustive,2,35,2,10.4852,4.021,0.581
item id,2,35,2,10.4852,4.021,0.363
much faster,2,52,4,10.4940,4.021,0.480
store instance,2,32,2,10.5051,4.021,0.283
docker compose up,3,77,2,10.4939,4.021,0.388
news article,2,15,2,10.4831,4.020,0.735
docker socket,2,98,2,10.4669,4.020,0.328
database manager,2,15,2,10.4831,4.020,0.388
current value,2,73,4,10.4378,4.019,0.138
using the new,3,68,3,10.4401,4.019,0.158
easier to understand,3,41,4,10.4572,4.019,0.516
value pair,2,53,4,10.4315,4.018,0.348
index file,2,88,3,10.4213,4.018,0.148
runtime error,2,51,4,10.4151,4.018,0.245
deeply nested,2,45,3,10.4221,4.018,0.707
initial data,2,74,4,10.4307,4.018,0.274
point of view,3,50,4,10.4234,4.018,0.547
following two,2,52,4,10.4093,4.017,0.188
associated function,2,16,3,10.3914,4.017,0.251
selected package,2,34,2,10.3812,4.016,0.398
get more,2,36,4,10.3814,4.016,0.097
something similar,2,33,4,10.3708,4.016,0.342
byte order,2,87,3,10.3729,4.016,0.431
global state,2,43,3,10.3794,4.016,0.275
wrapper around,2,53,4,10.3508,4.015,0.515
style guide,2,39,3,10.3496,4.015,0.478
first item,2,39,4,10.3615,4.015,0.282
common way,2,41,4,10.3486,4.015,0.249
improve performance,2,58,4,10.3432,4.015,0.512
bind mount,2,97,2,10.3629,4.015,0.618
without new,2,97,2,10.3629,4.015,0.144
ahead of time,3,43,4,10.3596,4.015,0.536
way of doing,3,35,3,10.3563,4.015,0.519
python package,2,56,4,10.3269,4.014,0.208
code works,2,31,4,10.3335,4.014,0.153
new container,2,60,3,10.3287,4.014,0.171
change the value,3,35,4,10.3370,4.014,0.235
more like,2,43,4,10.3065,4.013,0.072
patch release,2,42,3,10.3046,4.013,0.443
new reference,2,64,3,10.2993,4.013,0.161
python script,2,55,3,10.3100,4.013,0.184
raise an error,3,45,3,10.3111,4.013,0.433
option is set,3,46,2,10.3040,4.013,0.330
across different,2,53,4,10.2912,4.012,0.350
match arm,2,15,2,10.2874,4.012,0.465
generic type parameter,3,15,2,10.2874,4.012,0.505
default is false,3,48,2,10.2912,4.012,0.438
specific version,2,51,4,10.2498,4.011,0.234
pay attention,2,60,4,10.2468,4.011,0.825
turned off,2,55,3,10.2492,4.011,0.627
turn on,2,65,4,10.2433,4.010,0.218
two new,2,63,4,10.2310,4.010,0.139
symbolic links,2,83,3,10.2333,4.010,0.712
new commit,2,47,4,10.2253,4.010,0.198
want to set,3,46,4,10.2271,4.010,0.126
helper function,2,71,3,10.1994,4.009,0.322
element type,2,53,3,10.2078,4.009,0.189
high performance,2,39,4,10.2147,4.009,0.501
server using,2,50,4,10.2013,4.009,0.089
weak map,2,87,3,10.2063,4.009,0.567
server start,2,85,3,10.2192,4.009,0.231
achieve the same,3,36,4,10.2119,4.009,0.394
result of calling,3,37,4,10.2172,4.009,0.479
file based,2,49,3,10.1755,4.008,0.177
fine grained,2,62,3,10.1760,4.008,0.743
tell git,2,39,3,10.1751,4.008,0.304
staging area,2,19,3,10.1770,4.008,0.795
sort order,2,63,4,10.1714,4.007,0.420
parent class,2,49,4,10.1569,4.007,0.303
template name,2,69,3,10.1568,4.007,0.239
database table,2,51,3,10.1704,4.007,0.254
common use case,3,46,4,10.1691,4.007,0.501
file extension,2,55,3,10.1370,4.006,0.223
code needs,2,33,4,10.1290,4.006,0.170
continue to work,3,52,4,10.1305,4.006,0.442
order to use,3,38,4,10.1424,4.006,0.204
set an exception,3,88,3,10.1450,4.006,0.273
look something like,3,39,4,10.1378,4.006,0.433
os path,2,67,3,10.1153,4.005,0.321
state update,2,57,3,10.1241,4.005,0.201
existing object,2,51,3,10.1084,4.005,0.210
directory name,2,34,4,10.0956,4.004,0.151
function return,2,44,4,10.1026,4.004,0.091
much less,2,49,4,10.1014,4.004,0.424
version of node,3,29,3,10.0882,4.004,0.342
re running,2,41,4,10.0710,4.003,0.315
switch statement,2,47,3,10.0786,4.003,0.439
data model,2,40,3,10.0675,4.003,0.170
need to explicitly,3,48,4,10.0781,4.003,0.306
need to tell,3,33,4,10.0723,4.003,0.336
current time,2,83,4,10.0416,4.002,0.190
same function,2,53,4,10.0453,4.002,0.048
different version,2,34,4,10.0413,4.002,0.180
cache key,2,51,3,10.0517,4.002,0.315
existing state,2,35,2,10.0435,4.002,0.257
file handle,2,30,3,10.0460,4.002,0.198
none value,2,17,2,10.0537,4.002,0.219
file field,2,72,3,10.0283,4.001,0.133
following line,2,33,4,10.0151,4.001,0.172
pyproject toml,2,37,2,10.0306,4.001,0.731
add another,2,32,4,10.0250,4.001,0.212
test method,2,38,3,10.0273,4.001,0.137
server process,2,83,2,10.0124,4.001,0.238
version control system,3,26,4,10.0122,4.001,0.515
compile time error,3,19,4,10.0327,4.001,0.348
opt out,2,48,4,9.9962,4.000,0.437
blank line,2,60,4,9.9985,4.000,0.450
top right,2,44,4,9.9981,4.000,0.399
react server,2,85,3,9.9984,4.000,0.203
need to check,3,33,4,10.0098,4.000,0.208
until the end,3,45,3,9.9992,4.000,0.436
name field,2,50,4,9.9781,3.999,0.166
shown above,2,64,3,9.9699,3.999,0.376
get current,2,36,3,9.9822,3.999,0.186
now know,2,19,4,9.9813,3.999,0.218
output stream,2,35,3,9.9731,3.999,0.319
commit object,2,80,2,9.9768,3.999,0.185
old value,2,45,3,9.9700,3.999,0.231
amount of data,3,42,4,9.9846,3.999,0.332
try catch block,3,30,3,9.9725,3.999,0.528
test output,2,22,4,9.9573,3.998,0.149
git lab,2,43,4,9.9443,3.998,0.488
impl trait,2,14,2,9.9626,3.998,0.539
start up,2,65,3,9.9641,3.998,0.235
another solution,2,30,4,9.9503,3.998,0.348
switch between,2,49,4,9.9653,3.998,0.408
app store,2,36,4,9.9636,3.998,0.251
rest api,2,51,3,9.9431,3.998,0.359
loop variable,2,21,3,9.9614,3.998,0.269
able to find,3,38,4,9.9479,3.998,0.350
fetching and caching,3,32,2,9.9524,3.998,0.792
new syntax,2,42,4,9.9250,3.997,0.190
directly use,2,79,3,9.9271,3.997,0.118
set timeout,2,45,3,9.9273,3.997,0.372
production ready,2,65,4,9.9365,3.997,0.535
utility function,2,36,3,9.9291,3.997,0.347
specified without,2,88,3,9.9242,3.997,0.231
pop up,2,44,4,9.9397,3.997,0.524
api token,2,31,3,9.9186,3.996,0.331
production environment,2,48,3,9.9074,3.996,0.387
turned on,2,81,3,9.9143,3.996,0.332
slow down,2,40,4,9.9099,3.996,0.538
empty list,2,49,4,9.9098,3.996,0.279
two tables,2,31,3,9.9182,3.996,0.328
shared library,2,66,4,9.8764,3.995,0.381
other value,2,51,4,9.8916,3.995,0.050
import statement,2,61,3,9.8788,3.995,0.332
own custom,2,49,4,9.8753,3.995,0.320
template context,2,67,3,9.8933,3.995,0.347
general purpose,2,55,4,9.8659,3.994,0.539
type checkers,2,41,3,9.8396,3.993,0.517
more recent,2,53,4,9.8508,3.993,0.345
request data,2,26,3,9.8403,3.993,0.150
render template,2,31,2,9.8484,3.993,0.394
post id,2,31,2,9.8484,3.993,0.322
build in,2,27,4,9.8357,3.993,-0.059
generative ai,2,21,2,9.8323,3.993,0.854
struct definition,2,15,2,9.8457,3.993,0.439
left hand side,3,71,4,9.8437,3.993,0.661
text format,2,43,4,9.8069,3.992,0.281
get into,2,27,4,9.8077,3.992,0.126
more or less,3,41,4,9.8169,3.992,0.494
git tag,2,84,3,9.7846,3.991,0.246
comes in,2,41,4,9.7959,3.991,0.127
mime type,2,50,3,9.7860,3.991,0.464
help text,2,69,4,9.8051,3.991,0.306
non root,2,82,3,9.7974,3.991,0.333
reference counting,2,46,3,9.7977,3.991,0.544
read in,2,55,4,9.7812,3.990,-0.015
model field,2,76,3,9.7805,3.990,0.254
docker app,2,86,2,9.7717,3.990,0.146
message format,2,38,3,9.7485,3.989,0.275
configured in,2,63,3,9.7537,3.989,0.107
static analysis,2,30,4,9.7509,3.989,0.518
pass through,2,47,3,9.7467,3.989,0.315
box type,2,14,2,9.7418,3.989,0.276
short circuit,2,42,3,9.7240,3.988,0.724
data property,2,85,2,9.7220,3.988,0.170
using async,2,34,4,9.7346,3.988,0.168
complete list,2,68,3,9.7221,3.988,0.327
shallow equality,2,32,2,9.7316,3.988,0.698
dev environment,2,33,3,9.7269,3.988,0.355
unless otherwise,2,74,4,9.7127,3.987,0.441
outer scope,2,27,4,9.6996,3.987,0.483
parameter list,2,42,4,9.7083,3.987,0.227
second element,2,34,4,9.7054,3.987,0.343
python standard,2,70,2,9.7081,3.987,0.228
like other,2,56,4,9.6989,3.987,0.075
add text,2,30,3,9.7142,3.987,0.216
want to allow,3,32,4,9.7117,3.987,0.236
better to use,3,44,3,9.7136,3.987,0.279
display in,2,40,3,9.6825,3.986,0.067
host port,2,64,3,9.6936,3.986,0.424
first character,2,61,4,9.6871,3.986,0.278
project using,2,29,4,9.6867,3.986,0.128
relationship between,2,37,4,9.6867,3.986,0.529
path parameter,2,30,3,9.6901,3.986,0.230
use the value,3,35,4,9.6733,3.986,0.093
specified the default,3,39,3,9.6872,3.986,0.260
out of range,3,66,3,9.6889,3.986,0.436
point number,2,71,4,9.6520,3.985,0.256
once again,2,32,4,9.6668,3.985,0.363
next state,2,69,3,9.6596,3.985,0.224
existing code,2,49,4,9.6282,3.984,0.166
side rendering,2,55,3,9.6398,3.984,0.464
domain name,2,71,3,9.6467,3.984,0.326
query plan,2,90,2,9.6350,3.984,0.413
much as possible,3,44,4,9.6317,3.984,0.523
match in,2,43,4,9.6218,3.983,-0.000
file object,2,75,3,9.6222,3.983,0.037
run python,2,61,4,9.6065,3.983,0.132
crate type,2,27,2,9.6031,3.982,0.208
enabled on,2,55,3,9.5843,3.982,0.162
parse int,2,52,2,9.6030,3.982,0.486
python program,2,51,4,9.5861,3.982,0.220
data between,2,42,4,9.5985,3.982,0.164
response data,2,32,3,9.5662,3.981,0.194
type boolean,2,36,3,9.5405,3.980,0.276
previous version,2,45,4,9.5453,3.980,0.295
better off,2,35,3,9.5524,3.980,0.435
create custom,2,36,4,9.5511,3.980,0.223
external api,2,36,3,9.5417,3.980,0.327
goes into,2,40,4,9.5225,3.979,0.351
seem like,2,26,4,9.5372,3.979,0.347
shallow copy,2,34,4,9.5360,3.979,0.533
clicking on,2,41,4,9.5208,3.979,0.319
need to get,3,35,4,9.5261,3.979,0.133
prefer to use,3,31,4,9.5296,3.979,0.372
cargo package,2,28,2,9.5113,3.978,0.200
use more,2,46,4,9.5119,3.978,-0.012
add additional,2,51,3,9.5002,3.978,0.263
look in,2,38,4,9.5103,3.978,0.003
disabled by setting,3,34,2,9.4979,3.978,0.610
order to make,3,38,4,9.5103,3.978,0.304
trying to access,3,33,4,9.5138,3.978,0.330
create react app,3,50,3,9.5084,3.978,0.497
backwards incompatible,2,78,3,9.4913,3.977,0.711
need more,2,41,4,9.4863,3.977,0.084
test file,2,33,4,9.4851,3.977,0.080
first create,2,50,4,9.4862,3.977,0.135
default export,2,52,3,9.4932,3.977,0.321
using multiple,2,62,4,9.4897,3.977,0.116
another option,2,41,4,9.4863,3.977,0.200
listening on,2,52,3,9.4944,3.977,0.345
try except,2,44,3,9.4939,3.977,0.368
use get,2,35,3,9.4920,3.977,0.009
error reporting,2,53,3,9.4898,3.977,0.370
thunk function,2,29,2,9.4751,3.977,0.275
like to use,3,32,4,9.4893,3.977,0.107
see more,2,41,4,9.4600,3.976,0.073
more precise,2,46,4,9.4576,3.976,0.424
explicitly set,2,54,4,9.4552,3.976,0.267
going through,2,45,4,9.4606,3.976,0.381
match arms,2,15,2,9.4543,3.976,0.567
different value,2,46,4,9.4313,3.975,0.094
important part,2,25,4,9.4361,3.975,0.358
error out,2,69,3,9.4400,3.975,0.128
date object,2,86,3,9.4399,3.975,0.199
use react,2,52,3,9.4376,3.975,0.065
get the value,3,23,4,9.4502,3.975,0.192
using docker compose,3,62,3,9.4313,3.975,0.280
using the command,3,35,4,9.4455,3.975,0.166
application object,2,37,3,9.4237,3.974,0.131
plain object,2,38,3,9.4178,3.974,0.282
code generation,2,33,3,9.3951,3.973,0.337
file due,2,31,2,9.4067,3.973,0.249
error like,2,31,4,9.3906,3.973,0.057
parameter name,2,34,4,9.3987,3.973,0.183
api reference,2,57,3,9.4061,3.973,0.212
right click,2,35,3,9.3871,3.973,0.434
three times,2,36,4,9.3870,3.973,0.419
strong reference,2,79,3,9.4049,3.973,0.488
note on,2,29,4,9.3771,3.972,0.042
following function,2,58,4,9.3764,3.972,0.077
output file,2,48,4,9.3852,3.972,0.090
first name,2,53,3,9.3775,3.972,0.116
right corner,2,43,4,9.3677,3.972,0.591
limit on,2,53,3,9.3787,3.972,0.204
start transition,2,88,2,9.3715,3.972,0.451
drop method,2,14,3,9.3807,3.972,0.321
function is used,3,62,3,9.3733,3.972,0.187
code to use,3,31,4,9.3671,3.972,0.059
parameter of type,3,26,3,9.3736,3.972,0.413
most popular,2,35,4,9.3636,3.971,0.493
work out,2,44,4,9.3566,3.971,0.193
user account,2,69,3,9.3634,3.971,0.355
many field,2,82,2,9.3558,3.971,0.242
port number,2,66,2,9.3501,3.971,0.323
handled in,2,43,3,9.3320,3.970,0.158
array using,2,51,4,9.3402,3.970,0.097
non default,2,72,4,9.3395,3.970,0.194
order to avoid,3,60,3,9.3319,3.970,0.365
required in,2,47,3,9.3075,3.969,0.038
use app,2,30,2,9.3028,3.969,0.062
click event,2,31,2,9.3030,3.969,0.445
result in different,3,30,2,9.3028,3.969,0.363
override the default,3,52,4,9.3027,3.969,0.384
want to convert,3,25,4,9.3194,3.969,0.325
third argument,2,51,3,9.2794,3.968,0.388
copied into,2,55,4,9.2853,3.968,0.374
data using,2,48,3,9.2993,3.968,0.023
error page,2,32,4,9.2988,3.968,0.175
todo app,2,42,3,9.2811,3.968,0.416
use create,2,50,3,9.2852,3.968,0.016
char field,2,84,2,9.2874,3.968,0.425
unique constraint,2,76,2,9.2845,3.968,0.540
path like,2,46,3,9.2578,3.967,0.119
get in,2,26,4,9.2650,3.967,-0.098
field value,2,53,4,9.2706,3.967,0.115
flag is used,3,44,4,9.2431,3.966,0.349
flag set,2,43,3,9.2198,3.965,0.204
base url,2,59,2,9.2267,3.965,0.347
character classes,2,67,3,9.2308,3.965,0.412
different type,2,27,4,9.2287,3.965,0.105
web app,2,36,4,9.2176,3.965,0.291
front end,2,59,3,9.2291,3.965,0.464
ended up,2,38,4,9.2311,3.965,0.529
browser support,2,26,3,9.2247,3.965,0.308
cleanup function,2,86,2,9.2190,3.965,0.322
output window,2,25,2,9.2318,3.965,0.332
server side rendering,3,51,3,9.2239,3.965,0.580
using type,2,36,3,9.2099,3.964,0.011
data validation,2,29,2,9.1988,3.964,0.246
design pattern,2,23,4,9.1990,3.964,0.438
use them in,3,36,4,9.1942,3.964,0.186
type script code,3,29,2,9.1988,3.964,0.266
way to use,3,35,4,9.2024,3.964,0.105
per line,2,53,4,9.1859,3.963,0.299
implemented using,2,41,4,9.1836,3.963,0.239
common mistake,2,34,4,9.1737,3.963,0.497
find yourself,2,36,4,9.1913,3.963,0.457
target table,2,70,3,9.1578,3.962,0.285
test framework,2,62,3,9.1537,3.962,0.310
per request,2,43,3,9.1655,3.962,0.332
commit in,2,53,4,9.1620,3.962,0.004
effect event,2,86,2,9.1635,3.962,0.388
use the command,3,33,4,9.1528,3.962,0.120
need to handle,3,33,4,9.1557,3.962,0.252
git index,2,57,3,9.1322,3.961,0.166
input type,2,39,3,9.1369,3.961,0.168
warning in,2,49,3,9.1281,3.960,0.069
data inside,2,18,4,9.1248,3.960,0.160
same order,2,57,4,9.1100,3.960,0.181
run cargo build,3,14,2,9.1295,3.960,0.439
console output,2,29,3,9.0938,3.959,0.327
stable version,2,25,4,9.1055,3.959,0.362
work together,2,30,4,9.0937,3.959,0.325
current app,2,36,3,9.0989,3.959,0.231
more control,2,46,4,9.1007,3.959,0.217
more important,2,53,4,9.1065,3.959,0.237
go out,2,25,4,9.1096,3.959,0.282
try running,2,19,3,9.0938,3.959,0.257
image name,2,69,2,9.1093,3.959,0.171
much space,2,19,3,9.0938,3.959,0.421
check to see,3,37,4,9.0996,3.959,0.343
team member,2,30,2,9.0819,3.958,0.493
runtime performance,2,17,4,9.0804,3.958,0.401
path segment,2,30,2,9.0819,3.958,0.470
api key,2,73,3,9.0865,3.958,0.206
package json file,3,35,3,9.0516,3.957,0.387
want to include,3,36,4,9.0511,3.957,0.234
needs to know,3,31,4,9.0616,3.957,0.357
code will print,3,17,3,9.0553,3.957,0.375
most people,2,32,4,9.0266,3.956,0.360
specific type,2,30,4,9.0341,3.956,0.154
local storage,2,47,3,9.0312,3.956,0.411
floating point number,3,65,4,9.0281,3.956,0.439
rust program,2,17,3,9.0249,3.955,0.247
generic parameter,2,16,3,9.0015,3.954,0.349
coding style,2,37,4,8.9885,3.954,0.588
assert macro,2,13,2,9.0004,3.954,0.491
value back,2,31,2,8.9651,3.953,0.179
written using,2,40,4,8.9686,3.953,0.195
page title,2,14,4,8.9642,3.953,0.470
more often,2,45,4,8.9675,3.953,0.234
repository on git,3,19,4,8.9828,3.953,0.506
put it in,3,32,4,8.9670,3.953,0.282
need to include,3,43,4,8.9763,3.953,0.238
running git,2,68,3,8.9498,3.952,0.161
source control,2,29,4,8.9577,3.952,0.331
line break,2,41,3,8.9599,3.952,0.345
drop in,2,50,4,8.9598,3.952,0.102
init method,2,58,3,8.9574,3.952,0.336
standard way,2,33,3,8.9559,3.952,0.219
react dev,2,58,3,8.9574,3.952,0.327
relevant git,2,84,2,8.9556,3.952,0.328
like to know,3,26,3,8.9484,3.952,0.297
relevant git hub,3,84,2,8.9556,3.952,0.517
test harness,2,31,3,8.9400,3.951,0.495
continuous integration,2,41,4,8.9324,3.951,0.704
more powerful,2,38,4,8.9272,3.951,0.374
comment out,2,45,3,8.9342,3.951,0.335
redux action,2,28,3,8.9295,3.951,0.253
bare repository,2,70,2,8.9370,3.951,0.539
currently using,2,36,4,8.9109,3.950,0.209
get around,2,28,4,8.9133,3.950,0.258
heap data,2,13,2,8.9157,3.950,0.319
method defined,2,23,4,8.9016,3.949,0.201
want to ignore,3,23,4,8.8934,3.949,0.268
easy to use,3,44,3,8.8833,3.949,0.241
new table,2,67,4,8.8750,3.948,0.149
false otherwise,2,81,2,8.8644,3.948,0.372
user experience,2,55,3,8.8675,3.948,0.401
development mode,2,46,3,8.8705,3.948,0.354
round trip,2,46,3,8.8692,3.948,0.844
key value pair,3,45,4,8.8816,3.948,0.600
new operator,2,57,3,8.8534,3.947,0.213
error value,2,21,4,8.8589,3.947,0.024
focused on,2,45,4,8.8512,3.947,0.379
domain socket,2,83,2,8.8516,3.947,0.552
following command in,3,67,3,8.8459,3.947,0.177
take some time,3,36,4,8.8582,3.947,0.521
non existent,2,53,3,8.8261,3.946,0.643
unit testing,2,34,3,8.8402,3.946,0.482
hash function,2,62,3,8.8272,3.946,0.232
file by default,3,30,3,8.8360,3.946,0.162
order to get,3,40,4,8.8296,3.946,0.290
class attribute,2,64,3,8.8090,3.945,0.273
single function,2,34,4,8.8156,3.945,0.123
static data,2,54,3,8.8202,3.945,0.217
virtual memory,2,29,2,8.8187,3.945,0.405
argument type,2,41,3,8.7910,3.944,0.138
inside the function,3,29,4,8.7993,3.944,0.224
throwing an exception,3,26,2,8.7831,3.944,0.541
git worktree,2,78,2,8.7733,3.943,0.409
own code,2,40,4,8.7741,3.943,0.134
final result,2,42,4,8.7601,3.943,0.373
function using,2,41,4,8.7724,3.943,-0.012
login page,2,35,3,8.7753,3.943,0.443
positional argument,2,70,3,8.7704,3.943,0.501
database cluster,2,79,2,8.7675,3.943,0.436
reference cycle,2,23,2,8.7655,3.943,0.452
start using,2,39,4,8.7589,3.942,0.127
well defined,2,45,4,8.7402,3.942,0.283
input string,2,64,3,8.7547,3.942,0.207
prior state,2,29,2,8.7571,3.942,0.384
symbolic link,2,70,3,8.7453,3.942,0.624
fix the problem,3,29,4,8.7410,3.942,0.369
much time,2,57,4,8.7197,3.941,0.242
string instead,2,48,4,8.7268,3.941,0.135
typed dict,2,32,3,8.7384,3.941,0.542
use ref,2,56,4,8.7296,3.941,0.176
server rendering,2,69,3,8.7220,3.941,0.338
fetch data,2,43,3,8.7226,3.941,0.243
crash reporting,2,26,3,8.7264,3.941,0.489
personal access,2,68,2,8.7290,3.941,0.497
primary server,2,76,2,8.7319,3.941,0.344
read data,2,25,4,8.7128,3.940,0.152
actual data,2,37,4,8.7163,3.940,0.253
like to see,3,29,3,8.7065,3.940,0.245
function to create,3,23,4,8.7059,3.940,0.162
minor release,2,41,2,8.6800,3.939,0.481
second time,2,41,4,8.6865,3.939,0.225
temporary file,2,62,4,8.6858,3.939,0.289
ran into,2,23,2,8.6920,3.939,0.412
web view,2,23,2,8.6920,3.939,0.332
current element,2,73,2,8.6963,3.939,0.281
single command,2,44,4,8.6678,3.938,0.190
app using,2,34,3,8.6737,3.938,0.099
reflected in,2,47,4,8.6730,3.938,0.298
mac docker,2,78,2,8.6635,3.938,0.261
prototype property,2,81,2,8.6436,3.937,0.380
python type,2,36,3,8.6572,3.937,0.084
input output,2,33,4,8.6573,3.937,0.224
test class,2,37,3,8.6514,3.937,0.150
iterator object,2,81,2,8.6436,3.937,0.236
module graph,2,28,2,8.6531,3.937,0.365
src directory,2,19,3,8.6206,3.936,0.351
several other,2,38,4,8.6205,3.936,0.249
noted in,2,30,4,8.6200,3.936,0.221
user guide,2,33,3,8.6216,3.936,0.327
first call,2,51,4,8.6210,3.936,0.151
sys stdout,2,48,3,8.6356,3.936,0.610
glob pattern,2,36,2,8.6017,3.935,0.455
developer experience,2,30,3,8.6152,3.935,0.612
new release,2,37,4,8.6012,3.935,0.195
numeric value,2,62,3,8.6023,3.935,0.296
import error,2,52,3,8.6123,3.935,0.179
function pointer,2,30,3,8.6019,3.935,0.214
time using,2,43,4,8.5930,3.934,0.047
service vulnerability,2,80,2,8.5951,3.934,0.537
ipv address,2,80,2,8.5951,3.934,0.537
spring boot,2,64,2,8.5894,3.934,0.846
valid value,2,23,3,8.5961,3.934,0.183
large object,2,80,2,8.5951,3.934,0.246
back and forth,3,30,4,8.5966,3.934,0.676
way to tell,3,34,4,8.5972,3.934,0.393
more work,2,28,4,8.5802,3.933,0.116
present on,2,50,3,8.5696,3.933,0.186
extra data,2,40,3,8.5772,3.933,0.217
class object,2,49,3,8.5767,3.933,0.105
defined using,2,49,3,8.5783,3.933,0.131
insertion order,2,51,3,8.5626,3.933,0.530
app crash,2,24,2,8.5751,3.933,0.256
external code,2,15,2,8.5710,3.933,0.206
man page,2,48,4,8.5574,3.932,0.555
latest release,2,61,3,8.5526,3.932,0.403
need to implement,3,30,4,8.5464,3.932,0.257
simple way,2,34,4,8.5376,3.931,0.254
same version,2,31,4,8.5312,3.931,0.118
template engine,2,48,2,8.5245,3.931,0.438
reference for more,3,37,3,8.5404,3.931,0.287
side note,2,24,3,8.5196,3.930,0.287
actual value,2,30,4,8.4868,3.929,0.225
trade off,2,31,4,8.4838,3.929,0.649
future version,2,57,3,8.4673,3.928,0.265
err variant,2,12,2,8.4798,3.928,0.583
host name,2,70,3,8.4690,3.928,0.225
output buffering,2,23,2,8.4711,3.928,0.520
solve the problem,3,24,3,8.4641,3.928,0.523
match the pattern,3,44,4,8.4802,3.928,0.421
need to worry,3,37,4,8.4675,3.928,0.447
seem to work,3,23,2,8.4711,3.928,0.432
match on,2,19,4,8.4553,3.927,0.082
session cookie,2,42,3,8.4545,3.927,0.551
image size,2,68,2,8.4527,3.927,0.304
boolean default,2,28,2,8.4323,3.926,0.289
data source,2,63,3,8.4299,3.926,0.166
message id,2,45,2,8.4334,3.926,0.268
line comment,2,28,2,8.4323,3.926,0.312
new exception,2,38,3,8.4272,3.926,0.119
return none,2,40,3,8.4253,3.926,0.284
state machine,2,17,4,8.4430,3.926,0.296
app component,2,53,3,8.4399,3.926,0.247
json format,2,39,3,8.4189,3.925,0.261
world program,2,14,3,8.4074,3.925,0.408
path prefix,2,30,2,8.4194,3.925,0.340
additional data,2,43,4,8.4224,3.925,0.202
used directly,2,53,4,8.4124,3.925,0.178
call expression,2,28,3,8.4072,3.925,0.234
original error,2,41,3,8.4073,3.925,0.230
object method,2,31,3,8.4136,3.925,0.076
restart docker,2,73,2,8.4199,3.925,0.311
mock object,2,23,3,8.4044,3.925,0.329
want to work,3,34,4,8.4055,3.925,0.153
function without,2,41,4,8.3850,3.924,0.088
returned value,2,43,4,8.3973,3.924,0.177
get help,2,24,4,8.3933,3.924,0.208
exception message,2,25,2,8.4028,3.924,0.215
file sharing,2,78,2,8.3872,3.924,0.353
need to take,3,34,4,8.4015,3.924,0.229
setting in,2,47,3,8.3675,3.923,0.008
factory function,2,38,3,8.3692,3.923,0.322
json stringify,2,45,3,8.3803,3.923,0.591
memory error,2,30,2,8.3700,3.923,0.170
code duplication,2,24,4,8.3588,3.922,0.374
use callback,2,74,2,8.3574,3.922,0.172
reference type,2,25,3,8.3472,3.922,0.124
directory structure,2,37,3,8.3536,3.922,0.304
background color,2,30,3,8.3478,3.922,0.519
set the default,3,50,3,8.3476,3.922,0.165
false by default,3,31,3,8.3581,3.922,0.318
issue tracker,2,35,3,8.3336,3.921,0.564
opt level,2,18,2,8.3460,3.921,0.466
run without,2,49,4,8.3295,3.921,0.143
writing code,2,34,4,8.3459,3.921,0.169
method instead,2,47,4,8.3424,3.921,0.136
internal state,2,56,4,8.3382,3.921,0.291
git version,2,35,2,8.3372,3.921,0.116
within the container,3,59,2,8.3458,3.921,0.356
bug report,2,39,3,8.3091,3.920,0.434
take into,2,37,3,8.3220,3.920,0.218
current version,2,46,3,8.3190,3.920,0.195
try out,2,30,4,8.3202,3.920,0.228
inserted into,2,59,4,8.3195,3.920,0.395
render function,2,30,3,8.3108,3.920,0.188
context object,2,41,3,8.2938,3.919,0.166
making sure,2,44,4,8.3055,3.919,0.390
possible to write,3,41,4,8.3003,3.919,0.345
lot of time,3,26,4,8.2917,3.919,0.314
error is thrown,3,67,3,8.2932,3.919,0.380
appear on,2,53,3,8.2734,3.918,0.178
something different,2,24,4,8.2794,3.918,0.229
function defined,2,32,4,8.2864,3.918,0.128
above command,2,27,4,8.2566,3.917,0.204
shared across,2,56,2,8.2523,3.917,0.465
get request,2,35,4,8.2583,3.917,0.159
existing data,2,51,4,8.2599,3.917,0.194
good thing,2,26,4,8.2596,3.917,0.419
add method,2,25,3,8.2514,3.917,0.128
implementation defined,2,37,2,8.2689,3.917,0.309
build and run,3,46,4,8.2676,3.917,0.377
need to modify,3,30,4,8.2606,3.917,0.312
current scope,2,30,4,8.2367,3.916,0.263
way around,2,32,3,8.2461,3.916,0.270
similar way,2,37,4,8.2495,3.916,0.239
works great,2,24,3,8.2420,3.916,0.447
want to handle,3,26,4,8.2321,3.916,0.237
dry run,2,51,3,8.2307,3.915,0.514
toml file in,3,26,2,8.2243,3.915,0.200
want to take,3,17,4,8.2181,3.915,0.222
hot reloading,2,30,3,8.1998,3.914,0.798
like below,2,23,2,8.1948,3.914,0.196
used to define,3,47,3,8.2009,3.914,0.289
other non,2,38,4,8.1788,3.913,0.180
extra information,2,32,4,8.1911,3.913,0.298
object rest,2,25,2,8.1759,3.913,0.266
chat room,2,74,3,8.1920,3.913,0.740
calling the function,3,21,4,8.1924,3.913,0.316
return an empty,3,33,4,8.1905,3.913,0.343
now available,2,62,3,8.1594,3.912,0.189
special value,2,31,4,8.1730,3.912,0.199
use other,2,31,4,8.1730,3.912,-0.017
single element,2,49,4,8.1630,3.912,0.281
option set,2,34,2,8.1729,3.912,0.102
true allow,2,27,3,8.1630,3.912,0.279
test code,2,23,4,8.1742,3.912,0.037
call use,2,68,2,8.1751,3.912,0.031
need to manually,3,44,3,8.1641,3.912,0.307
solve this problem,3,31,4,8.1713,3.912,0.534
boilerplate code,2,26,4,8.1514,3.911,0.379
python function,2,63,3,8.1536,3.911,0.060
read line,2,21,3,8.1409,3.911,0.202
weak reference,2,39,3,8.1560,3.911,0.443
human consumption,2,31,3,8.1373,3.910,0.718
instance method,2,50,3,8.1267,3.910,0.184
expected in,2,34,3,8.1222,3.910,0.020
state management,2,31,3,8.1373,3.910,0.340
during rendering,2,76,2,8.1237,3.910,0.419
run this command,3,30,4,8.1298,3.910,0.328
more complete,2,39,4,8.1175,3.909,0.254
enum variant,2,16,2,8.1129,3.909,0.515
walk through,2,22,4,8.1047,3.909,0.544
several times,2,40,4,8.1116,3.909,0.406
dot notation,2,32,4,8.1157,3.909,0.677
last value,2,48,4,8.1186,3.909,0.165
new class,2,52,3,8.1151,3.909,0.111
loaded into,2,52,3,8.1151,3.909,0.334
last commit,2,21,4,8.1007,3.909,0.317
arbitrary code,2,46,4,8.1063,3.909,0.263
work like,2,25,3,8.1042,3.909,0.108
want to pass,3,33,4,8.1017,3.909,0.208
rather than using,3,30,4,8.1035,3.909,0.173
background thread,2,22,2,8.0896,3.908,0.434
single threaded,2,27,3,8.0983,3.908,0.496
exception thrown,2,22,2,8.0908,3.908,0.343
want to specify,3,30,3,8.0888,3.908,0.219
std env,2,12,2,8.0633,3.907,0.543
code base,2,34,3,8.0655,3.907,0.145
linked list,2,27,4,8.0638,3.907,0.418
literal string,2,51,3,8.0654,3.907,0.298
current transaction,2,67,2,8.0723,3.907,0.358
git init,2,52,3,8.0637,3.907,0.305
type text,2,49,4,8.0532,3.906,0.137
exactly like,2,32,4,8.0614,3.906,0.248
event listener,2,44,3,8.0567,3.906,0.523
per day,2,24,3,8.0627,3.906,0.472
able to see,3,27,4,8.0597,3.906,0.211
say we want,3,18,4,8.0457,3.906,0.423
logging in,2,46,3,8.0427,3.905,0.099
twice once,2,29,3,8.0403,3.905,0.458
drop function,2,16,2,8.0376,3.905,0.238
want to implement,3,27,4,8.0387,3.905,0.246
server url,2,66,3,8.0227,3.904,0.241
maximum value,2,34,3,8.0194,3.904,0.263
using instead,2,24,2,8.0224,3.904,0.065
output directory,2,31,4,8.0036,3.903,0.159
right thing,2,34,4,7.9890,3.902,0.403
component tree,2,47,2,7.9789,3.902,0.316
state field,2,17,3,7.9709,3.902,0.167
host docker,2,74,2,7.9712,3.902,0.205
want to enforce,3,26,3,7.9784,3.902,0.347
custom parser,2,25,3,7.9550,3.901,0.387
property descriptor,2,49,3,7.9672,3.901,0.458
content length,2,37,4,7.9638,3.901,0.388
client component,2,68,2,7.9543,3.901,0.287
different name,2,34,4,7.9376,3.900,0.120
single argument,2,54,3,7.9345,3.900,0.242
never use,2,27,3,7.9458,3.900,0.125
option value,2,29,3,7.9440,3.900,0.058
more data,2,32,4,7.9463,3.900,0.046
set value,2,28,4,7.9510,3.900,0.033
another reason,2,40,4,7.9463,3.900,0.317
take precedence over,3,44,3,7.9433,3.900,0.591
works the same,3,32,4,7.9451,3.900,0.195
code to run,3,21,4,7.9411,3.900,0.152
make it work,3,27,3,7.9470,3.900,0.344
write out,2,36,4,7.9247,3.899,0.215
path environment,2,34,4,7.9282,3.899,0.202
using standard,2,44,4,7.9182,3.899,0.129
user object,2,38,3,7.9276,3.899,0.091
day period,2,21,2,7.9201,3.899,0.618
list comprehension,2,31,2,7.9213,3.899,0.542
way to achieve,3,22,4,7.9284,3.899,0.424
waiting on,2,33,4,7.9089,3.898,0.244
following configuration,2,41,3,7.9077,3.898,0.179
under test,2,25,4,7.9101,3.898,0.264
make up,2,34,4,7.9072,3.898,0.157
reference identity,2,25,2,7.8995,3.898,0.416
root user,2,68,2,7.9000,3.898,0.242
like cargo,2,23,2,7.8873,3.897,0.091
cargo update,2,23,2,7.8873,3.897,0.182
shared between,2,54,3,7.8802,3.897,0.347
file size,2,54,3,7.8802,3.897,0.183
type rather,2,16,4,7.8974,3.897,0.174
need in,2,28,4,7.8914,3.897,-0.114
text input,2,44,3,7.8902,3.897,0.272
receiving end,2,39,2,7.8797,3.897,0.492
more verbose,2,28,4,7.8622,3.896,0.299
execution time,2,48,3,7.8645,3.896,0.273
key error,2,39,3,7.8674,3.896,0.126
materialized view,2,73,2,7.8672,3.896,0.602
admin console,2,73,2,7.8672,3.896,0.486
need to support,3,29,3,7.8762,3.896,0.183
function or method,3,23,4,7.8728,3.896,0.393
props and state,3,63,3,7.8772,3.896,0.503
set explicitly,2,31,2,7.8609,3.895,0.247
evaluated in,2,54,4,7.8539,3.895,0.150
rest spread,2,24,2,7.8510,3.895,0.586
flask app,2,25,3,7.8452,3.895,0.310
user email,2,46,4,7.8551,3.895,0.297
multi threaded,2,41,2,7.8558,3.895,0.638
out of sync,3,37,4,7.8593,3.895,0.497
naming convention,2,31,4,7.8411,3.894,0.663
often need,2,32,4,7.8353,3.894,0.236
process env,2,26,3,7.8382,3.894,0.378
custom exception,2,28,3,7.8290,3.894,0.234
current session,2,60,3,7.8416,3.894,0.332
post data,2,44,3,7.8335,3.894,0.177
list view,2,43,3,7.8417,3.894,0.225
turned into,2,50,4,7.8253,3.894,0.427
converted into,2,38,4,7.8218,3.893,0.341
please check,2,23,4,7.8091,3.893,0.335
working fine,2,22,2,7.8145,3.893,0.396
something wrong,2,22,2,7.8145,3.893,0.377
space between,2,29,4,7.7956,3.892,0.346
double quote,2,46,4,7.7967,3.892,0.596
get method,2,38,3,7.8008,3.892,0.101
custom type,2,37,4,7.8026,3.892,0.155
current date,2,57,3,7.8060,3.892,0.281
true and false,3,37,4,7.8038,3.892,0.558
default none,2,26,2,7.7827,3.891,0.232
minor version,2,45,3,7.7721,3.891,0.380
new option,2,43,3,7.7850,3.891,0.085
whenever possible,2,35,3,7.7821,3.891,0.389
more flexibility,2,37,4,7.7734,3.891,0.394
type such,2,33,4,7.7740,3.891,0.084
same exception,2,26,3,7.7875,3.891,0.123
diff output,2,53,3,7.7762,3.891,0.296
component re,2,51,3,7.7879,3.891,0.313
state action,2,26,2,7.7827,3.891,0.199
given the default,3,26,2,7.7827,3.891,0.264
make it more,3,37,4,7.7734,3.891,0.284
easier to write,3,32,4,7.7798,3.891,0.386
await using,2,45,2,7.7709,3.890,0.252
detailed information,2,56,3,7.7563,3.890,0.420
value using,2,39,4,7.7646,3.890,-0.017
rust language,2,13,3,7.7507,3.889,0.271
pub use,2,11,2,7.7385,3.889,0.282
script engine,2,49,3,7.7464,3.889,0.341
goes wrong,2,20,4,7.7525,3.889,0.503
path relative,2,29,4,7.7442,3.889,0.321
work fine,2,25,3,7.7391,3.889,0.331
following exception,2,24,2,7.7461,3.889,0.157
used to store,3,42,4,7.7406,3.889,0.264
important to understand,3,38,4,7.7412,3.889,0.475
iso format,2,35,3,7.7278,3.888,0.458
zip file,2,52,3,7.7277,3.888,0.390
trigger function,2,61,3,7.7236,3.888,0.262
self signed,2,34,3,7.7349,3.888,0.542
row count,2,45,2,7.7191,3.888,0.426
new command,2,35,4,7.7056,3.887,0.081
during execution,2,34,4,7.7086,3.887,0.386
error instead,2,39,4,7.7050,3.887,0.091
use custom,2,39,3,7.7009,3.887,0.092
same reason,2,27,4,7.7040,3.887,0.231
error cannot,2,30,3,7.7063,3.887,0.170
memory leak,2,42,4,7.7126,3.887,0.527
handling code,2,22,4,7.7145,3.887,0.189
detailed explanation,2,36,4,7.6957,3.886,0.651
stay in,2,29,4,7.6887,3.886,0.217
handler function,2,57,2,7.6938,3.886,0.201
management command,2,66,2,7.6920,3.886,0.330
null reference,2,20,3,7.6912,3.886,0.267
easier to use,3,34,4,7.6863,3.886,0.209
longer used,2,45,4,7.6664,3.885,0.210
data set,2,23,4,7.6783,3.885,0.054
block comment,2,25,2,7.6787,3.885,0.371
big endian,2,69,3,7.6721,3.885,0.698
value provided,2,44,2,7.6669,3.885,0.165
failing test,2,19,4,7.6724,3.885,0.394
hello world program,3,13,3,7.6660,3.885,0.494
use the latest,3,34,4,7.6822,3.885,0.199
release mode,2,23,4,7.6491,3.884,0.299
first match,2,34,4,7.6571,3.884,0.197
execution context,2,45,3,7.6635,3.884,0.367
set to null,3,64,3,7.6494,3.884,0.357
run test,2,31,2,7.6401,3.883,0.100
new configuration,2,49,3,7.6354,3.883,0.129
empty line,2,33,3,7.6297,3.883,0.249
internal server,2,31,3,7.6413,3.883,0.297
level code,2,28,4,7.6455,3.883,0.116
start and end,3,46,4,7.6302,3.883,0.548
know exactly,2,20,4,7.6122,3.882,0.352
function keyword,2,33,2,7.6272,3.882,0.199
object like,2,34,3,7.6226,3.882,0.034
add on,2,47,4,7.6244,3.882,0.001
code associated,2,12,2,7.6216,3.882,0.205
container id,2,60,2,7.6208,3.882,0.255
first parent,2,68,2,7.6236,3.882,0.249
target object,2,68,2,7.6236,3.882,0.166
need to import,3,29,4,7.6291,3.882,0.217
source repository,2,55,3,7.5968,3.881,0.282
same pattern,2,28,4,7.6098,3.881,0.176
used internally,2,46,3,7.5998,3.881,0.318
much simpler,2,24,4,7.6116,3.881,0.522
value is set,3,49,4,7.6103,3.881,0.231
re export,2,19,3,7.5917,3.880,0.436
array index,2,54,4,7.5788,3.880,0.203
same logic,2,25,4,7.5795,3.880,0.204
running python,2,48,4,7.5922,3.880,0.175
non blocking,2,64,3,7.5939,3.880,0.490
roll back,2,49,2,7.5823,3.880,0.597
want to consider,3,32,3,7.5800,3.880,0.280
set the value,3,37,4,7.5829,3.880,0.161
output type,2,22,4,7.5743,3.879,0.073
same syntax,2,42,4,7.5753,3.879,0.174
use reducer,2,58,2,7.5769,3.879,0.137
env usage,2,24,2,7.5747,3.879,0.451
state shape,2,24,2,7.5747,3.879,0.421
most often,2,34,3,7.5736,3.879,0.305
unique identifier,2,36,4,7.5596,3.878,0.468
column number,2,37,3,7.5472,3.878,0.263
function inside,2,37,4,7.5525,3.878,0.111
docker internal,2,70,2,7.5553,3.878,0.244
unique name,2,35,3,7.5391,3.877,0.265
used within,2,51,4,7.5419,3.877,0.168
optional chaining,2,48,3,7.5314,3.877,0.625
shutting down,2,27,4,7.5374,3.877,0.708
empty value,2,45,4,7.5262,3.877,0.167
making it easier,3,41,4,7.5309,3.877,0.557
object rest spread,3,23,2,7.5262,3.877,0.509
number of days,3,61,3,7.5331,3.877,0.438
dev profile,2,22,3,7.5122,3.876,0.458
anonymous function,2,29,4,7.5205,3.876,0.324
non negative,2,60,3,7.5098,3.876,0.431
key constraint,2,59,2,7.5168,3.876,0.389
unexpected behavior,2,36,3,7.4988,3.875,0.460
build output,2,44,3,7.5028,3.875,0.143
missing something,2,20,2,7.4955,3.875,0.372
original array,2,52,3,7.5069,3.875,0.291
application json,2,29,3,7.4876,3.874,0.216
type conversion,2,47,3,7.4842,3.874,0.298
wish to use,3,34,4,7.4865,3.874,0.273
stdout and stderr,3,38,3,7.4871,3.874,0.793
used to implement,3,63,3,7.4899,3.874,0.280
readable text,2,25,2,7.4579,3.873,0.412
time spent,2,67,3,7.4642,3.873,0.457
move on,2,23,4,7.4562,3.873,0.144
works correctly,2,33,3,7.4644,3.873,0.363
new database,2,50,4,7.4683,3.873,0.133
deep copy,2,21,4,7.4703,3.873,0.507
sample application,2,67,3,7.4642,3.873,0.379
boolean indicating,2,55,3,7.4607,3.873,0.584
git command,2,39,3,7.4562,3.873,0.089
human readable text,3,25,2,7.4579,3.873,0.526
need to access,3,33,3,7.4631,3.873,0.179
simple test case,3,67,3,7.4642,3.873,0.510
take up,2,28,4,7.4498,3.872,0.230
tag name,2,44,3,7.4485,3.872,0.218
python module,2,52,3,7.4514,3.872,0.152
todo list,2,44,3,7.4473,3.872,0.367
child component,2,43,3,7.4556,3.872,0.363
work through,2,20,3,7.4551,3.872,0.227
new image,2,53,2,7.4456,3.872,0.138
docker extension,2,69,2,7.4513,3.872,0.211
conditional expression,2,29,4,7.4387,3.871,0.472
specific data,2,38,3,7.4304,3.871,0.146
shell command,2,38,3,7.4369,3.871,0.247
pointer exception,2,21,2,7.4341,3.871,0.297
temporary object,2,29,2,7.4370,3.871,0.282
show up in,3,30,3,7.4275,3.871,0.236
way to go,3,21,2,7.4341,3.871,0.311
future release,2,57,3,7.4186,3.870,0.338
directly inside,2,32,3,7.4135,3.870,0.269
see section,2,50,3,7.4087,3.870,0.174
using on,2,29,3,7.4148,3.870,-0.079
enough information,2,28,4,7.3943,3.869,0.346
protect against,2,43,3,7.3988,3.869,0.592
module system,2,20,4,7.3955,3.869,0.206
used together,2,53,3,7.3888,3.869,0.241
track down,2,15,3,7.3991,3.869,0.472
unique id,2,32,4,7.3884,3.869,0.364
binary format,2,52,3,7.3959,3.869,0.327
expected result,2,26,2,7.4014,3.869,0.271
target debug,2,15,2,7.3715,3.868,0.359
same format,2,47,3,7.3731,3.868,0.161
double check,2,28,3,7.3861,3.868,0.367
more common,2,41,4,7.3866,3.868,0.173
type header,2,29,3,7.3778,3.868,0.216
git client,2,63,2,7.3801,3.868,0.177
system user,2,47,2,7.3743,3.868,0.191
default docker,2,63,2,7.3801,3.868,0.053
merge commit,2,63,2,7.3801,3.868,0.283
rule of thumb,3,38,3,7.3773,3.868,0.546
content type header,3,29,3,7.3778,3.868,0.598
able to write,3,22,4,7.3785,3.868,0.293
backwards compatible,2,48,3,7.3661,3.867,0.602
commit on,2,39,3,7.3703,3.867,0.077
plugin react,2,39,2,7.3678,3.867,0.278
data file,2,34,4,7.3557,3.867,0.019
name property,2,40,3,7.3620,3.867,0.161
completely different,2,32,3,7.3616,3.867,0.355
single string,2,33,4,7.3574,3.867,0.166
build system,2,49,4,7.3644,3.867,0.194
first command,2,20,3,7.3704,3.867,0.113
lexical environment,2,31,2,7.3686,3.867,0.524
python standard library,3,58,2,7.3561,3.867,0.313
user agent,2,43,3,7.3433,3.866,0.382
latest stable,2,27,4,7.3458,3.866,0.495
custom middleware,2,25,3,7.3480,3.866,0.335
scope id,2,26,2,7.3410,3.866,0.274
most recently,2,55,4,7.3509,3.866,0.459
content trust,2,68,2,7.3473,3.866,0.517
extension module,2,68,2,7.3473,3.866,0.275
carriage return,2,33,4,7.3323,3.865,0.557
handling in,2,37,3,7.3288,3.865,0.052
template filter,2,62,2,7.3304,3.865,0.394
code splitting,2,36,3,7.3322,3.865,0.377
now possible,2,55,3,7.3217,3.865,0.179
exception class,2,36,2,7.3359,3.865,0.164
run cargo test,3,11,2,7.3219,3.865,0.400
want to display,3,30,4,7.3230,3.865,0.261
null pointer exception,3,20,2,7.3302,3.865,0.511
typically used,2,49,2,7.3035,3.864,0.263
last child,2,23,3,7.3090,3.864,0.389
try using,2,23,4,7.3172,3.864,0.112
fixed size,2,21,3,7.3050,3.864,0.328
make the code,3,25,4,7.3031,3.864,0.197
code such,2,30,4,7.2914,3.863,0.047
string format,2,42,3,7.2949,3.863,0.174
another common,2,31,4,7.2897,3.863,0.265
class constructor,2,50,3,7.2989,3.863,0.265
single character,2,51,4,7.2960,3.863,0.308
state structure,2,32,2,7.3024,3.863,0.262
function now,2,43,3,7.2972,3.863,0.044
add or remove,3,42,4,7.2990,3.863,0.504
want to move,3,22,4,7.2979,3.863,0.268
code within,2,25,4,7.2780,3.862,0.119
additional configuration,2,41,4,7.2756,3.862,0.274
return the result,3,44,4,7.2861,3.862,0.263
piece of data,3,20,4,7.2804,3.862,0.342
without breaking,2,24,4,7.2547,3.861,0.377
peer dependency,2,22,3,7.2594,3.861,0.564
warning message,2,56,3,7.2591,3.861,0.324
machine learning,2,34,3,7.2645,3.861,0.558
many common,2,31,4,7.2593,3.861,0.264
fetching data,2,39,3,7.2580,3.861,0.294
information over,2,23,2,7.2499,3.860,0.245
timing data,2,23,2,7.2499,3.860,0.391
object instead,2,41,3,7.2452,3.860,0.081
new empty,2,26,4,7.2459,3.860,0.193
value like,2,37,4,7.2511,3.860,0.011
add url,2,23,2,7.2499,3.860,0.222
object returned,2,50,3,7.2422,3.860,0.181
another class,2,25,3,7.2419,3.860,0.194
array object,2,49,3,7.2493,3.860,0.098
node env,2,24,3,7.2441,3.860,0.358
tracking branch,2,51,2,7.2376,3.860,0.482
number format,2,67,2,7.2433,3.860,0.206
need to ensure,3,37,4,7.2470,3.860,0.266
running the following,3,38,4,7.2412,3.860,0.184
way to find,3,20,4,7.2524,3.860,0.280
time of writing,3,29,4,7.2441,3.860,0.457
want to find,3,21,4,7.2454,3.860,0.201
root cause,2,26,3,7.2349,3.859,0.354
test coverage,2,27,4,7.2295,3.859,0.467
now support,2,60,3,7.2334,3.859,0.167
two main,2,27,4,7.2348,3.859,0.231
rust programming,2,12,2,7.2302,3.859,0.330
detached head,2,43,2,7.2347,3.859,0.655
safe code,2,15,3,7.2337,3.859,0.189
rust programming language,3,12,2,7.2302,3.859,0.463
model instance,2,46,2,7.2124,3.858,0.242
schema name,2,64,2,7.2077,3.858,0.227
first whereas,2,22,2,7.2014,3.857,0.393
grained control,2,40,3,7.2008,3.857,0.619
object set,2,58,3,7.1908,3.857,0.043
integrated into,2,40,3,7.1967,3.857,0.434
work properly,2,33,3,7.1880,3.857,0.355
another type,2,29,4,7.1968,3.857,0.119
data like,2,26,4,7.1863,3.857,0.034
name attribute,2,49,3,7.1950,3.857,0.207
get back,2,26,3,7.1875,3.857,0.208
select statement,2,32,2,7.1963,3.857,0.287
reduce the number,3,45,4,7.1944,3.857,0.446
non virtual,2,25,3,7.1827,3.856,0.378
rd party,2,27,3,7.1723,3.856,0.729
language specific,2,52,2,7.1738,3.856,0.295
try again,2,28,4,7.1706,3.856,0.305
special syntax,2,37,4,7.1705,3.856,0.331
valid until,2,27,3,7.1846,3.856,0.372
default is true,3,33,2,7.1856,3.856,0.339
take into account,3,34,3,7.1810,3.856,0.551
version or later,3,59,3,7.1850,3.856,0.458
want to show,3,30,4,7.1816,3.856,0.224
want to delete,3,27,3,7.1735,3.856,0.274
simply use,2,25,4,7.1601,3.855,0.165
next chapter,2,21,3,7.1623,3.855,0.312
small number,2,47,4,7.1564,3.855,0.314
now works,2,42,4,7.1600,3.855,0.201
sure to use,3,29,4,7.1623,3.855,0.221
use the option,3,22,3,7.1548,3.855,0.133
model form,2,66,2,7.1393,3.854,0.262
lock on,2,45,3,7.1441,3.854,0.149
write something,2,23,3,7.1519,3.854,0.254
python expression,2,66,2,7.1393,3.854,0.203
installed version,2,33,3,7.1313,3.853,0.253
default color,2,24,2,7.1330,3.853,0.258
color scheme,2,24,2,7.1330,3.853,0.568
various ways,2,38,4,7.1342,3.853,0.448
new scope,2,15,4,7.1227,3.853,0.157
help in,2,30,4,7.1273,3.853,-0.009
use two,2,19,4,7.1262,3.853,0.026
parent table,2,50,2,7.1336,3.853,0.294
see the output,3,21,4,7.1303,3.853,0.198
property is used,3,60,2,7.1224,3.853,0.298
option is used,3,51,3,7.1254,3.853,0.230
pseudo class,2,19,2,7.1151,3.852,0.433
right side,2,21,4,7.1092,3.852,0.351
new api,2,40,4,7.1161,3.852,0.099
code execution,2,61,3,7.1166,3.852,0.189
used to build,3,53,3,7.1125,3.852,0.209
few days,2,30,3,7.0981,3.851,0.494
split up,2,23,4,7.0899,3.851,0.363
re throw,2,21,3,7.1023,3.851,0.396
docker swarm,2,56,3,7.0938,3.851,0.309
date field,2,46,3,7.1026,3.851,0.259
used to determine,3,55,3,7.0997,3.851,0.301
fix the error,3,14,4,7.1034,3.851,0.308
pre existing,2,49,2,7.0827,3.850,0.417
anything other,2,26,4,7.0724,3.850,0.231
capturing group,2,66,2,7.0838,3.850,0.571
database user,2,58,3,7.0810,3.850,0.179
sys stderr,2,49,2,7.0827,3.850,0.620
same image,2,42,3,7.0753,3.850,0.145
click handler,2,33,3,7.0782,3.850,0.440
diagram showing,2,19,2,7.0748,3.850,0.663
heat map,2,11,2,7.0719,3.850,0.659
try to compile,3,11,2,7.0719,3.850,0.390
frequently used,2,27,4,7.0642,3.849,0.365
sub query,2,28,2,7.0567,3.849,0.371
running the code,3,15,4,7.0713,3.849,0.231
work better,2,54,3,7.0512,3.848,0.261
defined inside,2,38,3,7.0442,3.848,0.247
like react,2,29,3,7.0460,3.848,0.114
default type,2,14,4,7.0479,3.848,0.033
commit log,2,63,3,7.0482,3.848,0.290
built in support,3,41,4,7.0548,3.848,0.312
old and new,3,43,4,7.0419,3.848,0.462
building on,2,27,4,7.0350,3.847,0.162
pattern option,2,23,2,7.0291,3.847,0.193
object directly,2,27,4,7.0337,3.847,0.153
re use,2,28,4,7.0332,3.847,0.111
default bridge,2,65,2,7.0354,3.847,0.379
primitive value,2,65,2,7.0354,3.847,0.297
async iterator,2,65,2,7.0354,3.847,0.357
use this option,3,41,3,7.0243,3.847,0.170
type of error,3,29,4,7.0274,3.847,0.223
exception and return,3,65,2,7.0354,3.847,0.361
number type,2,24,3,7.0075,3.846,0.082
session data,2,44,3,7.0069,3.846,0.225
create app,2,25,2,7.0162,3.846,0.145
send method,2,16,3,7.0087,3.846,0.241
abstract base,2,60,3,7.0126,3.846,0.497
custom hook,2,60,3,7.0126,3.846,0.362
iterator protocol,2,50,3,7.0226,3.846,0.453
set by default,3,25,2,7.0162,3.846,0.171
using the function,3,35,3,7.0098,3.846,0.085
rust community,2,10,2,6.9971,3.845,0.374
cargo publish,2,19,2,7.0046,3.845,0.360
split into,2,45,3,6.9986,3.845,0.339
good news,2,16,4,7.0047,3.845,0.545
found on,2,34,4,6.9906,3.845,0.102
new todo,2,27,2,7.0033,3.845,0.308
word press,2,46,2,6.9940,3.845,0.575
use something like,3,21,3,6.9913,3.845,0.194
put into,2,39,3,6.9829,3.844,0.243
make code,2,21,4,6.9678,3.843,0.040
same functionality,2,29,4,6.9719,3.843,0.251
wide variety,2,26,4,6.9602,3.843,0.691
most useful,2,39,4,6.9619,3.843,0.252
user code,2,50,3,6.9671,3.843,0.042
few more,2,31,4,6.9590,3.843,0.215
loop through,2,20,4,6.9720,3.843,0.291
local image,2,59,2,6.9641,3.843,0.249
white space,2,51,2,6.9613,3.843,0.639
used in conjunction,3,34,3,6.9589,3.843,0.447
want to compare,3,18,4,6.9626,3.843,0.323
database using,2,43,3,6.9572,3.842,0.091
different behavior,2,21,4,6.9468,3.842,0.212
something other,2,32,4,6.9479,3.842,0.164
specific value,2,24,4,6.9491,3.842,0.116
used to run,3,39,4,6.9566,3.842,0.173
existing directory,2,19,3,6.9293,3.841,0.245
follow up,2,39,3,6.9274,3.841,0.297
type int,2,38,3,6.9332,3.841,0.219
well formed,2,51,4,6.9349,3.841,0.581
branch name,2,50,3,6.9420,3.841,0.186
get the first,3,14,3,6.9381,3.841,0.149
directory path,2,32,4,6.9216,3.840,0.157
prune unused,2,22,2,6.9251,3.840,0.635
tool like,2,28,4,6.9181,3.840,0.236
reverse proxy,2,32,3,6.9163,3.840,0.531
execute method,2,14,4,6.9118,3.840,0.253
dispatch action,2,39,2,6.9262,3.840,0.343
talk more,2,13,3,6.9176,3.840,0.321
worker thread,2,17,4,6.9141,3.840,0.392
terminal window,2,26,3,6.9112,3.840,0.462
few times,2,26,3,6.9112,3.840,0.384
compare two,2,26,3,6.9112,3.840,0.346
dom element,2,48,2,6.9257,3.840,0.390
trying to call,3,17,3,6.9113,3.840,0.260
tuple struct,2,11,2,6.9054,3.839,0.422
plug in,2,22,4,6.9024,3.839,0.273
testing library,2,35,3,6.8988,3.839,0.332
build function,2,11,2,6.9054,3.839,0.057
git describe,2,61,2,6.8958,3.839,0.325
new iterator,2,48,2,6.9034,3.839,0.223
enabled or disabled,3,26,2,6.8994,3.839,0.682
want to save,3,19,4,6.9013,3.839,0.281
need to define,3,34,4,6.9099,3.839,0.222
want to store,3,19,3,6.9054,3.839,0.177
update in,2,37,3,6.8860,3.838,-0.053
result object,2,37,3,6.8847,3.838,0.106
relative import,2,29,2,6.8843,3.838,0.378
deref method,2,11,2,6.8803,3.838,0.374
cannot be changed,3,53,3,6.8917,3.838,0.410
empty object,2,31,3,6.8690,3.837,0.177
catch clause,2,22,3,6.8720,3.837,0.454
code editor,2,21,3,6.8662,3.837,0.216
function rather,2,19,4,6.8750,3.837,0.142
user friendly,2,35,4,6.8778,3.837,0.461
reverse order,2,44,4,6.8695,3.837,0.433
copy on,2,44,3,6.8708,3.837,0.094
memory location,2,23,3,6.8756,3.837,0.352
dispatch an action,3,21,2,6.8766,3.837,0.502
first run,2,42,3,6.8532,3.836,0.094
bug fix,2,28,3,6.8614,3.836,0.322
return new,2,28,3,6.8614,3.836,0.090
panic in,2,23,2,6.8533,3.836,0.098
object store,2,58,2,6.8601,3.836,0.127
static variable,2,15,3,6.8505,3.836,0.260
cause an error,3,31,4,6.8480,3.836,0.338
using the operator,3,26,4,6.8557,3.836,0.265
make your code,3,26,4,6.8544,3.836,0.254
need to return,3,25,4,6.8574,3.836,0.133
authentication method,2,53,3,6.8374,3.835,0.290
variable number,2,36,3,6.8457,3.835,0.160
used to control,3,36,2,6.8351,3.835,0.301
library like,2,30,3,6.8193,3.834,0.141
undefined in,2,39,3,6.8176,3.834,0.060
specific exception,2,22,3,6.8189,3.834,0.205
attribute error,2,56,3,6.8175,3.834,0.182
corner case,2,55,2,6.8245,3.834,0.453
git reset,2,55,2,6.8245,3.834,0.297
temporary table,2,39,2,6.8188,3.834,0.370
install the latest,3,27,4,6.8194,3.834,0.410
left and right,3,23,4,6.8200,3.834,0.609
tried to use,3,18,3,6.8236,3.834,0.232
three ways,2,32,4,6.8118,3.833,0.402
open in,2,28,4,6.8124,3.833,-0.021
whatever reason,2,24,3,6.8061,3.833,0.458
use action,2,57,2,6.8105,3.833,0.072
browser compatibility,2,32,3,6.8089,3.833,0.411
return the value,3,22,4,6.8008,3.833,0.191
another module,2,22,4,6.7955,3.832,0.195
utf encoding,2,47,4,6.7953,3.832,0.507
happening in,2,18,4,6.7973,3.832,0.172
bound field,2,52,2,6.7889,3.832,0.366
unique key,2,30,3,6.7967,3.832,0.323
figured out,2,15,2,6.7880,3.832,0.550
reading and writing,3,36,4,6.7902,3.832,0.656
internal server error,3,25,3,6.7966,3.832,0.502
able to get,3,19,4,6.7874,3.832,0.208
get the current,3,27,3,6.7849,3.832,0.171
provide more,2,37,4,6.7790,3.831,0.171
release profile,2,17,2,6.7715,3.831,0.397
different way,2,25,4,6.7768,3.831,0.134
original object,2,38,3,6.7691,3.831,0.203
area function,2,10,2,6.7763,3.831,0.294
follow the same,3,28,4,6.7820,3.831,0.256
want to build,3,37,4,6.7790,3.831,0.129
change between,2,35,4,6.7627,3.830,0.202
single process,2,30,3,6.7638,3.830,0.243
other python,2,43,4,6.7656,3.830,0.087
maximum size,2,48,3,6.7591,3.830,0.425
docker run command,3,57,2,6.7562,3.830,0.421
saving time,2,58,3,6.7491,3.829,0.396
log out,2,25,3,6.7423,3.829,0.232
development process,2,30,4,6.7440,3.829,0.319
commit history,2,25,4,6.7517,3.829,0.379
change the behavior,3,33,4,6.7492,3.829,0.337
displayed on,2,36,3,6.7265,3.828,0.208
directly instead,2,37,4,6.7235,3.828,0.208
other two,2,28,4,6.7277,3.828,0.108
set prototype,2,47,3,6.7094,3.827,0.259
left side,2,27,4,6.7084,3.827,0.397
more memory,2,33,4,6.7213,3.827,0.155
user model,2,38,3,6.7136,3.827,0.186
git directory,2,47,3,6.7147,3.827,0.110
dump file,2,30,2,6.7120,3.827,0.287
safe to use,3,26,3,6.7195,3.827,0.270
several different,2,32,4,6.7008,3.826,0.270
specific profile,2,22,2,6.7042,3.826,0.367
yield expression,2,56,2,6.7065,3.826,0.421
working correctly,2,29,4,6.6956,3.826,0.347
enum type,2,46,4,6.6914,3.826,0.231
store api,2,22,2,6.7042,3.826,0.193
possible solution,2,19,4,6.7027,3.826,0.309
end of line,3,40,3,6.6995,3.826,0.275
want to access,3,33,4,6.6949,3.826,0.164
new state value,3,24,2,6.6914,3.826,0.332
include in,2,42,3,6.6867,3.825,-0.014
import name,2,26,2,6.6785,3.825,0.174
like use,2,42,3,6.6867,3.825,-0.044
image tag,2,59,2,6.6878,3.825,0.287
want to start,3,27,4,6.6833,3.825,0.175
link in,2,40,4,6.6756,3.824,0.062
internal method,2,53,3,6.6709,3.824,0.261
index access,2,62,2,6.6679,3.824,0.214
different data,2,32,4,6.6757,3.824,0.086
index page,2,37,3,6.6651,3.824,0.238
need to declare,3,21,4,6.6623,3.824,0.283
try to open,3,18,4,6.6612,3.824,0.330
valid json,2,30,3,6.6540,3.823,0.283
log level,2,39,3,6.6511,3.823,0.280
failure message,2,15,2,6.6588,3.823,0.352
negative value,2,56,2,6.6522,3.823,0.272
outside the scope,3,27,4,6.6488,3.823,0.436
code quality,2,33,3,6.6341,3.822,0.354
server running,2,33,3,6.6366,3.822,0.171
time field,2,49,3,6.6423,3.822,0.138
use context,2,59,3,6.6323,3.822,0.077
unlike most,2,41,3,6.6435,3.822,0.380
output parameter,2,24,2,6.6407,3.822,0.179
most commonly used,3,29,4,6.6400,3.822,0.472
running this code,3,13,3,6.6425,3.822,0.315
upper bound,2,40,4,6.6189,3.821,0.601
source tree,2,51,3,6.6294,3.821,0.297
two phase,2,51,2,6.6282,3.821,0.409
local stack,2,61,2,6.6194,3.821,0.307
width height,2,16,3,6.6156,3.821,0.579
merge strategy,2,61,2,6.6194,3.821,0.467
server log,2,53,2,6.6166,3.821,0.214
iterate through,2,24,3,6.6185,3.821,0.467
byte length,2,61,2,6.6194,3.821,0.455
create an object,3,43,3,6.6253,3.821,0.219
non strict mode,3,44,3,6.6183,3.821,0.417
function and pass,3,16,4,6.6185,3.821,0.318
disabled by default,3,43,3,6.6253,3.821,0.411
first and last,3,36,4,6.6207,3.821,0.512
way to avoid,3,27,3,6.6208,3.821,0.263
process exit,2,16,3,6.6132,3.820,0.347
fail fast,2,18,4,6.6004,3.820,0.372
class method,2,47,3,6.5996,3.820,0.122
type module,2,36,2,6.6142,3.820,0.083
previous behavior,2,36,2,6.6142,3.820,0.324
directory using,2,21,4,6.6121,3.820,0.062
complex number,2,54,3,6.6095,3.820,0.298
use color,2,46,3,6.6054,3.820,0.163
way to fix,3,21,4,6.6080,3.820,0.263
want to modify,3,22,4,6.6010,3.820,0.283
lot of work,3,21,4,6.6109,3.820,0.321
variable of type,3,38,3,6.6079,3.820,0.343
profile see,2,19,2,6.5880,3.819,0.265
cargo login,2,19,2,6.5880,3.819,0.337
common case,2,40,3,6.5897,3.819,0.212
applied in,2,39,3,6.5955,3.819,0.080
value without,2,32,4,6.5910,3.819,0.072
current object,2,31,3,6.5939,3.819,0.113
input stream,2,32,3,6.5881,3.819,0.348
best solution,2,20,3,6.5858,3.819,0.382
string like,2,30,4,6.5746,3.818,0.057
parentheses around,2,33,3,6.5786,3.818,0.484
project name,2,50,3,6.5797,3.818,0.139
fast forward,2,50,2,6.5809,3.818,0.458
android application,2,18,2,6.5695,3.818,0.305
reason to use,3,25,4,6.5811,3.818,0.244
debug information,2,28,3,6.5571,3.817,0.296
little endian,2,54,3,6.5540,3.817,0.688
script syntax,2,35,3,6.5658,3.817,0.213
prompt in,2,23,4,6.5676,3.817,0.100
option parser,2,61,2,6.5639,3.817,0.280
keeping track,2,16,3,6.5671,3.817,0.583
thread safety,2,28,4,6.5624,3.817,0.461
use the built,3,32,4,6.5618,3.817,0.221
test execution,2,29,2,6.5488,3.816,0.261
workspace default,2,20,2,6.5518,3.816,0.246
raw string,2,38,4,6.5524,3.816,0.291
template literal,2,46,2,6.5499,3.816,0.397
used inside,2,38,3,6.5471,3.816,0.130
separate thread,2,27,4,6.5431,3.816,0.332
please read,2,32,3,6.5314,3.815,0.323
progress bar,2,32,3,6.5314,3.815,0.538
submodule update,2,58,3,6.5283,3.815,0.394
now run,2,41,4,6.5325,3.815,0.089
function first,2,16,4,6.5379,3.815,0.035
send data,2,21,4,6.5262,3.815,0.198
useful information,2,25,3,6.5308,3.815,0.237
bit integer,2,54,3,6.5289,3.815,0.365
xml file,2,25,3,6.5227,3.814,0.260
discuss in,2,11,3,6.5192,3.814,0.133
object file,2,44,2,6.5097,3.814,0.003
subject to change,3,35,2,6.5102,3.814,0.455
command to run,3,40,4,6.5091,3.814,0.213
method to get,3,18,4,6.5210,3.814,0.196
see something,2,24,4,6.5034,3.813,0.154
good enough,2,24,4,6.5034,3.813,0.410
least two,2,33,4,6.4992,3.813,0.295
testing framework,2,28,3,6.5028,3.813,0.426
default mode,2,36,3,6.5044,3.813,0.157
first need,2,28,4,6.5057,3.813,0.085
web service,2,29,3,6.4970,3.813,0.337
maximum length,2,45,3,6.5027,3.813,0.451
question mark,2,21,4,6.5011,3.813,0.445
default constructor,2,36,2,6.5069,3.813,0.205
debugging information,2,23,4,6.4829,3.812,0.345
another object,2,47,3,6.4898,3.812,0.115
code snippet,2,22,3,6.4871,3.812,0.352
json array,2,30,3,6.4899,3.812,0.195
base type,2,55,3,6.4927,3.812,0.156
daylight saving,2,57,2,6.4798,3.812,0.810
update docker,2,57,2,6.4798,3.812,0.120
equivalent to passing,3,22,2,6.4834,3.812,0.468
like using,2,20,4,6.4777,3.811,-0.005
class static,2,23,3,6.4776,3.811,0.248
context variable,2,42,3,6.4658,3.811,0.215
action state,2,58,2,6.4728,3.811,0.180
password authentication,2,49,2,6.4770,3.811,0.439
use the object,3,32,3,6.4758,3.811,0.077
compile and run,3,13,3,6.4731,3.811,0.451
new major,2,26,2,6.4577,3.810,0.266
separate file,2,28,4,6.4501,3.810,0.185
value true,2,36,4,6.4542,3.810,0.102
async client,2,26,2,6.4577,3.810,0.284
list item,2,31,4,6.4578,3.810,0.247
record in,2,24,4,6.4520,3.810,0.090
send back,2,19,4,6.4543,3.810,0.346
library documentation,2,11,3,6.4637,3.810,0.252
inner loop,2,18,3,6.4626,3.810,0.387
test attribute,2,16,2,6.4467,3.809,0.215
host system,2,47,3,6.4343,3.809,0.279
different depending,2,18,4,6.4391,3.809,0.296
large amount,2,27,3,6.4362,3.809,0.474
memory size,2,29,3,6.4414,3.809,0.301
fixed length,2,47,3,6.4384,3.809,0.345
performance penalty,2,26,3,6.4432,3.809,0.642
last part,2,24,4,6.4228,3.808,0.286
something goes,2,16,4,6.4228,3.808,0.388
following contents,2,57,3,6.4243,3.808,0.261
template system,2,57,3,6.4243,3.808,0.274
command will create,3,19,4,6.4227,3.808,0.383
using type script,3,22,3,6.4291,3.808,0.241
current implementation,2,35,4,6.4057,3.807,0.264
more consistent,2,34,3,6.4075,3.807,0.276
string object,2,41,3,6.4186,3.807,0.047
root level,2,30,4,6.4081,3.807,0.286
run inside,2,38,4,6.4122,3.807,0.151
reactive value,2,51,2,6.4074,3.807,0.272
error boundary,2,59,2,6.4114,3.807,0.344
free to use,3,25,4,6.4145,3.807,0.280
among other,2,35,3,6.4017,3.806,0.365
found out,2,19,2,6.3972,3.806,0.247
different error,2,20,3,6.3942,3.806,0.081
set the environment,3,27,4,6.4029,3.806,0.305
available via,2,29,3,6.3835,3.805,0.273
entire application,2,30,3,6.3777,3.805,0.310
single page,2,26,4,6.3783,3.805,0.240
map object,2,51,3,6.3823,3.805,0.196
see the same,3,22,4,6.3842,3.805,0.055
given target,2,23,2,6.3666,3.804,0.275
option see,2,31,3,6.3706,3.804,0.073
tracked in,2,27,4,6.3713,3.804,0.209
json method,2,41,3,6.3619,3.804,0.157
media type,2,31,3,6.3706,3.804,0.343
redirect url,2,23,2,6.3666,3.804,0.442
component state,2,23,2,6.3666,3.804,0.179
fix the issue,3,31,3,6.3731,3.804,0.387
binary target,2,17,2,6.3549,3.803,0.334
non object,2,34,3,6.3532,3.803,0.136
new user,2,31,4,6.3468,3.803,0.081
table column,2,51,3,6.3531,3.803,0.273
value based,2,29,4,6.3584,3.803,0.121
copy paste,2,28,3,6.3375,3.802,0.537
value type,2,20,3,6.3346,3.802,-0.014
see an error,3,24,3,6.3450,3.802,0.165
without the need,3,37,3,6.3333,3.802,0.300
used to get,3,41,4,6.3368,3.802,0.160
able to understand,3,15,4,6.3451,3.802,0.367
optionally specify,2,25,3,6.3286,3.801,0.444
class field,2,29,2,6.3280,3.801,0.166
asynchronous function,2,22,3,6.3217,3.801,0.232
need access,2,29,3,6.3292,3.801,0.136
next version,2,24,4,6.3158,3.800,0.193
work without,2,37,4,6.3082,3.800,0.153
looking up,2,32,3,6.3093,3.800,0.304
lookup table,2,31,2,6.3151,3.800,0.387
post gis,2,58,2,6.3075,3.800,0.532
docker stack,2,58,2,6.3075,3.800,0.184
function will return,3,24,4,6.3158,3.800,0.258
type variable,2,26,3,6.2924,3.799,0.077
logic inside,2,35,2,6.2894,3.799,0.273
production build,2,33,2,6.3023,3.799,0.294
default setting,2,29,4,6.2790,3.798,0.171
error output,2,32,4,6.2854,3.798,0.067
pre commit,2,37,2,6.2766,3.798,0.380
same table,2,37,3,6.2790,3.798,0.128
state inside,2,27,3,6.2866,3.798,0.164
memory management,2,37,3,6.2790,3.798,0.393
local bin,2,53,3,6.2847,3.798,0.432
display on,2,16,4,6.2616,3.797,0.119
fill out,2,38,3,6.2707,3.797,0.404
binary representation,2,48,3,6.2620,3.797,0.451
last resort,2,34,4,6.2726,3.797,0.609
top left,2,40,3,6.2632,3.797,0.396
service name,2,55,2,6.2718,3.797,0.200
join on,2,12,3,6.2622,3.797,0.157
upstream branch,2,31,2,6.2633,3.797,0.460
change this setting,3,56,2,6.2648,3.797,0.441
file like object,3,31,3,6.2608,3.797,0.397
end result,2,25,3,6.2463,3.796,0.222
little more,2,25,4,6.2504,3.796,0.272
print function,2,24,4,6.2562,3.796,0.164
default argument,2,33,3,6.2480,3.796,0.132
less code,2,19,4,6.2586,3.796,0.166
setting value,2,13,3,6.2551,3.796,0.132
number value,2,58,2,6.2520,3.796,0.059
src img,2,9,2,6.2557,3.796,0.656
value we want,3,9,2,6.2557,3.796,0.171
write more,2,23,4,6.2370,3.795,0.125
listed below,2,40,4,6.2328,3.795,0.421
migration guide,2,26,2,6.2369,3.795,0.525
special meaning,2,43,3,6.2392,3.795,0.434
add extra,2,26,3,6.2381,3.795,0.232
render method,2,36,2,6.2305,3.795,0.224
produce the same,3,30,4,6.2428,3.795,0.279
argument value,2,30,4,6.2165,3.794,0.093
build times,2,28,2,6.2240,3.794,0.251
separate directory,2,20,3,6.2211,3.794,0.263
literal syntax,2,32,4,6.2287,3.794,0.359
made more,2,42,4,6.2199,3.794,0.191
during iteration,2,29,3,6.2206,3.794,0.420
application state,2,20,3,6.2211,3.794,0.137
main program,2,28,2,6.2277,3.794,0.259
byte array,2,28,2,6.2277,3.794,0.332
few other,2,36,4,6.2042,3.793,0.212
next item,2,19,4,6.2125,3.793,0.306
git daemon,2,57,2,6.2035,3.793,0.270
inside the loop,3,15,3,6.2131,3.793,0.350
possible without,2,24,3,6.1954,3.792,0.193
start menu,2,21,3,6.1996,3.792,0.416
used to override,3,32,2,6.1983,3.792,0.342
non trivial,2,36,3,6.1738,3.791,0.489
different directory,2,20,4,6.1762,3.791,0.146
exception classes,2,26,3,6.1850,3.791,0.260
current context,2,44,3,6.1779,3.791,0.236
need to re,3,35,3,6.1796,3.791,0.219
continue to use,3,27,4,6.1808,3.791,0.249
way to define,3,27,4,6.1808,3.791,0.284
function is defined,3,28,4,6.1791,3.791,0.252
trailing slash,2,38,2,6.1597,3.790,0.677
get used,2,16,4,6.1728,3.790,0.046
message like,2,21,4,6.1663,3.790,0.120
multipart form,2,21,3,6.1598,3.790,0.561
level api,2,28,3,6.1697,3.790,0.202
json serialization,2,28,3,6.1697,3.790,0.389
symbolic ref,2,54,2,6.1679,3.790,0.564
new child,2,24,3,6.1728,3.790,0.230
used to make,3,34,4,6.1615,3.790,0.151
trying to make,3,17,4,6.1629,3.790,0.241
line feed,2,24,4,6.1452,3.789,0.433
symbol async,2,57,2,6.1480,3.789,0.375
change anything,2,18,4,6.1558,3.789,0.275
fixed merge,2,57,2,6.1480,3.789,0.275
pass by reference,3,22,2,6.1564,3.789,0.521
without modifying,2,41,3,6.1422,3.788,0.406
use another,2,29,4,6.1388,3.788,0.044
store it in,3,21,4,6.1441,3.788,0.261
crate name,2,15,2,6.1219,3.787,0.191
more explicit,2,39,4,6.1288,3.787,0.271
code written,2,24,4,6.1201,3.787,0.145
remain in,2,28,4,6.1195,3.787,0.158
type safety,2,23,4,6.1219,3.787,0.310
non static,2,19,2,6.1208,3.787,0.300
specific code,2,25,4,6.1090,3.786,0.085
use object,2,29,3,6.1084,3.786,-0.060
current process,2,30,3,6.1038,3.786,0.226
control back,2,22,2,6.1120,3.786,0.319
most common use,3,28,3,6.1142,3.786,0.266
type using,2,19,4,6.1014,3.785,-0.024
dynamic import,2,31,2,6.0943,3.785,0.428
full text,2,39,3,6.0996,3.785,0.284
old data,2,23,3,6.0939,3.785,0.204
alter table,2,56,2,6.0995,3.785,0.407
iterator method,2,56,2,6.0995,3.785,0.241
want to force,3,21,4,6.0886,3.785,0.307
pure python,2,51,3,6.0767,3.784,0.370
using css,2,17,3,6.0782,3.784,0.170
inner join,2,24,2,6.0881,3.784,0.467
path environment variable,3,25,3,6.0786,3.784,0.301
rust edition,2,11,2,6.0723,3.783,0.388
following format,2,27,4,6.0710,3.783,0.176
true false,2,44,3,6.0668,3.783,0.264
stop iteration,2,53,2,6.0639,3.783,0.485
top right corner,3,28,4,6.0652,3.783,0.646
personal access token,3,45,2,6.0610,3.783,0.675
first commit,2,25,4,6.0547,3.782,0.182
most significant,2,47,3,6.0469,3.782,0.407
editor support,2,20,2,6.0546,3.782,0.339
over again,2,17,4,6.0559,3.782,0.305
request response,2,34,4,6.0505,3.782,0.235
async request,2,28,3,6.0587,3.782,0.239
error using,2,17,4,6.0559,3.782,-0.015
old state,2,18,4,6.0489,3.782,0.244
return anything,2,21,4,6.0553,3.782,0.258
repository using,2,30,3,6.0523,3.782,0.111
unsigned integer,2,38,3,6.0552,3.782,0.551
trying to find,3,21,2,6.0524,3.782,0.309
best effort,2,30,3,6.0458,3.781,0.527
single thread,2,20,4,6.0360,3.781,0.248
same module,2,21,3,6.0331,3.781,0.102
python installation,2,35,4,6.0447,3.781,0.310
chunk size,2,30,3,6.0458,3.781,0.504
index method,2,56,2,6.0440,3.781,0.145
await keyword,2,13,3,6.0343,3.781,0.445
associative array,2,20,3,6.0332,3.781,0.537
amount of code,3,15,4,6.0425,3.781,0.234
want to understand,3,23,4,6.0425,3.781,0.250
something goes wrong,3,15,4,6.0425,3.781,0.608
standard library documentation,3,9,2,6.0349,3.781,0.363
handle the result,3,9,2,6.0349,3.781,0.331
preferred over,2,33,3,6.0284,3.780,0.462
custom message,2,21,4,6.0237,3.780,0.240
non enumerable,2,34,3,6.0213,3.780,0.512
python crash,2,16,2,6.0297,3.780,0.186
allow origin,2,16,2,6.0297,3.780,0.414
string using,2,33,4,6.0325,3.780,0.017
add in,2,18,4,6.0197,3.780,-0.109
bundle size,2,24,2,6.0289,3.780,0.438
docker client,2,50,2,6.0283,3.780,0.146
want to customize,3,29,3,6.0319,3.780,0.340
type value,2,28,4,6.0085,3.779,-0.019
store data,2,24,4,6.0091,3.779,0.119
python process,2,35,3,6.0155,3.779,0.177
more reliable,2,28,4,6.0097,3.779,0.388
directory tree,2,24,4,6.0091,3.779,0.236
external system,2,45,3,6.0055,3.779,0.313
local file,2,38,3,5.9956,3.778,0.123
specified using,2,39,3,5.9927,3.778,0.079
bad practice,2,21,3,5.9957,3.778,0.521
now using,2,22,4,5.9928,3.778,0.026
shell prompt,2,23,4,5.9910,3.778,0.434
database name,2,55,2,5.9955,3.778,0.125
docker pull,2,55,2,5.9955,3.778,0.212
let us know,3,39,3,5.9927,3.778,0.475
daylight saving time,3,55,2,5.9955,3.778,0.531
total time,2,39,3,5.9886,3.777,0.322
defined within,2,24,4,5.9840,3.777,0.254
block level,2,31,3,5.9857,3.777,0.260
raised in,2,39,3,5.9886,3.777,0.067
full page,2,27,4,5.9851,3.777,0.296
turned out,2,23,2,5.9841,3.777,0.428
try to get,3,15,4,5.9882,3.777,0.219
object such,2,41,3,5.9757,3.776,0.066
different approach,2,22,4,5.9636,3.776,0.280
create two,2,22,4,5.9717,3.776,0.118
used to generate,3,30,3,5.9652,3.776,0.294
function returned,2,27,3,5.9559,3.775,0.138
fit into,2,36,3,5.9530,3.775,0.377
variable inside,2,20,4,5.9554,3.775,0.187
get own,2,36,2,5.9517,3.775,0.165
ignore path,2,19,2,5.9506,3.775,0.242
probably get,2,28,4,5.9542,3.775,0.236
flask request,2,19,2,5.9506,3.775,0.288
please let,2,18,3,5.9613,3.775,0.378
hot update,2,19,2,5.9506,3.775,0.429
expanded mode,2,52,2,5.9599,3.775,0.502
get own property,3,36,2,5.9517,3.775,0.432
receive an error,3,18,4,5.9630,3.775,0.377
want to catch,3,18,3,5.9613,3.775,0.231
code will compile,3,9,2,5.9502,3.775,0.379
version requirement,2,21,2,5.9378,3.774,0.396
default location,2,29,4,5.9471,3.774,0.228
file cargo,2,17,2,5.9384,3.774,0.048
credential helper,2,55,2,5.9400,3.774,0.578
write access,2,55,2,5.9400,3.774,0.209
testing function,2,55,2,5.9400,3.774,0.176
during validation,2,21,2,5.9378,3.774,0.343
server function,2,55,2,5.9400,3.774,0.041
git help,2,51,2,5.9406,3.774,0.164
hard to read,3,22,4,5.9373,3.774,0.427
use the name,3,17,4,5.9490,3.774,0.093
directory see,2,23,2,5.9249,3.773,0.093
configuration system,2,23,2,5.9249,3.773,0.200
function type,2,27,4,5.9296,3.773,-0.025
more precisely,2,27,4,5.9349,3.773,0.415
often useful,2,25,4,5.9227,3.773,0.315
app router,2,23,2,5.9249,3.773,0.398
unique index,2,49,2,5.9243,3.773,0.315
tar file,2,49,2,5.9243,3.773,0.366
period of time,3,30,3,5.9360,3.773,0.512
report an error,3,24,4,5.9244,3.773,0.351
instead of returning,3,24,4,5.9244,3.773,0.344
try finally,2,42,3,5.9144,3.772,0.351
line using,2,21,4,5.9139,3.772,0.040
built using,2,41,3,5.9202,3.772,0.121
inside another,2,22,4,5.9093,3.772,0.215
came up,2,17,3,5.9116,3.772,0.410
external diff,2,41,2,5.9214,3.772,0.416
proper way,2,17,2,5.9128,3.772,0.354
server is running,3,42,3,5.9144,3.772,0.376
trying to install,3,17,2,5.9128,3.772,0.333
copy on write,3,41,2,5.9214,3.772,0.595
feature request,2,18,2,5.9022,3.771,0.242
pre release,2,27,2,5.8992,3.771,0.387
default case,2,19,3,5.9004,3.771,0.085
install python,2,23,4,5.9051,3.771,0.210
global namespace,2,36,3,5.8987,3.771,0.412
free variable,2,19,3,5.8988,3.771,0.294
state type,2,27,2,5.8992,3.771,0.044
version of git,3,33,3,5.8963,3.771,0.195
specify multiple,2,29,4,5.8916,3.770,0.231
left operand,2,45,3,5.8945,3.770,0.576
host header,2,45,3,5.8945,3.770,0.360
main difference,2,26,4,5.8823,3.770,0.338
start docker,2,54,2,5.8915,3.770,0.124
dns name,2,38,2,5.8858,3.770,0.353
rounding mode,2,38,2,5.8858,3.770,0.518
server command,2,54,2,5.8915,3.770,0.107
use to get,3,20,3,5.8929,3.770,0.079
foreign key constraint,3,46,2,5.8887,3.770,0.600
native code,2,22,3,5.8789,3.769,0.196
directly without,2,28,4,5.8683,3.769,0.212
bracket notation,2,48,2,5.8746,3.769,0.704
more control over,3,32,4,5.8730,3.769,0.374
longer need,2,26,4,5.8560,3.768,0.202
test database,2,41,3,5.8659,3.768,0.143
release candidate,2,33,2,5.8606,3.768,0.564
system wide,2,51,2,5.8559,3.768,0.428
new module,2,51,2,5.8559,3.768,0.088
add custom,2,27,3,5.8449,3.767,0.185
brand new,2,27,3,5.8461,3.767,0.483
new test,2,27,4,5.8543,3.767,0.056
root component,2,43,3,5.8518,3.767,0.273
integer field,2,43,2,5.8530,3.767,0.274
small amount,2,15,3,5.8520,3.767,0.480
harder to read,3,22,4,5.8513,3.767,0.479
run the same,3,22,4,5.8538,3.767,0.062
operating system user,3,35,2,5.8502,3.767,0.341
file see,2,38,3,5.8291,3.766,0.010
different mode,2,20,2,5.8338,3.766,0.192
trailing whitespace,2,38,3,5.8291,3.766,0.580
otherwise noted,2,54,2,5.8360,3.766,0.521
various documentation,2,54,2,5.8360,3.766,0.347
request url,2,19,3,5.8408,3.766,0.240
version of rust,3,9,2,5.8392,3.766,0.255
unless otherwise noted,3,54,2,5.8360,3.766,0.706
want to define,3,25,4,5.8327,3.766,0.201
use the react,3,29,3,5.8320,3.766,0.154
json output,2,23,3,5.8163,3.765,0.161
without making,2,24,4,5.8146,3.765,0.279
future major,2,22,2,5.8209,3.765,0.411
signal handler,2,48,2,5.8203,3.765,0.476
qualified name,2,32,2,5.8146,3.765,0.390
feel like,2,20,4,5.8111,3.764,0.312
fit together,2,16,3,5.8093,3.764,0.537
per user,2,49,3,5.8133,3.764,0.250
name instead,2,34,4,5.8046,3.764,0.084
integer between,2,47,3,5.8010,3.764,0.293
diff tool,2,24,2,5.8117,3.764,0.420
thrown exception,2,16,2,5.8089,3.764,0.306
find symbol,2,16,2,5.8089,3.764,0.357
flag is set,3,41,3,5.8104,3.764,0.355
internal structure,2,16,4,5.7895,3.763,0.396
explicitly specify,2,35,3,5.7935,3.763,0.327
new default,2,34,3,5.7993,3.763,0.033
set using,2,40,4,5.7911,3.763,-0.000
execute on,2,27,3,5.7894,3.763,0.118
merged into,2,44,3,5.7905,3.763,0.348
first rule,2,15,4,5.7965,3.763,0.119
cache control,2,43,2,5.7963,3.763,0.322
up front,2,15,4,5.7965,3.763,0.350
throwing an error,3,36,3,5.7876,3.763,0.420
define your own,3,31,3,5.7953,3.763,0.374
default branch,2,29,4,5.7818,3.762,0.165
fall into,2,32,4,5.7870,3.762,0.388
array constructor,2,46,3,5.7776,3.762,0.249
string argument,2,29,3,5.7859,3.762,0.140
web development,2,37,3,5.7806,3.762,0.338
want in,2,24,4,5.7854,3.762,-0.137
debug output,2,19,3,5.7865,3.762,0.247
multiple inheritance,2,37,2,5.7818,3.762,0.384
asp net core,3,21,2,5.7761,3.762,0.575
user facing,2,38,3,5.7736,3.761,0.453
ignore file,2,21,3,5.7725,3.761,0.165
field type,2,34,4,5.7742,3.761,0.084
assignment expression,2,30,3,5.7707,3.761,0.383
operating on,2,35,4,5.7684,3.761,0.172
web framework,2,30,3,5.7707,3.761,0.372
worst case,2,30,3,5.7719,3.761,0.523
lower bound,2,35,3,5.7724,3.761,0.512
same query,2,23,4,5.7661,3.761,0.115
want to install,3,30,3,5.7707,3.761,0.204
use the data,3,18,4,5.7725,3.761,0.072
minimum supported,2,32,2,5.7566,3.760,0.470
given type,2,21,4,5.7527,3.760,0.121
zero exit,2,32,3,5.7578,3.760,0.416
private registry,2,33,3,5.7520,3.760,0.400
often use,2,20,4,5.7597,3.760,0.112
block scope,2,24,3,5.7538,3.760,0.255
something more,2,21,4,5.7498,3.760,0.137
language code,2,32,2,5.7566,3.760,0.119
await syntax,2,20,3,5.7585,3.760,0.370
last name,2,42,3,5.7478,3.760,0.173
using more,2,16,4,5.7603,3.760,-0.012
search configuration,2,50,2,5.7519,3.760,0.269
single row,2,42,2,5.7491,3.760,0.284
during the build,3,41,3,5.7549,3.760,0.335
using rust,2,10,2,5.7475,3.759,0.060
available through,2,35,3,5.7380,3.759,0.241
working group,2,44,3,5.7350,3.759,0.332
production code,2,19,4,5.7363,3.759,0.184
get item,2,43,3,5.7420,3.759,0.204
software supply,2,51,2,5.7449,3.759,0.577
update state,2,35,3,5.7380,3.759,0.144
returned promise,2,43,3,5.7420,3.759,0.381
entity framework,2,18,2,5.7405,3.759,0.542
underlying data,2,43,2,5.7461,3.759,0.273
choose to use,3,27,4,5.7392,3.759,0.277
next major,2,36,2,5.7309,3.758,0.368
class like,2,19,3,5.7322,3.758,0.076
recent update,2,53,2,5.7320,3.758,0.371
another file,2,25,4,5.7228,3.758,0.095
app add,2,19,2,5.7298,3.758,0.138
use python,2,28,4,5.7334,3.758,-0.013
password hasher,2,53,2,5.7320,3.758,0.649
support function,2,53,2,5.7320,3.758,0.075
tree object,2,53,2,5.7320,3.758,0.159
going back,2,16,4,5.7311,3.758,0.344
slightly more,2,33,3,5.7269,3.758,0.324
out of date,3,29,3,5.7222,3.758,0.331
run it on,3,16,4,5.7270,3.758,0.235
print the value,3,10,3,5.7224,3.758,0.289
running the command,3,33,3,5.7269,3.758,0.237
see custom,2,21,2,5.7169,3.757,0.147
use default,2,30,3,5.7152,3.757,-0.045
default see,2,29,3,5.7210,3.757,0.037
system call,2,48,3,5.7093,3.757,0.171
get access,2,22,4,5.7164,3.757,0.131
provided using,2,21,2,5.7169,3.757,0.131
common ancestor,2,39,3,5.7122,3.757,0.528
input field,2,21,3,5.7206,3.757,0.217
docker sock,2,47,2,5.7163,3.757,0.464
react node,2,47,2,5.7163,3.757,0.196
needs to use,3,27,4,5.7100,3.757,0.124
more secure,2,36,4,5.7070,3.756,0.303
name used,2,33,4,5.7006,3.756,0.031
security risk,2,33,3,5.6965,3.756,0.490
using create,2,23,3,5.7053,3.756,0.017
without knowing,2,19,4,5.7071,3.756,0.438
start in,2,28,4,5.7042,3.756,-0.055
catch an exception,3,16,3,5.6978,3.756,0.367
exception was raised,3,40,3,5.7064,3.756,0.554
fail on,2,39,4,5.6871,3.755,0.126
import declaration,2,25,2,5.6912,3.755,0.359
name like,2,22,4,5.6913,3.755,0.032
signed in,2,52,2,5.6836,3.755,0.121
variable length,2,52,2,5.6836,3.755,0.263
automatically added,2,37,3,5.6696,3.754,0.260
application context,2,20,3,5.6697,3.754,0.211
dev mode,2,20,3,5.6697,3.754,0.314
port mapping,2,44,2,5.6807,3.754,0.469
docker com,2,44,2,5.6807,3.754,0.265
process id,2,44,2,5.6807,3.754,0.242
path for more,3,18,3,5.6813,3.754,0.215
get data,2,22,3,5.6568,3.753,0.037
break down,2,17,4,5.6686,3.753,0.430
execute code,2,19,4,5.6557,3.752,0.155
python file,2,27,4,5.6545,3.752,0.043
simple solution,2,15,2,5.6494,3.752,0.342
second part,2,24,4,5.6481,3.752,0.270
object id,2,49,2,5.6479,3.752,0.122
program using,2,13,3,5.6441,3.752,0.091
way merge,2,49,2,5.6479,3.752,0.176
hot standby,2,49,2,5.6479,3.752,0.633
used by default,3,37,4,5.6445,3.752,0.135
such as git,3,32,4,5.6521,3.752,0.116
configured using,2,33,2,5.6398,3.751,0.198
value use,2,42,3,5.6380,3.751,-0.084
value directly,2,14,4,5.6370,3.751,0.114
client server,2,33,3,5.6410,3.751,0.190
single store,2,17,2,5.6329,3.751,0.213
right answer,2,10,4,5.6376,3.751,0.324
moving on,2,14,4,5.6370,3.751,0.219
need to enable,3,26,3,5.6311,3.751,0.237
ability to use,3,29,4,5.6416,3.751,0.218
case you need,3,21,4,5.6388,3.751,0.195
registry name,2,18,2,5.6258,3.750,0.209
section below,2,36,3,5.6211,3.750,0.282
update syntax,2,9,3,5.6184,3.750,0.221
url path,2,28,3,5.6182,3.750,0.209
file inside,2,19,4,5.6265,3.750,0.099
complex data,2,23,3,5.6288,3.750,0.218
first use,2,27,4,5.6294,3.750,-0.020
more specifically,2,16,4,5.6201,3.750,0.274
error during,2,35,3,5.6281,3.750,0.151
evaluation order,2,18,2,5.6258,3.750,0.450
registry is used,3,18,2,5.6258,3.750,0.347
want to avoid,3,28,3,5.6182,3.750,0.208
work in progress,3,20,4,5.6183,3.750,0.436
per test,2,17,4,5.6078,3.749,0.228
type option,2,19,3,5.6043,3.749,0.040
way using,2,14,4,5.6066,3.749,0.026
python library,2,37,3,5.6153,3.749,0.166
pass data,2,29,3,5.6124,3.749,0.128
setup function,2,25,3,5.6159,3.749,0.182
index value,2,18,3,5.6113,3.749,0.080
base exception,2,46,2,5.6123,3.749,0.219
username password,2,23,3,5.5943,3.748,0.435
base path,2,23,3,5.5943,3.748,0.212
worker process,2,32,3,5.5925,3.748,0.351
cross site,2,40,3,5.5954,3.748,0.511
create another,2,19,4,5.6002,3.748,0.142
response content,2,22,2,5.6001,3.748,0.295
started using,2,28,4,5.5931,3.748,0.185
compilation error,2,15,3,5.5979,3.748,0.295
fix this problem,3,20,4,5.5944,3.748,0.406
fine grained control,3,35,3,5.6018,3.748,0.608
error when trying,3,23,3,5.5967,3.748,0.382
add remove,2,21,4,5.5873,3.747,0.201
source text,2,34,3,5.5785,3.747,0.230
same information,2,33,3,5.5855,3.747,0.109
function within,2,14,4,5.5815,3.747,0.108
expression pattern,2,41,2,5.5884,3.747,0.253
define property,2,41,2,5.5884,3.747,0.260
object or array,3,24,3,5.5885,3.747,0.397
want to skip,3,26,4,5.5797,3.747,0.288
host docker internal,3,51,2,5.5796,3.747,0.635
another package,2,18,3,5.5715,3.746,0.197
version specification,2,18,3,5.5715,3.746,0.309
two other,2,23,4,5.5745,3.746,0.090
user provided,2,27,3,5.5686,3.746,0.213
first child,2,26,3,5.5768,3.746,0.255
much memory,2,19,4,5.5751,3.746,0.288
almost never,2,19,4,5.5710,3.746,0.429
know more,2,15,4,5.5675,3.746,0.125
next value,2,32,4,5.5674,3.746,0.105
counter value,2,18,3,5.5756,3.746,0.246
effect hook,2,18,3,5.5715,3.746,0.372
string rather,2,36,3,5.5709,3.746,0.182
docker machine,2,43,2,5.5767,3.746,0.216
data such,2,34,4,5.5534,3.745,0.065
most use,2,29,3,5.5557,3.745,0.030
use node,2,20,3,5.5599,3.745,0.042
date format,2,38,3,5.5527,3.745,0.259
sign up,2,26,4,5.5546,3.745,0.297
use layout,2,45,2,5.5626,3.745,0.214
layout effect,2,45,2,5.5626,3.745,0.445
release process,2,22,3,5.5499,3.744,0.261
people use,2,15,4,5.5453,3.744,0.143
specified on,2,36,4,5.5405,3.744,0.021
take place,2,39,3,5.5469,3.744,0.311
file contents,2,35,4,5.5475,3.744,0.181
value otherwise,2,43,3,5.5504,3.744,0.153
distinction between,2,35,4,5.5475,3.744,0.526
two function,2,12,3,5.5401,3.744,0.047
working copy,2,18,3,5.5488,3.744,0.279
used to add,3,27,4,5.5435,3.744,0.172
used to set,3,35,4,5.5475,3.744,0.143
line flag,2,23,3,5.5388,3.743,0.192
url string,2,19,4,5.5394,3.743,0.178
math object,2,49,2,5.5369,3.743,0.310
full stack,2,32,3,5.5370,3.743,0.329
root logger,2,33,3,5.5300,3.743,0.457
detail view,2,49,2,5.5369,3.743,0.370
more importantly,2,20,4,5.5389,3.743,0.470
text content,2,33,3,5.5353,3.743,0.266
like regular,2,26,3,5.5295,3.743,0.205
cross browser,2,16,2,5.5325,3.743,0.441
command line flag,3,23,3,5.5388,3.743,0.283
index entry,2,51,2,5.5241,3.742,0.292
text method,2,10,3,5.5266,3.742,0.147
class declaration,2,26,3,5.5201,3.742,0.289
text mode,2,34,3,5.5242,3.742,0.230
nested classes,2,17,3,5.5255,3.742,0.399
ajax request,2,17,3,5.5255,3.742,0.448
sense to use,3,22,4,5.5207,3.742,0.285
following error message,3,23,3,5.5161,3.742,0.270
specified target,2,19,2,5.5090,3.741,0.232
access in,2,25,4,5.5020,3.741,-0.069
attribute name,2,37,3,5.5043,3.741,0.180
python mode,2,19,2,5.5090,3.741,0.172
efficient way,2,20,4,5.5097,3.741,0.339
web assembly,2,36,2,5.5101,3.741,0.510
use server,2,36,3,5.5113,3.741,-0.007
interactive mode,2,45,2,5.5083,3.741,0.397
press enter,2,17,3,5.5073,3.741,0.568
var run,2,45,2,5.5083,3.741,0.289
during render,2,45,2,5.5083,3.741,0.319
make it easy,3,28,3,5.5113,3.741,0.440
want to override,3,24,4,5.5078,3.741,0.268
path variable,2,21,3,5.4985,3.740,0.136
use regular,2,22,3,5.4915,3.740,0.131
get prototype,2,38,2,5.4972,3.740,0.247
raise exception,2,22,3,5.4915,3.740,0.308
call dispatch,2,21,2,5.4961,3.740,0.261
much the same,3,21,3,5.4985,3.740,0.188
other tables,2,41,3,5.4785,3.739,0.210
following syntax,2,32,3,5.4827,3.739,0.177
new set,2,40,3,5.4856,3.739,0.030
want to support,3,19,4,5.4851,3.739,0.144
few different,2,25,4,5.4757,3.738,0.246
file use,2,22,4,5.4652,3.738,-0.077
line length,2,25,2,5.4704,3.738,0.247
new promise,2,42,2,5.4715,3.738,0.230
object see,2,33,3,5.4757,3.738,0.014
look similar,2,15,4,5.4647,3.738,0.271
key pair,2,14,3,5.4717,3.738,0.385
isolation level,2,50,2,5.4756,3.738,0.458
utf code,2,50,2,5.4756,3.738,0.214
chapter for more,3,13,2,5.4722,3.738,0.308
up and running,3,43,3,5.4657,3.738,0.421
dependency tree,2,27,3,5.4588,3.737,0.306
sensitive information,2,44,2,5.4586,3.737,0.396
accepted in,2,27,2,5.4575,3.737,0.116
next release,2,44,2,5.4586,3.737,0.264
dispose method,2,45,3,5.4528,3.737,0.443
normal function,2,23,4,5.4594,3.737,0.186
object format,2,44,2,5.4586,3.737,0.110
model name,2,44,2,5.4586,3.737,0.129
real life,2,15,4,5.4606,3.737,0.566
initial render,2,45,3,5.4528,3.737,0.374
end up in,3,16,4,5.4548,3.737,0.131
use layout effect,3,44,2,5.4586,3.737,0.431
given name,2,38,3,5.4429,3.736,0.144
most widely,2,17,3,5.4465,3.736,0.462
need to store,3,18,4,5.4407,3.736,0.158
non root user,3,47,2,5.4400,3.736,0.510
point out,2,22,3,5.4372,3.735,0.205
sparse index,2,48,2,5.4329,3.735,0.405
more generally,2,23,4,5.4343,3.735,0.244
application specific,2,31,3,5.4330,3.735,0.194
internal representation,2,40,3,5.4301,3.735,0.454
use css,2,22,3,5.4372,3.735,0.118
file input,2,32,3,5.4313,3.735,0.115
time ago,2,31,2,5.4342,3.735,0.377
short description,2,20,4,5.4238,3.734,0.420
using es,2,16,3,5.4203,3.734,0.221
using something,2,20,4,5.4238,3.734,0.097
network connection,2,42,3,5.4172,3.734,0.328
network interface,2,34,3,5.4144,3.734,0.364
used by git,3,50,2,5.4201,3.734,0.238
specification see,2,18,2,5.4050,3.733,0.264
test script,2,35,2,5.4061,3.733,0.112
other work,2,11,3,5.4098,3.733,0.082
single expression,2,27,3,5.4045,3.733,0.229
object creation,2,35,3,5.4073,3.733,0.266
nested in,2,27,3,5.4073,3.733,0.053
state based,2,35,2,5.4061,3.733,0.170
app state,2,18,2,5.4050,3.733,0.126
considered equal,2,44,2,5.4044,3.733,0.464
based upon,2,44,2,5.4044,3.733,0.417
memory allocation,2,36,2,5.4015,3.733,0.458
configuration parameter,2,44,2,5.4044,3.733,0.196
mean in,2,14,3,5.4092,3.733,0.066
see the build,3,18,2,5.4050,3.733,0.181
run the script,3,19,3,5.4016,3.733,0.261
difficult to read,3,14,4,5.4109,3.733,0.421
multipart form data,3,18,3,5.4062,3.733,0.493
try to call,3,18,4,5.4115,3.733,0.243
build an image,3,44,2,5.4044,3.733,0.346
docker compose file,3,36,2,5.4015,3.733,0.237
object call,2,41,4,5.3979,3.732,0.061
allow empty,2,28,3,5.3962,3.732,0.285
left off,2,33,4,5.3951,3.732,0.403
context processor,2,29,3,5.3904,3.732,0.467
react hook,2,28,3,5.3974,3.732,0.289
listed above,2,31,3,5.3775,3.731,0.376
code outside,2,15,4,5.3800,3.731,0.163
default option,2,22,2,5.3793,3.731,0.062
property value,2,27,4,5.3781,3.731,0.090
outer function,2,18,4,5.3823,3.731,0.263
attack surface,2,47,3,5.3845,3.731,0.767
repository name,2,35,3,5.3822,3.731,0.147
return an object,3,31,3,5.3775,3.731,0.219
create the file,3,15,4,5.3800,3.731,0.182
signal is sent,3,22,2,5.3793,3.731,0.637
condition is true,3,23,3,5.3828,3.731,0.478
need to understand,3,18,4,5.3864,3.731,0.243
iterable object,2,40,3,5.3746,3.730,0.280
function scope,2,24,3,5.3676,3.730,0.096
first column,2,21,4,5.3665,3.730,0.206
loaded in,2,32,3,5.3717,3.730,0.080
type checker,2,32,3,5.3705,3.730,0.356
go ahead,2,24,3,5.3676,3.730,0.491
parameter value,2,33,3,5.3647,3.730,0.088
point value,2,28,3,5.3764,3.730,0.109
column list,2,49,2,5.3716,3.730,0.221
set to none,3,33,3,5.3647,3.730,0.355
default bridge network,3,49,2,5.3716,3.730,0.453
inside the docker,3,41,2,5.3687,3.730,0.207
removed in python,3,49,2,5.3716,3.730,0.367
spacing between,2,17,3,5.3565,3.729,0.444
strict equality,2,35,3,5.3518,3.729,0.508
far more,2,21,4,5.3624,3.729,0.252
json response,2,26,3,5.3548,3.729,0.236
cannot access,2,34,3,5.3588,3.729,0.230
equal sign,2,27,2,5.3571,3.729,0.465
integer type,2,19,3,5.3543,3.729,0.172
array pointer,2,17,2,5.3602,3.729,0.266
limit the number,3,27,4,5.3530,3.729,0.392
format version,2,28,2,5.3407,3.728,0.166
outlined in,2,27,3,5.3489,3.728,0.240
based index,2,44,3,5.3488,3.728,0.221
per file,2,20,3,5.3419,3.728,0.172
parse error,2,19,3,5.3461,3.728,0.215
datetime date,2,45,2,5.3418,3.728,0.433
name app,2,15,3,5.3443,3.728,0.102
table data,2,40,3,5.3495,3.728,0.096
below for more,3,28,3,5.3419,3.728,0.295
using it in,3,20,4,5.3431,3.728,0.161
get the latest,3,19,4,5.3502,3.728,0.260
beyond the end,3,33,2,5.3436,3.728,0.476
additional metadata,2,17,4,5.3314,3.727,0.379
time consuming,2,22,4,5.3303,3.727,0.423
mut self,2,10,2,5.3309,3.727,0.503
bash shell,2,17,3,5.3379,3.727,0.483
character string,2,46,2,5.3360,3.727,0.206
another branch,2,30,2,5.3303,3.727,0.239
dom tree,2,22,2,5.3274,3.727,0.380
configured to use,3,30,3,5.3290,3.727,0.268
save the file,3,21,4,5.3373,3.727,0.323
need to go,3,14,4,5.3274,3.727,0.202
last character,2,20,4,5.3180,3.726,0.317
checking out,2,40,3,5.3190,3.726,0.301
arbitrary number,2,27,4,5.3238,3.726,0.324
normal python,2,28,4,5.3168,3.726,0.259
python org,2,36,4,5.3197,3.726,0.380
socket io,2,15,3,5.3175,3.726,0.463
state instead,2,32,2,5.3150,3.726,0.099
use any other,3,19,4,5.3239,3.726,0.151
intended for use,3,32,2,5.3150,3.726,0.293
same application,2,25,3,5.3051,3.725,0.098
text area,2,41,3,5.3132,3.725,0.400
pretty sure,2,13,2,5.3053,3.725,0.411
change the default,3,34,3,5.3033,3.725,0.176
function to execute,3,42,3,5.3062,3.725,0.253
spec package,2,17,2,5.3010,3.724,0.352
correct version,2,15,4,5.2953,3.724,0.189
same key,2,27,4,5.2975,3.724,0.107
database session,2,27,3,5.2922,3.724,0.287
json parsing,2,17,3,5.3022,3.724,0.362
write in,2,19,4,5.2947,3.724,-0.066
list using,2,16,3,5.2923,3.724,0.031
equality checking,2,17,2,5.3010,3.724,0.530
value goes,2,8,2,5.2936,3.724,0.224
screenshot showing,2,8,2,5.2936,3.724,0.664
throw away,2,28,3,5.2917,3.724,0.486
implicit conversion,2,19,2,5.2918,3.724,0.575
truthy value,2,43,2,5.3004,3.724,0.427
except clause,2,35,2,5.2975,3.724,0.442
status line,2,8,2,5.2936,3.724,0.247
name error,2,33,4,5.2840,3.723,0.021
enum value,2,24,4,5.2870,3.723,0.194
add something,2,16,4,5.2854,3.723,0.170
use curly,2,13,3,5.2830,3.723,0.236
change the code,3,18,3,5.2795,3.723,0.149
application logic,2,21,3,5.2765,3.722,0.229
original value,2,27,3,5.2724,3.722,0.161
need to configure,3,26,4,5.2742,3.722,0.246
mutually exclusive,2,24,3,5.2566,3.721,0.864
bit different,2,15,4,5.2649,3.721,0.225
second case,2,16,4,5.2590,3.721,0.200
outer loop,2,15,4,5.2661,3.721,0.420
map method,2,24,3,5.2660,3.721,0.217
option type,2,24,3,5.2660,3.721,0.034
component update,2,24,3,5.2578,3.721,0.211
local directory,2,24,2,5.2590,3.721,0.192
output information,2,16,2,5.2525,3.720,0.135
new error,2,25,3,5.2520,3.720,0.008
load balancer,2,33,3,5.2536,3.720,0.696
page load,2,17,3,5.2479,3.720,0.317
validate json,2,16,2,5.2525,3.720,0.341
need redux,2,16,2,5.2525,3.720,0.104
big enough,2,14,4,5.2468,3.720,0.457
concise way,2,14,4,5.2468,3.720,0.411
without affecting,2,26,4,5.2490,3.720,0.481
use keyword,2,11,3,5.2445,3.720,0.121
second rule,2,11,3,5.2445,3.720,0.210
table using,2,31,3,5.2426,3.720,0.065
type std,2,10,2,5.2474,3.720,0.263
way to test,3,17,3,5.2491,3.720,0.161
case you want,3,22,4,5.2456,3.720,0.158
tell the compiler,3,10,2,5.2474,3.720,0.406
new edition,2,11,2,5.2392,3.719,0.299
higher precedence,2,44,2,5.2378,3.719,0.557
number between,2,21,4,5.2304,3.719,0.168
object assign,2,19,3,5.2338,3.719,0.258
load module,2,18,3,5.2397,3.719,0.268
background worker,2,45,2,5.2320,3.719,0.479
new docker,2,45,2,5.2320,3.719,0.014
free space,2,45,2,5.2320,3.719,0.409
struct or enum,3,11,2,5.2392,3.719,0.649
end of life,3,24,4,5.2315,3.719,0.549
type is used,3,20,4,5.2321,3.719,0.148
information such,2,37,3,5.2279,3.718,0.142
introduce new,2,21,3,5.2251,3.718,0.318
dimensional array,2,26,4,5.2199,3.718,0.506
cloud provider,2,29,2,5.2238,3.718,0.514
links in,2,30,3,5.2192,3.718,0.102
existing file,2,34,4,5.2227,3.718,0.135
use compose,2,46,2,5.2250,3.718,0.096
container port,2,37,2,5.2291,3.718,0.294
get the full,3,20,3,5.2292,3.718,0.278
build the image,3,37,2,5.2291,3.718,0.279
important note,2,15,3,5.2065,3.717,0.242
symbol dispose,2,48,2,5.2121,3.717,0.622
self contained,2,31,3,5.2122,3.717,0.506
library code,2,19,4,5.2140,3.717,0.071
react testing,2,22,3,5.2152,3.717,0.272
open ai,2,48,2,5.2121,3.717,0.437
way to check,3,22,3,5.2164,3.717,0.216
git repo,2,25,3,5.1965,3.716,0.305
command like,2,29,4,5.2000,3.716,0.044
block until,2,25,4,5.2006,3.716,0.305
explain analyze,2,42,2,5.1964,3.716,0.632
ways to write,3,17,4,5.1965,3.716,0.358
remote tracking branch,3,42,2,5.1964,3.716,0.572
listen on,2,26,3,5.1882,3.715,0.270
self assert,2,18,2,5.1842,3.715,0.436
time without,2,35,3,5.1865,3.715,0.103
identity column,2,34,2,5.1935,3.715,0.438
using the method,3,26,2,5.1907,3.715,0.121
fix in,2,28,3,5.1754,3.714,-0.052
camel case,2,25,4,5.1702,3.714,0.552
same component,2,45,3,5.1765,3.714,0.135
previous step,2,37,2,5.1724,3.714,0.373
like function,2,21,3,5.1749,3.714,-0.023
same origin,2,29,3,5.1708,3.714,0.287
see output,2,20,3,5.1819,3.714,0.061
change color,2,13,2,5.1761,3.714,0.281
access the same,3,21,3,5.1749,3.714,0.119
toml in,2,14,3,5.1597,3.713,0.023
explicitly specified,2,30,3,5.1625,3.713,0.279
currently used,2,22,3,5.1609,3.713,0.187
more efficiently,2,38,3,5.1666,3.713,0.375
most efficient,2,22,4,5.1650,3.713,0.378
between using,2,17,3,5.1685,3.713,0.075
react element,2,39,2,5.1608,3.713,0.214
need to look,3,21,3,5.1667,3.713,0.169
put them in,3,18,4,5.1603,3.713,0.265
need to find,3,18,3,5.1656,3.713,0.172
new key,2,24,3,5.1480,3.712,0.093
better choice,2,12,4,5.1486,3.712,0.436
like docker,2,40,3,5.1537,3.712,0.010
database system,2,36,4,5.1543,3.712,0.193
base template,2,41,2,5.1467,3.712,0.295
inner type,2,8,3,5.1533,3.712,0.220
declare the type,3,12,2,5.1474,3.712,0.337
time we call,3,8,3,5.1533,3.712,0.307
let the user,3,27,4,5.1573,3.712,0.315
require additional,2,25,3,5.1398,3.711,0.333
quick start,2,24,2,5.1456,3.711,0.424
switch back,2,33,3,5.1438,3.711,0.376
next iteration,2,22,4,5.1386,3.711,0.375
require more,2,21,4,5.1404,3.711,0.188
end in,2,29,4,5.1444,3.711,-0.049
memory access,2,17,3,5.1463,3.711,0.217
other end,2,38,3,5.1415,3.711,0.135
version of react,3,34,3,5.1380,3.711,0.245
env var,2,18,3,5.1340,3.710,0.471
default error,2,27,3,5.1281,3.710,0.016
app directory,2,36,3,5.1239,3.710,0.147
single user,2,35,3,5.1310,3.710,0.156
single number,2,24,4,5.1258,3.710,0.164
python path,2,36,2,5.1252,3.710,0.108
memory block,2,44,2,5.1280,3.710,0.246
unable to find,3,15,4,5.1259,3.710,0.439
way to change,3,18,3,5.1311,3.710,0.193
try statement,2,29,3,5.1140,3.709,0.238
double precision,2,37,3,5.1181,3.709,0.545
validation logic,2,21,3,5.1112,3.709,0.333
pre configured,2,28,2,5.1199,3.709,0.450
existing project,2,37,3,5.1181,3.709,0.243
manual memoization,2,28,2,5.1199,3.709,0.668
time stamp,2,31,3,5.1024,3.708,0.510
file without,2,26,4,5.1088,3.708,0.058
string prototype,2,39,3,5.1053,3.708,0.244
combined into,2,23,4,5.1024,3.708,0.338
go away,2,18,4,5.1060,3.708,0.424
user data,2,30,2,5.1070,3.708,0.057
call into,2,22,3,5.1082,3.708,0.099
new connection,2,26,4,5.1088,3.708,0.169
same string,2,32,4,5.0994,3.708,0.049
vary between,2,39,3,5.1053,3.708,0.450
error stream,2,28,3,5.1001,3.708,0.197
next we need,3,10,3,5.1101,3.708,0.316
code see,2,32,3,5.0954,3.707,-0.029
format option,2,40,3,5.0982,3.707,0.150
debug info,2,23,3,5.0983,3.707,0.391
cache invalidation,2,32,2,5.0941,3.707,0.614
act like,2,19,4,5.0989,3.707,0.339
syntax tree,2,19,4,5.0977,3.707,0.271
parent property,2,15,2,5.0942,3.707,0.274
json value,2,24,3,5.0913,3.707,0.078
draft state,2,8,2,5.0978,3.707,0.357
tag object,2,41,2,5.0924,3.707,0.158
restore the previous,3,19,4,5.0977,3.707,0.519
force flag,2,25,3,5.0842,3.706,0.372
combine multiple,2,21,4,5.0849,3.706,0.339
object expression,2,17,2,5.0802,3.706,0.119
highly recommend,2,34,3,5.0825,3.706,0.590
find more,2,21,4,5.0861,3.706,0.129
added action,2,17,2,5.0802,3.706,0.241
switching between,2,30,4,5.0831,3.706,0.452
often see,2,18,3,5.0809,3.706,0.182
parent element,2,17,2,5.0838,3.706,0.298
async task,2,17,2,5.0838,3.706,0.346
change the way,3,18,4,5.0797,3.706,0.232
open the file,3,21,4,5.0861,3.706,0.265
dispatching an action,3,17,2,5.0802,3.706,0.591
working through,2,12,4,5.0680,3.705,0.250
script language,2,27,3,5.0714,3.705,0.217
use data,2,24,4,5.0662,3.705,-0.069
import module,2,35,3,5.0755,3.705,0.198
api server,2,18,3,5.0744,3.705,0.119
encoding in,2,24,4,5.0662,3.705,0.055
type argument,2,27,3,5.0714,3.705,0.087
execute in,2,20,4,5.0668,3.705,0.017
returned object,2,28,3,5.0668,3.705,0.146
executed on,2,40,3,5.0731,3.705,0.120
software development,2,25,3,5.0644,3.705,0.405
new process,2,24,3,5.0674,3.705,0.119
required to use,3,27,3,5.0714,3.705,0.201
want to prevent,3,19,4,5.0738,3.705,0.255
want to perform,3,19,4,5.0738,3.705,0.255
client application,2,37,3,5.0626,3.704,0.201
copy and paste,3,22,4,5.0539,3.704,0.597
built on top,3,29,3,5.0585,3.704,0.445
dollar sign,2,24,4,5.0411,3.703,0.652
important thing,2,19,4,5.0434,3.703,0.372
session user,2,40,2,5.0427,3.703,0.246
response header,2,23,3,5.0440,3.703,0.319
run code,2,22,3,5.0486,3.703,-0.015
running out,2,22,2,5.0511,3.703,0.160
specify the name,3,23,4,5.0469,3.703,0.251
within another,2,20,4,5.0376,3.702,0.223
given file,2,20,4,5.0364,3.702,0.105
attribute value,2,25,3,5.0300,3.702,0.131
object argument,2,42,2,5.0299,3.702,0.092
perfectly valid,2,12,4,5.0388,3.702,0.500
create element,2,41,3,5.0369,3.702,0.166
unknown value,2,16,3,5.0317,3.702,0.258
socket connection,2,24,3,5.0358,3.702,0.405
test failure,2,13,3,5.0306,3.702,0.260
constant propagation,2,15,2,5.0387,3.702,0.676
update on,2,41,3,5.0369,3.702,0.012
error case,2,9,3,5.0365,3.702,0.055
guide is intended,3,16,3,5.0317,3.702,0.539
soon as possible,3,24,3,5.0370,3.702,0.433
object spread,2,18,3,5.0188,3.701,0.303
suggest using,2,18,3,5.0213,3.701,0.288
same project,2,18,4,5.0241,3.701,0.113
previous value,2,26,4,5.0282,3.701,0.151
avoid unnecessary,2,31,4,5.0206,3.701,0.440
file upload,2,43,2,5.0240,3.701,0.281
object of type,3,18,3,5.0213,3.701,0.240
most widely used,3,15,3,5.0177,3.701,0.496
text search configuration,3,43,2,5.0240,3.701,0.474
trivial code,2,40,3,5.0176,3.700,0.304
given time,2,25,4,5.0089,3.700,0.148
officially supported,2,33,4,5.0077,3.700,0.565
use id,2,44,2,5.0170,3.700,0.046
function syntax,2,24,4,5.0107,3.700,0.090
function argument,2,27,3,5.0171,3.700,0.068
ascending order,2,25,4,5.0089,3.700,0.557
prefer using,2,20,3,5.0072,3.700,0.231
see other,2,15,4,5.0148,3.700,0.025
synchronous code,2,20,3,5.0084,3.700,0.250
static assets,2,27,2,5.0159,3.700,0.503
more accurate,2,33,4,5.0077,3.700,0.384
read and understand,3,16,4,5.0119,3.700,0.509
software supply chain,3,44,2,5.0170,3.700,0.659
number of ways,3,16,4,5.0119,3.700,0.307
corresponding value,2,25,3,5.0036,3.699,0.199
use based,2,17,3,5.0049,3.699,0.052
file now,2,25,4,5.0048,3.699,0.026
live server,2,30,3,4.9984,3.699,0.340
state between,2,21,3,5.0042,3.699,0.142
front page,2,10,4,5.0003,3.699,0.389
external store,2,46,2,5.0041,3.699,0.297
method like,2,18,3,4.9962,3.699,0.038
output like,2,18,3,4.9962,3.699,0.050
add use,2,27,3,4.9961,3.699,-0.024
time you call,3,18,4,4.9950,3.699,0.339
way to show,3,13,4,5.0026,3.699,0.264
possible to get,3,26,3,4.9990,3.699,0.220
run the function,3,34,3,5.0019,3.699,0.142
function constructor,2,39,3,4.9942,3.698,0.136
reducer composition,2,15,2,4.9832,3.698,0.585
shared state,2,23,3,4.9914,3.698,0.235
set object,2,40,2,4.9884,3.698,0.012
key and value,3,28,4,4.9850,3.698,0.308
array like object,3,40,2,4.9884,3.698,0.390
line parsing,2,17,3,4.9798,3.697,0.310
plugin name,2,16,2,4.9762,3.697,0.175
behave differently,2,30,4,4.9721,3.697,0.616
vast majority,2,16,4,4.9827,3.697,0.875
automatic documentation,2,16,2,4.9762,3.697,0.373
many programming,2,9,3,4.9810,3.697,0.308
during testing,2,20,4,4.9809,3.697,0.328
specific action,2,16,2,4.9762,3.697,0.224
view func,2,16,2,4.9762,3.697,0.443
backward compatible,2,24,3,4.9815,3.697,0.573
test session,2,16,2,4.9762,3.697,0.227
throw exception,2,16,2,4.9798,3.697,0.271
list of available,3,29,3,4.9779,3.697,0.246
update your code,3,24,3,4.9803,3.697,0.260
command line parsing,3,17,3,4.9798,3.697,0.401
container is running,3,33,3,4.9785,3.697,0.398
works just fine,3,13,4,4.9734,3.697,0.522
undo and redo,3,16,2,4.9762,3.697,0.831
compatible version,2,17,3,4.9704,3.696,0.285
cache documentation,2,18,2,4.9633,3.696,0.271
target cargo,2,14,2,4.9639,3.696,0.177
derived classes,2,26,3,4.9686,3.696,0.460
int value,2,43,3,4.9685,3.696,0.173
create api,2,18,2,4.9633,3.696,0.097
value associated,2,24,3,4.9605,3.696,0.181
along the way,3,19,4,4.9628,3.696,0.470
final release,2,37,2,4.9516,3.695,0.365
array literal,2,28,3,4.9545,3.695,0.286
using two,2,21,4,4.9500,3.695,0.037
mode code,2,28,3,4.9545,3.695,0.074
later use,2,25,4,4.9493,3.695,0.040
large data,2,24,4,4.9564,3.695,0.195
spin up,2,24,4,4.9564,3.695,0.516
remote system,2,20,2,4.9505,3.695,0.263
escape hatch,2,36,3,4.9586,3.695,0.756
default database,2,45,2,4.9557,3.695,0.105
same method,2,16,3,4.9576,3.695,0.051
container layer,2,45,2,4.9557,3.695,0.342
critical section,2,45,2,4.9557,3.695,0.448
equality operator,2,37,2,4.9528,3.695,0.449
filter branch,2,45,2,4.9557,3.695,0.336
global configuration,2,22,2,4.9376,3.694,0.241
reference error,2,30,3,4.9429,3.694,0.085
hash set,2,14,3,4.9388,3.694,0.219
more closely,2,15,3,4.9383,3.694,0.396
uncaught error,2,21,2,4.9471,3.694,0.333
change the state,3,21,3,4.9446,3.694,0.224
written in python,3,34,4,4.9464,3.694,0.333
allow multiple,2,28,4,4.9294,3.693,0.211
showing up,2,15,3,4.9301,3.693,0.312
get stuck,2,27,4,4.9365,3.693,0.383
error event,2,15,3,4.9301,3.693,0.157
used to access,3,32,3,4.9288,3.693,0.207
running into,2,16,3,4.9243,3.692,0.126
default set,2,34,3,4.9160,3.692,0.030
contained within,2,33,3,4.9230,3.692,0.416
line column,2,16,3,4.9231,3.692,0.212
object array,2,17,3,4.9161,3.692,0.063
block statement,2,34,3,4.9160,3.692,0.250
continue using,2,29,4,4.9236,3.692,0.185
origin header,2,16,3,4.9243,3.692,0.453
came across,2,12,2,4.9249,3.692,0.538
call this function,3,26,4,4.9172,3.692,0.274
sha hash,2,26,3,4.9131,3.691,0.498
code based,2,15,4,4.9079,3.691,0.079
test binary,2,10,2,4.9143,3.691,0.212
call site,2,19,3,4.9044,3.691,0.276
app name,2,26,3,4.9131,3.691,0.095
automatically generate,2,18,3,4.9090,3.691,0.316
another variable,2,11,4,4.9085,3.691,0.162
async iterable,2,43,2,4.9130,3.691,0.409
general rule,2,19,3,4.9085,3.691,0.266
looping through,2,18,2,4.9115,3.691,0.534
change directory,2,27,3,4.9114,3.691,0.136
used by other,3,22,4,4.9137,3.691,0.225
specific package,2,19,3,4.9020,3.690,0.197
organization access,2,45,2,4.9001,3.690,0.322
syntax highlighting,2,25,4,4.8938,3.690,0.534
type declaration,2,16,4,4.8968,3.690,0.204
password hash,2,28,2,4.8990,3.690,0.387
test id,2,19,3,4.9020,3.690,0.151
particular situation,2,9,4,4.8963,3.690,0.414
same list,2,17,4,4.8951,3.690,0.070
another table,2,17,3,4.8922,3.690,0.184
work the same,3,20,3,4.9003,3.690,0.083
try to make,3,16,4,4.8980,3.690,0.226
nothing more,2,21,3,4.8916,3.689,0.214
special behavior,2,30,2,4.8862,3.689,0.291
default function,2,15,4,4.8828,3.689,-0.015
installed using,2,27,4,4.8810,3.689,0.132
input file,2,26,4,4.8880,3.689,0.105
give up,2,19,4,4.8822,3.689,0.233
object reference,2,31,2,4.8816,3.689,0.080
little different,2,11,3,4.8834,3.689,0.301
way to prevent,3,18,4,4.8851,3.689,0.300
everything you need,3,18,4,4.8851,3.689,0.327
almost the same,3,22,4,4.8886,3.689,0.285
access the response,3,14,3,4.8817,3.689,0.334
run docker sock,3,39,2,4.8844,3.689,0.511
acquire the lock,3,11,3,4.8834,3.689,0.656
fix the code,3,11,3,4.8834,3.689,0.220
alphabetical order,2,28,3,4.8739,3.688,0.592
add multiple,2,19,4,4.8781,3.688,0.131
check on,2,23,3,4.8763,3.688,0.010
datetime object,2,23,3,4.8775,3.688,0.277
direct access,2,31,3,4.8804,3.688,0.362
absolute url,2,32,3,4.8745,3.688,0.409
parameter type,2,15,4,4.8787,3.688,0.092
expected error,2,15,2,4.8759,3.688,0.145
static member,2,15,2,4.8759,3.688,0.378
first index,2,17,3,4.8699,3.688,0.130
column value,2,23,2,4.8787,3.688,0.133
function to return,3,20,4,4.8711,3.688,0.204
exception was thrown,3,15,2,4.8759,3.688,0.513
automatically update,2,34,3,4.8617,3.687,0.212
core language,2,21,4,4.8693,3.687,0.307
using json,2,25,3,4.8646,3.687,0.068
unlike other,2,33,3,4.8675,3.687,0.268
other more,2,13,4,4.8665,3.687,0.017
dom manipulation,2,16,3,4.8688,3.687,0.627
component needs,2,25,3,4.8634,3.687,0.256
hand written,2,17,2,4.8593,3.687,0.389
curly bracket,2,10,2,4.8641,3.687,0.677
method syntax,2,10,2,4.8641,3.687,0.150
need to work,3,18,4,4.8588,3.687,0.106
using an older,3,21,4,4.8652,3.687,0.346
error handling code,3,10,2,4.8641,3.687,0.268
remote git,2,19,4,4.8530,3.686,0.179
use type,2,18,3,4.8535,3.686,-0.083
open function,2,24,3,4.8494,3.686,0.092
using pip,2,22,4,4.8582,3.686,0.272
error checking,2,36,2,4.8488,3.686,0.220
dangling reference,2,8,2,4.8478,3.686,0.446
thread sleep,2,8,2,4.8478,3.686,0.445
new entry,2,29,3,4.8389,3.685,0.191
stdout stderr,2,20,3,4.8407,3.685,0.616
upper right,2,16,4,4.8466,3.685,0.460
divided into,2,29,3,4.8389,3.685,0.471
state and action,3,19,2,4.8465,3.685,0.382
edit the file,3,21,3,4.8401,3.685,0.339
possible value,2,15,4,4.8273,3.684,0.076
external command,2,18,4,4.8296,3.684,0.228
snake case,2,13,3,4.8349,3.684,0.531
error information,2,13,4,4.8361,3.684,0.079
input text,2,31,3,4.8261,3.684,0.221
last item,2,22,4,4.8331,3.684,0.303
syntax like,2,18,4,4.8337,3.684,0.118
copy in,2,27,3,4.8267,3.684,-0.027
handle connection,2,7,2,4.8285,3.684,0.301
draw on,2,7,2,4.8285,3.684,0.260
error kind,2,7,2,4.8285,3.684,0.203
regular expression pattern,3,38,2,4.8347,3.684,0.395
success or failure,3,19,4,4.8267,3.684,0.637
value to use,3,39,3,4.8289,3.684,0.020
compile this code,3,7,2,4.8285,3.684,0.367
support multiple,2,31,3,4.8248,3.683,0.175
name function,2,17,4,4.8144,3.683,-0.014
method name,2,17,4,4.8144,3.683,0.049
current item,2,15,3,4.8220,3.683,0.254
segmentation fault,2,19,3,4.8238,3.683,0.835
fail in,2,20,3,4.8209,3.683,0.022
need to move,3,12,4,4.8168,3.683,0.229
reload the page,3,15,3,4.8179,3.683,0.567
use effect hook,3,15,3,4.8179,3.683,0.417
same package,2,16,3,4.8109,3.682,0.103
section above,2,17,4,4.8104,3.682,0.238
function such,2,17,3,4.8091,3.682,0.024
other database,2,34,2,4.8102,3.682,0.101
image id,2,25,2,4.8103,3.682,0.207
same dependency,2,14,4,4.7986,3.681,0.158
release build,2,14,4,4.7998,3.681,0.191
support older,2,15,4,4.7928,3.681,0.316
full name,2,44,2,4.7962,3.681,0.174
used to represent,3,31,4,4.7997,3.681,0.347
own risk,2,16,4,4.7858,3.680,0.432
first case,2,17,4,4.7812,3.680,0.092
write data,2,20,3,4.7864,3.680,0.095
same number,2,29,3,4.7834,3.680,0.075
common ways,2,16,4,4.7911,3.680,0.317
name is used,3,29,2,4.7822,3.680,0.168
standard error stream,3,25,3,4.7881,3.680,0.583
see git,2,30,3,4.7764,3.679,0.023
cpu usage,2,31,3,4.7705,3.679,0.458
good time,2,19,3,4.7712,3.679,0.185
running process,2,30,3,4.7764,3.679,0.197
data without,2,26,4,4.7770,3.679,0.067
more functionality,2,11,3,4.7724,3.679,0.202
implement copy,2,7,2,4.7730,3.679,0.294
call drop,2,7,2,4.7730,3.679,0.272
xml document,2,38,2,4.7804,3.679,0.448
possible to implement,3,13,4,4.7806,3.679,0.333
sort by key,3,7,2,4.7730,3.679,0.543
var run docker,3,38,2,4.7804,3.679,0.491
via git,2,28,4,4.7641,3.678,0.158
function get,2,24,3,4.7594,3.678,-0.007
validate data,2,15,3,4.7624,3.678,0.231
present tense,2,15,3,4.7648,3.678,0.649
new style,2,41,3,4.7605,3.678,0.177
current status,2,20,4,4.7600,3.678,0.274
sample code,2,15,3,4.7648,3.678,0.211
off by default,3,32,3,4.7635,3.678,0.311
trying to set,3,15,3,4.7648,3.678,0.180
using another,2,17,4,4.7548,3.677,0.063
take on,2,25,3,4.7536,3.677,0.045
descending order,2,22,4,4.7484,3.677,0.530
ignore everything,2,12,3,4.7584,3.677,0.362
run out,2,18,4,4.7490,3.677,0.091
async context,2,33,2,4.7565,3.677,0.251
line program,2,9,3,4.7561,3.677,0.159
database object,2,33,2,4.7565,3.677,0.082
non zero exit,3,25,3,4.7536,3.677,0.562
want to disable,3,17,3,4.7508,3.677,0.239
like to thank,3,34,3,4.7507,3.677,0.447
know in,2,18,3,4.7449,3.676,-0.064
goes through,2,23,4,4.7414,3.676,0.361
new functionality,2,15,4,4.7373,3.676,0.200
currently running,2,32,4,4.7384,3.676,0.264
get token,2,18,2,4.7425,3.676,0.215
same approach,2,18,4,4.7478,3.676,0.213
advanced use,2,26,3,4.7466,3.676,0.192
now look,2,15,4,4.7426,3.676,0.154
mock server,2,35,2,4.7436,3.676,0.326
more realistic,2,15,4,4.7426,3.676,0.451
xmlhttp request,2,19,2,4.7391,3.676,0.583
locale specific,2,43,2,4.7477,3.676,0.341
zero based,2,43,2,4.7477,3.676,0.312
lambda expression,2,19,2,4.7391,3.676,0.464
using the built,3,27,3,4.7408,3.676,0.213
option to specify,3,23,4,4.7414,3.676,0.242
particularly important,2,25,4,4.7285,3.675,0.457
create view,2,33,3,4.7314,3.675,0.154
exception raised,2,28,3,4.7349,3.675,0.280
api client,2,19,3,4.7367,3.675,0.180
other reason,2,13,4,4.7263,3.675,0.179
driven development,2,13,3,4.7304,3.675,0.542
value the number,3,20,2,4.7296,3.675,0.134
greater than zero,3,33,3,4.7314,3.675,0.500
count the number,3,21,4,4.7291,3.675,0.361
new format,2,30,3,4.7209,3.674,0.107
unless explicitly,2,30,3,4.7209,3.674,0.374
more generic,2,21,3,4.7238,3.674,0.180
report on,2,22,3,4.7180,3.674,0.116
type information,2,18,4,4.7186,3.674,0.067
directly using,2,26,4,4.7215,3.674,0.091
evaluate to true,3,21,3,4.7238,3.674,0.508
now we need,3,10,4,4.7239,3.674,0.230
provide feedback,2,32,3,4.7080,3.673,0.420
same api,2,16,3,4.7052,3.673,0.073
module import,2,32,3,4.7080,3.673,0.190
leave out,2,19,4,4.7128,3.673,0.337
test environment,2,31,3,4.7150,3.673,0.129
field class,2,41,2,4.7050,3.673,0.138
main page,2,32,3,4.7080,3.673,0.238
local docker,2,32,2,4.7092,3.673,0.119
new row,2,32,2,4.7092,3.673,0.169
path entry,2,40,2,4.7121,3.673,0.242
dependency array,2,40,2,4.7121,3.673,0.209
written to disk,3,31,3,4.7150,3.673,0.534
able to create,3,24,4,4.7092,3.673,0.182
enter the following,3,12,3,4.7111,3.673,0.304
another project,2,16,3,4.7011,3.672,0.187
different line,2,16,3,4.7023,3.672,0.109
let const,2,24,2,4.7039,3.672,0.414
ternary operator,2,17,3,4.6965,3.672,0.531
instead see,2,34,3,4.6951,3.672,0.059
default behaviour,2,25,3,4.6993,3.672,0.296
default encoding,2,34,3,4.6951,3.672,0.231
better solution,2,16,2,4.7035,3.672,0.333
index out,2,10,3,4.6947,3.672,0.157
similar problem,2,16,2,4.7035,3.672,0.252
need to give,3,14,4,4.6941,3.672,0.216
resource management,2,35,3,4.6893,3.671,0.452
main process,2,18,3,4.6894,3.671,0.234
render react,2,43,2,4.6922,3.671,0.241
root certificate,2,35,3,4.6893,3.671,0.400
beta release,2,24,3,4.6841,3.671,0.457
search in,2,31,3,4.6899,3.671,-0.004
cache in,2,29,3,4.6724,3.670,-0.020
checked in,2,20,3,4.6766,3.670,0.068
unsafe function,2,8,2,4.6813,3.670,0.201
expected behavior,2,20,3,4.6766,3.670,0.261
non breaking,2,29,3,4.6724,3.670,0.375
old style,2,36,3,4.6823,3.670,0.354
normally use,2,16,4,4.6760,3.670,0.155
during initialization,2,36,3,4.6823,3.670,0.406
left right,2,21,4,4.6736,3.670,0.340
entire list,2,15,4,4.6818,3.670,0.256
referenced object,2,29,2,4.6736,3.670,0.261
use based on,3,16,3,4.6800,3.670,0.084
read the file,3,13,4,4.6748,3.670,0.229
integer overflow,2,19,4,4.6614,3.669,0.437
handle in,2,10,3,4.6684,3.669,-0.031
set true,2,21,3,4.6683,3.669,0.113
original answer,2,13,2,4.6679,3.669,0.334
special member,2,13,2,4.6679,3.669,0.386
error expected,2,13,2,4.6679,3.669,0.141
want to put,3,18,4,4.6643,3.669,0.207
want to ensure,3,19,4,4.6614,3.669,0.216
trying to connect,3,14,3,4.6649,3.669,0.376
picked up,2,23,3,4.6567,3.668,0.456
test flag,2,15,2,4.6514,3.668,0.157
package spec,2,15,2,4.6514,3.668,0.338
patch section,2,15,2,4.6514,3.668,0.337
custom formatter,2,15,2,4.6514,3.668,0.435
array type,2,40,3,4.6566,3.668,0.053
promise constructor,2,32,2,4.6525,3.668,0.372
import export,2,23,3,4.6555,3.668,0.357
keep alive,2,23,3,4.6555,3.668,0.559
def get,2,15,2,4.6514,3.668,0.234
database file,2,16,4,4.6509,3.668,0.071
communication between,2,27,4,4.6601,3.668,0.446
block id,2,15,2,4.6514,3.668,0.231
weak set,2,40,3,4.6566,3.668,0.308
output txt,2,8,2,4.6562,3.668,0.305
use unsafe,2,8,2,4.6562,3.668,0.160
difficult to understand,3,15,4,4.6567,3.668,0.491
want to restrict,3,15,2,4.6514,3.668,0.337
time an action,3,15,2,4.6514,3.668,0.293
best option,2,17,3,4.6409,3.667,0.208
root file,2,9,3,4.6450,3.667,0.121
recent commit,2,17,4,4.6450,3.667,0.380
continue working,2,25,3,4.6438,3.667,0.331
python list,2,24,3,4.6496,3.667,0.095
original exception,2,16,3,4.6480,3.667,0.237
bubble up,2,16,3,4.6480,3.667,0.512
template loader,2,42,2,4.6437,3.667,0.510
relative time,2,34,2,4.6408,3.667,0.237
output column,2,42,2,4.6437,3.667,0.199
most recent commit,3,17,4,4.6450,3.667,0.467
able to set,3,33,3,4.6467,3.667,0.162
trying to understand,3,12,3,4.6486,3.667,0.347
target platform,2,18,3,4.6327,3.666,0.339
cargo bin,2,13,2,4.6391,3.666,0.324
version string,2,26,3,4.6368,3.666,0.076
script type,2,17,2,4.6385,3.666,0.051
value null,2,19,4,4.6310,3.666,0.105
array expression,2,17,2,4.6385,3.666,0.185
different code,2,14,4,4.6386,3.666,0.012
name using,2,22,4,4.6374,3.666,-0.017
production server,2,17,3,4.6397,3.666,0.259
first letter,2,18,4,4.6380,3.666,0.344
parameter instead,2,19,4,4.6310,3.666,0.150
nested state,2,18,3,4.6327,3.666,0.248
docker version,2,26,2,4.6380,3.666,0.051
through the use,3,22,4,4.6374,3.666,0.140
method is used,3,26,3,4.6368,3.666,0.182
new package,2,19,2,4.6257,3.665,0.089
like most,2,24,3,4.6286,3.665,0.087
home page,2,16,4,4.6258,3.665,0.347
default parameter,2,28,3,4.6239,3.665,0.112
react application,2,19,3,4.6269,3.665,0.149
instead of calling,3,17,4,4.6187,3.665,0.251
easier to see,3,9,4,4.6199,3.665,0.239
different set,2,21,4,4.6181,3.664,0.070
script function,2,22,3,4.6082,3.664,0.032
zero width,2,22,4,4.6123,3.664,0.427
file structure,2,17,3,4.6134,3.664,0.161
invalid data,2,17,4,4.6146,3.664,0.213
more sophisticated,2,30,3,4.6111,3.664,0.459
big difference,2,14,4,4.6094,3.664,0.415
email field,2,22,4,4.6123,3.664,0.268
default import,2,21,2,4.6128,3.664,0.135
git difftool,2,39,2,4.6081,3.664,0.478
join method,2,26,2,4.6158,3.664,0.242
updater function,2,39,2,4.6081,3.664,0.422
default target,2,23,2,4.5999,3.663,0.138
spacing around,2,14,2,4.6029,3.663,0.497
api using,2,23,2,4.5999,3.663,0.026
use client,2,40,2,4.6011,3.663,0.046
request session,2,23,2,4.5999,3.663,0.268
system check,2,40,2,4.6011,3.663,0.182
int type,2,23,2,4.5999,3.663,0.178
git revert,2,31,2,4.6052,3.663,0.335
general form,2,32,2,4.6023,3.663,0.317
node list,2,23,2,4.6024,3.663,0.151
data member,2,15,2,4.5995,3.663,0.212
defined function,2,23,2,4.6024,3.663,0.074
need to think,3,11,3,4.6071,3.663,0.230
avoid confusion,2,20,4,4.5947,3.662,0.488
run against,2,24,3,4.5941,3.662,0.219
return undefined,2,24,3,4.5941,3.662,0.250
optional argument,2,33,3,4.5912,3.662,0.268
flow in,2,16,3,4.5913,3.662,0.074
other classes,2,20,4,4.5959,3.662,0.178
left out,2,20,4,4.5959,3.662,0.261
third line,2,9,3,4.5908,3.662,0.268
best choice,2,16,3,4.5966,3.662,0.434
necessary to use,3,24,3,4.5941,3.662,0.228
raise the exception,3,16,3,4.5925,3.662,0.425
tried to run,3,16,3,4.5966,3.662,0.287
props object,2,18,3,4.5772,3.661,0.222
currently supported,2,34,3,4.5853,3.661,0.335
output using,2,18,3,4.5796,3.661,0.011
query like,2,22,3,4.5831,3.661,0.080
across the entire,3,17,3,4.5842,3.661,0.429
used to identify,3,35,3,4.5783,3.661,0.330
locally installed,2,15,4,4.5720,3.660,0.398
first class,2,27,3,4.5754,3.660,0.094
login required,2,27,2,4.5742,3.660,0.404
try to avoid,3,28,3,4.5684,3.660,0.286
find the right,3,19,3,4.5714,3.660,0.336
option is specified,3,28,3,4.5684,3.660,0.304
strict mode code,3,27,2,4.5742,3.660,0.216
see later,2,16,4,4.5649,3.659,0.114
better support,2,29,2,4.5614,3.659,0.246
match against,2,17,3,4.5632,3.659,0.307
plain old,2,13,3,4.5569,3.659,0.394
come across,2,13,3,4.5609,3.659,0.442
graphical user,2,14,3,4.5580,3.659,0.451
single or double,3,26,4,4.5562,3.659,0.471
used to perform,3,26,4,4.5562,3.659,0.263
way to store,3,9,3,4.5644,3.659,0.213
react testing library,3,20,3,4.5655,3.659,0.542
pre built,2,31,2,4.5485,3.658,0.356
python environment,2,23,3,4.5456,3.658,0.134
list type,2,15,3,4.5510,3.658,0.037
list object,2,31,3,4.5497,3.658,0.043
date value,2,39,3,4.5526,3.658,0.110
third rule,2,7,2,4.5522,3.658,0.277
best to use,3,14,4,4.5539,3.658,0.212
need to start,3,18,4,4.5533,3.658,0.143
call this method,3,27,3,4.5503,3.658,0.300
ca bundle,2,16,2,4.5345,3.657,0.593
main module,2,32,3,4.5427,3.657,0.186
without checking,2,24,4,4.5439,3.657,0.285
see two,2,16,4,4.5398,3.657,0.069
value outside,2,9,4,4.5352,3.657,0.165
dispatch get,2,16,2,4.5345,3.657,0.208
builder add,2,16,2,4.5345,3.657,0.317
mess up,2,16,4,4.5410,3.657,0.497
database level,2,33,2,4.5369,3.657,0.200
select list,2,41,2,4.5397,3.657,0.165
customize the behavior,3,25,3,4.5369,3.657,0.458
code to make,3,13,4,4.5346,3.657,0.078
trying to write,3,16,3,4.5370,3.657,0.256
see the docker,3,41,2,4.5397,3.657,0.112
trying to implement,3,11,2,4.5446,3.657,0.311
worked around,2,26,3,4.5270,3.656,0.445
text string,2,22,4,4.5264,3.656,0.124
flow control,2,14,4,4.5247,3.656,0.390
code easier,2,17,4,4.5340,3.656,0.151
means in,2,17,3,4.5299,3.656,-0.053
run through,2,17,4,4.5340,3.656,0.142
immutable data,2,17,3,4.5287,3.656,0.210
filter out,2,30,4,4.5304,3.656,0.262
image data,2,25,2,4.5340,3.656,0.087
make git,2,26,3,4.5310,3.656,0.061
see something like,3,18,3,4.5241,3.656,0.232
kind of data,3,14,4,4.5276,3.656,0.234
get the output,3,17,2,4.5311,3.656,0.173
want to print,3,10,2,4.5253,3.656,0.204
got an error,3,10,2,4.5253,3.656,0.345
own line,2,14,3,4.5223,3.655,0.168
correct in,2,15,4,4.5177,3.655,-0.046
return early,2,8,4,4.5160,3.655,0.313
pointer type,2,11,3,4.5224,3.655,0.169
turn it into,3,11,3,4.5224,3.655,0.465
preferred way,2,21,3,4.5042,3.654,0.349
main purpose,2,16,4,4.5106,3.654,0.366
mapping between,2,28,3,4.5129,3.654,0.351
during test,2,16,3,4.5094,3.654,0.168
same class,2,20,3,4.5112,3.654,0.069
identity value,2,12,2,4.5084,3.654,0.242
custom template,2,38,2,4.5041,3.654,0.262
concentrate on,2,10,3,4.5031,3.654,0.398
many operating,2,10,3,4.5031,3.654,0.323
logged in user,3,21,3,4.5030,3.654,0.405
work as well,3,13,4,4.5054,3.654,0.200
wide range,2,26,4,4.5006,3.653,0.481
multiple test,2,14,3,4.4972,3.653,0.114
test command,2,14,3,4.4972,3.653,0.065
std mem,2,10,2,4.4978,3.653,0.656
private data,2,39,2,4.4971,3.653,0.194
create connection,2,39,2,4.4971,3.653,0.186
past tense,2,14,3,4.4943,3.653,0.734
code now,2,23,3,4.4954,3.653,-0.010
docker registry,2,30,2,4.5012,3.653,0.175
days ago,2,14,2,4.4955,3.653,0.599
non const,2,14,2,4.4955,3.653,0.363
type of data,3,18,3,4.4966,3.653,0.180
make it possible,3,27,4,4.4948,3.653,0.322
stable channel,2,20,3,4.4837,3.652,0.479
commit hash,2,20,4,4.4849,3.652,0.314
stand alone,2,24,3,4.4843,3.652,0.776
using code,2,19,4,4.4907,3.652,-0.079
least once,2,23,3,4.4913,3.652,0.319
network create,2,41,2,4.4842,3.652,0.182
level configuration,2,32,3,4.4872,3.652,0.193
get default,2,15,3,4.4861,3.652,0.032
want to apply,3,15,3,4.4873,3.652,0.197
way to run,3,20,4,4.4849,3.652,0.135
implement your own,3,20,4,4.4890,3.652,0.357
past the end,3,16,3,4.4896,3.652,0.470
return the error,3,8,2,4.4868,3.652,0.202
wrapper type,2,10,3,4.4727,3.651,0.230
data conversion,2,16,3,4.4802,3.651,0.255
yield statement,2,25,3,4.4773,3.651,0.382
key field,2,25,3,4.4785,3.651,0.157
usually used,2,30,4,4.4749,3.651,0.170
mutable object,2,25,3,4.4773,3.651,0.218
error condition,2,33,3,4.4813,3.651,0.213
new method,2,33,3,4.4813,3.651,0.031
level state,2,16,3,4.4802,3.651,0.149
use within,2,21,3,4.4791,3.651,0.047
leading and trailing,3,25,3,4.4773,3.651,0.742
other side effects,3,17,3,4.4732,3.651,0.296
like to get,3,12,4,4.4821,3.651,0.128
write code like,3,14,3,4.4733,3.651,0.347
git url,2,27,3,4.4644,3.650,0.144
printed out,2,14,4,4.4692,3.650,0.327
see python,2,32,4,4.4621,3.650,0.047
automatically create,2,32,4,4.4621,3.650,0.148
stack frame,2,27,2,4.4656,3.650,0.439
docker volume,2,35,2,4.4685,3.650,0.259
container start,2,35,2,4.4685,3.650,0.189
used in combination,3,18,3,4.4715,3.650,0.403
run the docker,3,35,2,4.4685,3.650,0.175
someone please,2,12,2,4.4529,3.649,0.444
use non,2,36,3,4.4615,3.649,0.038
single byte,2,24,4,4.4592,3.649,0.325
extra argument,2,19,3,4.4603,3.649,0.248
recursive type,2,8,3,4.4604,3.649,0.269
empty directory,2,25,4,4.4522,3.649,0.206
non reactive,2,28,2,4.4574,3.649,0.375
static type checkers,3,19,3,4.4603,3.649,0.590
solve this issue,3,12,3,4.4570,3.649,0.466
more granular,2,26,3,4.4451,3.648,0.447
object create,2,26,3,4.4451,3.648,0.020
fit on,2,22,3,4.4417,3.648,0.227
file such,2,21,3,4.4475,3.648,0.032
output data,2,21,3,4.4475,3.648,0.038
same amount,2,14,4,4.4429,3.648,0.252
head over,2,17,4,4.4481,3.648,0.337
insert update,2,34,3,4.4492,3.648,0.296
word boundary,2,34,3,4.4492,3.648,0.531
open an issue,3,17,4,4.4481,3.648,0.360
use the test,3,17,4,4.4481,3.648,0.086
possible to make,3,17,4,4.4493,3.648,0.219
run some code,3,10,3,4.4476,3.648,0.347
first three,2,20,3,4.4335,3.647,0.203
given node,2,15,3,4.4318,3.647,0.209
id instead,2,14,3,4.4376,3.647,0.158
switch case,2,14,3,4.4376,3.647,0.269
given object,2,32,2,4.4317,3.647,0.103
throw statement,2,23,3,4.4358,3.647,0.322
more quickly,2,20,3,4.4335,3.647,0.293
more expensive,2,31,3,4.4387,3.647,0.321
merge two,2,14,3,4.4400,3.647,0.174
model save,2,40,2,4.4357,3.647,0.295
command now,2,40,2,4.4357,3.647,0.067
container name,2,32,2,4.4329,3.647,0.103
git restore,2,19,3,4.4405,3.647,0.303
falsy value,2,40,2,4.4357,3.647,0.416
tuple type,2,12,2,4.4347,3.647,0.179
use the package,3,14,3,4.4376,3.647,0.138
latest stable version,3,8,3,4.4313,3.647,0.506
code the first,3,8,3,4.4313,3.647,0.041
way to access,3,27,4,4.4393,3.647,0.201
need to convert,3,19,4,4.4365,3.647,0.249
first we need,3,15,4,4.4358,3.647,0.224
known at compile,3,12,2,4.4347,3.647,0.502
new rule,2,15,2,4.4305,3.646,0.060
background task,2,16,3,4.4247,3.646,0.445
now need,2,16,4,4.4300,3.646,0.051
decorated function,2,16,3,4.4247,3.646,0.361
time component,2,33,3,4.4258,3.646,0.133
taking advantage,2,25,3,4.4271,3.646,0.544
object instance,2,24,2,4.4300,3.646,0.087
lot of people,3,16,3,4.4259,3.646,0.419
fix this issue,3,16,3,4.4259,3.646,0.380
lock in,2,18,4,4.4172,3.645,0.016
application factory,2,17,2,4.4177,3.645,0.358
sure enough,2,7,3,4.4120,3.645,0.346
sub directory,2,17,3,4.4201,3.645,0.301
world project,2,7,3,4.4120,3.645,0.322
state argument,2,17,2,4.4177,3.645,0.125
include it in,3,14,4,4.4125,3.645,0.262
provide the same,3,14,4,4.4178,3.645,0.147
get the data,3,17,3,4.4201,3.645,0.156
same set,2,27,3,4.4089,3.644,0.023
raw json,2,36,2,4.4059,3.644,0.318
type property,2,19,2,4.4048,3.644,0.084
two common,2,19,4,4.4101,3.644,0.184
resolved in,2,28,3,4.4031,3.644,0.081
same place,2,20,4,4.4043,3.644,0.175
app needs,2,19,3,4.4060,3.644,0.210
cpu time,2,24,4,4.4037,3.644,0.292
other function,2,19,4,4.4101,3.644,-0.025
relational database,2,24,4,4.4037,3.644,0.458
python use,2,27,3,4.4101,3.644,-0.034
get user,2,27,3,4.4089,3.644,0.069
landing page,2,19,2,4.4048,3.644,0.584
comparison function,2,27,3,4.4089,3.644,0.219
execution plan,2,28,3,4.4031,3.644,0.433
go to cargo,3,11,2,4.4061,3.644,0.287
option to use,3,24,4,4.4037,3.644,0.075
call the method,3,19,3,4.4073,3.644,0.248
need to put,3,15,3,4.4079,3.644,0.206
good choice,2,21,3,4.3932,3.643,0.414
signed integer,2,34,3,4.3937,3.643,0.438
less time,2,16,4,4.3996,3.643,0.203
missing in,2,20,3,4.4002,3.643,0.028
cache file,2,21,2,4.3920,3.643,0.129
value cannot,2,21,3,4.3932,3.643,0.095
specific case,2,20,3,4.4002,3.643,0.152
error such,2,17,4,4.3979,3.643,0.044
connection pool,2,20,3,4.4002,3.643,0.393
without waiting,2,38,2,4.3931,3.643,0.333
ordered dict,2,38,2,4.3931,3.643,0.537
another list,2,9,3,4.3991,3.643,0.140
other object,2,29,2,4.3973,3.643,-0.001
non interactive,2,37,2,4.4001,3.643,0.373
compose command,2,37,2,4.4001,3.643,0.187
git clean,2,37,2,4.4001,3.643,0.243
generator object,2,29,2,4.3973,3.643,0.224
byte string,2,37,2,4.4001,3.643,0.256
type needs,2,9,3,4.3991,3.643,0.122
self parameter,2,9,3,4.3991,3.643,0.300
create an array,3,21,3,4.3932,3.643,0.209
pass by value,3,13,2,4.3915,3.643,0.398
default display,2,14,3,4.3821,3.642,0.180
two major,2,14,4,4.3874,3.642,0.288
less likely,2,19,4,4.3809,3.642,0.400
please make,2,14,3,4.3833,3.642,0.234
define in,2,14,4,4.3874,3.642,-0.037
another process,2,30,3,4.3902,3.642,0.197
different order,2,19,4,4.3850,3.642,0.154
state during,2,27,4,4.3838,3.642,0.168
non serializable,2,14,3,4.3821,3.642,0.460
defined outside,2,14,4,4.3874,3.642,0.293
now ready,2,15,3,4.3856,3.642,0.263
memory address,2,14,3,4.3886,3.642,0.279
please make sure,3,14,3,4.3833,3.642,0.364
statement is executed,3,30,3,4.3902,3.642,0.428
like to add,3,14,3,4.3845,3.642,0.155
calling the method,3,14,3,4.3886,3.642,0.312
use registry,2,23,2,4.3791,3.641,0.098
code repository,2,40,2,4.3802,3.641,0.069
prototype object,2,40,2,4.3802,3.641,0.194
same variable,2,24,3,4.3745,3.641,0.072
important difference,2,12,4,4.3751,3.641,0.349
entire program,2,12,4,4.3751,3.641,0.302
during startup,2,24,3,4.3733,3.641,0.403
same folder,2,15,3,4.3775,3.641,0.221
application needs,2,33,3,4.3703,3.641,0.207
object database,2,40,2,4.3802,3.641,0.074
first render,2,24,3,4.3745,3.641,0.195
want more,2,20,3,4.3751,3.641,0.016
open file,2,28,3,4.3780,3.641,0.098
double click,2,20,3,4.3751,3.641,0.428
command line program,3,8,3,4.3757,3.641,0.241
way to set,3,24,3,4.3745,3.641,0.124
release cycle,2,21,3,4.3669,3.640,0.419
type inference,2,13,4,4.3640,3.640,0.368
fall through,2,17,3,4.3634,3.640,0.442
object pattern,2,16,3,4.3692,3.640,0.102
code running,2,25,3,4.3675,3.640,0.036
doing anything,2,21,4,4.3681,3.640,0.343
share data,2,22,4,4.3610,3.640,0.220
less error,2,21,4,4.3681,3.640,0.172
system path,2,25,3,4.3675,3.640,0.145
change on,2,21,4,4.3681,3.640,-0.020
test driven,2,13,3,4.3693,3.640,0.397
currently checked,2,26,2,4.3616,3.640,0.408
use the type,3,13,3,4.3681,3.640,0.037
get you started,3,13,4,4.3640,3.640,0.485
less error prone,3,21,4,4.3681,3.640,0.566
logic and data,3,16,3,4.3692,3.640,0.363
date time field,3,34,2,4.3645,3.640,0.332
currently checked out,3,26,2,4.3616,3.640,0.559
cpu bound,2,15,3,4.3552,3.639,0.508
inserted in,2,35,3,4.3575,3.639,0.117
installed via,2,15,4,4.3524,3.639,0.295
original string,2,27,3,4.3587,3.639,0.195
see using,2,27,3,4.3587,3.639,-0.029
update statement,2,11,3,4.3530,3.639,0.207
without throwing,2,18,2,4.3588,3.639,0.359
running cargo test,3,7,2,4.3565,3.639,0.404
use the exact,3,18,3,4.3576,3.639,0.184
sure to read,3,18,3,4.3564,3.639,0.337
using this option,3,27,2,4.3534,3.639,0.165
value is none,3,15,3,4.3552,3.639,0.329
seen so far,3,7,2,4.3565,3.639,0.496
automatically use,2,24,4,4.3482,3.638,0.041
bin directory,2,16,4,4.3453,3.638,0.336
address on,2,29,3,4.3417,3.638,0.080
web interface,2,20,4,4.3488,3.638,0.330
priority over,2,20,3,4.3435,3.638,0.451
specified number,2,37,3,4.3446,3.638,0.141
currently executing,2,37,3,4.3446,3.638,0.414
let keyword,2,9,3,4.3436,3.638,0.335
select add,2,37,3,4.3446,3.638,0.152
python web,2,20,3,4.3435,3.638,0.180
function above,2,16,4,4.3453,3.638,0.077
first entry,2,20,3,4.3435,3.638,0.215
tree structure,2,29,3,4.3417,3.638,0.318
css code,2,12,2,4.3419,3.638,0.126
language like,2,12,3,4.3500,3.638,0.138
searching in,2,12,3,4.3500,3.638,0.124
using the object,3,25,3,4.3411,3.638,0.066
handle the case,3,16,4,4.3494,3.638,0.341
component did mount,3,37,3,4.3446,3.638,0.604
possible use,2,22,3,4.3306,3.637,0.020
per second,2,30,3,4.3347,3.637,0.304
original code,2,21,3,4.3389,3.637,0.124
security vulnerability,2,21,3,4.3377,3.637,0.452
following statement,2,22,3,4.3319,3.637,0.166
certain type,2,17,4,4.3383,3.637,0.179
suggested in,2,13,3,4.3360,3.637,0.140
using flask,2,13,2,4.3336,3.637,0.141
long lived,2,21,3,4.3377,3.637,0.577
major new,2,13,3,4.3360,3.637,0.226
above error,2,13,3,4.3360,3.637,0.103
redux observable,2,13,2,4.3336,3.637,0.493
new date,2,39,2,4.3317,3.637,0.133
docker push,2,39,2,4.3317,3.637,0.184
output without,2,17,3,4.3395,3.637,0.105
returned reference,2,11,2,4.3307,3.637,0.223
want to try,3,17,4,4.3383,3.637,0.137
need to perform,3,21,3,4.3377,3.637,0.243
using the syntax,3,18,3,4.3366,3.637,0.187
define custom,2,19,4,4.3254,3.636,0.251
random value,2,15,4,4.3260,3.636,0.213
database tables,2,23,3,4.3248,3.636,0.262
default handler,2,14,3,4.3278,3.636,0.188
client instance,2,14,2,4.3266,3.636,0.211
server configuration,2,31,2,4.3289,3.636,0.126
frontend code,2,15,2,4.3232,3.636,0.234
number generator,2,16,3,4.3202,3.636,0.289
usual way,2,31,2,4.3289,3.636,0.336
run in parallel,3,23,3,4.3289,3.636,0.344
return type boolean,3,14,2,4.3266,3.636,0.475
handle the exception,3,15,2,4.3232,3.636,0.329
random number generator,3,16,3,4.3202,3.636,0.652
help message,2,29,3,4.3154,3.635,0.214
library target,2,12,2,4.3143,3.635,0.225
runtime environment,2,24,3,4.3190,3.635,0.253
extra parentheses,2,16,2,4.3137,3.635,0.424
multiple worker,2,12,4,4.3196,3.635,0.297
local state,2,25,3,4.3120,3.635,0.146
add todo,2,16,2,4.3137,3.635,0.297
significantly faster,2,21,4,4.3126,3.635,0.559
txt in,2,17,2,4.3173,3.635,0.083
io module,2,17,2,4.3173,3.635,0.266
using the model,3,16,2,4.3137,3.635,0.172
going forward,2,18,3,4.3021,3.634,0.444
less efficient,2,26,3,4.3061,3.634,0.451
same goes,2,17,3,4.3091,3.634,0.242
syntactic sugar,2,18,3,4.3033,3.634,0.867
without losing,2,22,3,4.3067,3.634,0.468
specified key,2,30,3,4.3096,3.634,0.163
panic on,2,23,2,4.3038,3.634,0.145
much harder,2,22,3,4.3067,3.634,0.467
used to construct,3,35,2,4.3020,3.634,0.370
local configuration,2,19,3,4.2950,3.633,0.189
supported version,2,27,3,4.2991,3.633,0.201
password manager,2,12,4,4.2945,3.633,0.382
longer valid,2,16,4,4.2939,3.633,0.302
closely related,2,15,4,4.2969,3.633,0.558
command window,2,8,3,4.2951,3.633,0.239
used to find,3,19,3,4.2962,3.633,0.198
need to remove,3,19,3,4.2962,3.633,0.176
using the shell,3,12,4,4.2945,3.633,0.211
using other,2,20,3,4.2892,3.632,-0.027
specific behavior,2,17,4,4.2828,3.632,0.213
content security,2,37,2,4.2891,3.632,0.296
hashing algorithm,2,25,4,4.2869,3.632,0.614
recently added,2,29,3,4.2862,3.632,0.428
long enough,2,18,4,4.2810,3.632,0.358
following snippet,2,20,2,4.2904,3.632,0.397
virtual box,2,20,2,4.2904,3.632,0.418
text view,2,12,2,4.2876,3.632,0.211
web kit,2,12,2,4.2876,3.632,0.422
dom exception,2,12,2,4.2876,3.632,0.272
works perfectly,2,12,2,4.2876,3.632,0.454
tic tac,2,21,3,4.2875,3.632,0.987
tac toe,2,21,3,4.2875,3.632,0.987
content security policy,3,37,2,4.2891,3.632,0.540
tic tac toe,3,21,3,4.2875,3.632,1.000
function class,2,22,2,4.2751,3.631,0.020
project structure,2,14,3,4.2735,3.631,0.262
newline character,2,22,4,4.2804,3.631,0.482
like create,2,22,2,4.2751,3.631,0.025
type str,2,14,3,4.2764,3.631,0.203
using different,2,30,3,4.2792,3.631,0.018
interactive debugger,2,13,2,4.2781,3.631,0.552
ca certificate,2,31,3,4.2734,3.631,0.588
print hello,2,10,4,4.2782,3.631,0.381
node path,2,13,2,4.2781,3.631,0.147
function directly,2,18,4,4.2770,3.631,0.083
wrapped component,2,13,2,4.2781,3.631,0.392
todo object,2,13,2,4.2781,3.631,0.245
completely new,2,14,4,4.2776,3.631,0.241
go runtime,2,39,2,4.2762,3.631,0.303
new worker,2,11,4,4.2711,3.631,0.215
select create,2,39,2,4.2762,3.631,0.139
original query,2,35,2,4.2769,3.631,0.248
interaction between,2,27,3,4.2740,3.631,0.454
render in,2,27,3,4.2740,3.631,-0.014
code is executed,3,22,3,4.2763,3.631,0.257
run as root,3,22,2,4.2751,3.631,0.449
throughout the rest,3,10,3,4.2770,3.631,0.556
option of git,3,35,2,4.2769,3.631,0.318
different file,2,20,3,4.2629,3.630,0.033
nightly rust,2,8,2,4.2647,3.630,0.326
new rust,2,8,2,4.2647,3.630,0.069
experimental feature,2,24,2,4.2623,3.630,0.388
id string,2,24,2,4.2623,3.630,0.131
type definition,2,19,4,4.2699,3.630,0.151
more fine,2,20,3,4.2629,3.630,0.212
specific error,2,20,4,4.2641,3.630,0.093
typical use,2,24,3,4.2635,3.630,0.226
method now,2,28,4,4.2670,3.630,0.061
server program,2,15,3,4.2652,3.630,0.149
custom validation,2,15,3,4.2664,3.630,0.290
real application,2,12,3,4.2641,3.630,0.261
most basic,2,20,4,4.2641,3.630,0.290
method post,2,15,3,4.2652,3.630,0.153
static site,2,24,2,4.2623,3.630,0.361
running cargo build,3,8,2,4.2647,3.630,0.414
wrap it in,3,24,3,4.2635,3.630,0.291
execute arbitrary,2,34,3,4.2535,3.629,0.420
trying out,2,16,3,4.2606,3.629,0.215
hash table,2,22,4,4.2512,3.629,0.276
interactive rebase,2,25,2,4.2577,3.629,0.504
referenced table,2,33,2,4.2605,3.629,0.346
using object,2,33,2,4.2605,3.629,-0.047
set it up,3,16,3,4.2606,3.629,0.384
many different ways,3,14,3,4.2512,3.629,0.428
start the container,3,25,2,4.2577,3.629,0.282
want to match,3,18,3,4.2519,3.629,0.143
set via,2,27,3,4.2436,3.628,0.148
correct behavior,2,11,4,4.2420,3.628,0.234
new use,2,18,3,4.2506,3.628,-0.077
basic authentication,2,26,2,4.2494,3.628,0.419
directory inside,2,26,3,4.2506,3.628,0.153
nested list,2,10,3,4.2490,3.628,0.254
used to work,3,26,3,4.2506,3.628,0.162
attempt to access,3,15,4,4.2454,3.628,0.327
run it in,3,19,4,4.2448,3.628,0.117
file not found,3,15,4,4.2454,3.628,0.267
up the stack,3,10,3,4.2490,3.628,0.288
test data,2,28,2,4.2365,3.627,0.023
abstract syntax,2,19,3,4.2395,3.627,0.412
less common,2,20,3,4.2337,3.627,0.298
same app,2,19,3,4.2395,3.627,0.080
class without,2,19,3,4.2407,3.627,0.117
build up,2,16,3,4.2384,3.627,0.104
resolution order,2,28,3,4.2378,3.627,0.374
code sample,2,12,3,4.2320,3.627,0.200
value field,2,16,3,4.2384,3.627,0.045
current query,2,36,3,4.2406,3.627,0.162
new list,2,20,3,4.2349,3.627,0.047
static property,2,36,3,4.2406,3.627,0.249
meaning in,2,24,3,4.2384,3.627,0.051
inside the curly,3,8,3,4.2396,3.627,0.476
floating point value,3,17,3,4.2326,3.627,0.267
spread operator,2,13,3,4.2238,3.626,0.439
another part,2,10,4,4.2227,3.626,0.197
exception group,2,30,2,4.2237,3.626,0.243
function component,2,21,3,4.2279,3.626,0.072
select related,2,38,2,4.2278,3.626,0.286
container registry,2,38,2,4.2278,3.626,0.258
daemon configuration,2,38,2,4.2278,3.626,0.297
able to call,3,13,4,4.2291,3.626,0.195
zero based index,3,38,2,4.2278,3.626,0.575
space separated,2,23,3,4.2138,3.625,0.435
default git,2,27,4,4.2185,3.625,0.017
additional functionality,2,19,4,4.2144,3.625,0.332
different database,2,27,4,4.2185,3.625,0.135
verbose mode,2,22,3,4.2208,3.625,0.344
good solution,2,11,4,4.2128,3.625,0.317
resource type,2,14,3,4.2168,3.625,0.186
current schema,2,31,3,4.2179,3.625,0.248
fast cgi,2,14,2,4.2192,3.625,0.564
memory model,2,14,2,4.2192,3.625,0.207
really useful,2,14,2,4.2192,3.625,0.301
way to add,3,18,4,4.2214,3.625,0.150
need to delete,3,14,2,4.2192,3.625,0.223
group by clause,3,15,3,4.2162,3.625,0.605
automatically applied,2,15,2,4.2097,3.624,0.330
production use,2,32,2,4.2108,3.624,0.126
use string,2,16,4,4.2092,3.624,-0.053
automatically set,2,32,2,4.2108,3.624,0.125
object inside,2,24,3,4.2080,3.624,0.082
often want,2,16,4,4.2092,3.624,0.174
plugin api,2,15,2,4.2097,3.624,0.203
remains in,2,20,4,4.2086,3.624,0.148
keyboard interrupt,2,32,2,4.2108,3.624,0.727
file is used,3,20,4,4.2086,3.624,0.125
bit of code,3,12,4,4.2098,3.624,0.268
same level,2,21,4,4.2015,3.623,0.119
static block,2,17,2,4.1969,3.623,0.264
single statement,2,22,4,4.1957,3.623,0.211
new async,2,17,4,4.2022,3.623,0.123
same path,2,26,3,4.1951,3.623,0.060
database query,2,25,3,4.2021,3.623,0.160
stream in,2,18,4,4.1963,3.623,0.013
store using,2,17,2,4.1969,3.623,0.058
new react,2,34,2,4.1980,3.623,0.070
option to true,3,17,2,4.1969,3.623,0.276
want to thank,3,13,3,4.1975,3.623,0.380
make progress,2,11,4,4.1905,3.622,0.291
same node,2,14,4,4.1917,3.622,0.103
form state,2,19,2,4.1840,3.622,0.146
slice object,2,19,2,4.1840,3.622,0.143
entire document,2,27,2,4.1893,3.622,0.394
key column,2,27,2,4.1893,3.622,0.226
host path,2,27,2,4.1893,3.622,0.196
docker content,2,35,2,4.1921,3.622,0.141
left join,2,19,2,4.1864,3.622,0.395
possible to specify,3,32,3,4.1857,3.622,0.290
use the static,3,23,4,4.1887,3.622,0.202
without any additional,3,18,3,4.1910,3.622,0.409
package directory,2,16,4,4.1788,3.621,0.140
differ in,2,29,3,4.1752,3.621,0.146
update command,2,28,3,4.1823,3.621,0.112
new environment,2,20,3,4.1782,3.621,0.086
probably use,2,12,4,4.1794,3.621,0.106
between multiple,2,21,4,4.1764,3.621,0.171
interactive session,2,24,4,4.1829,3.621,0.439
call method,2,24,4,4.1829,3.621,0.078
event type,2,29,3,4.1752,3.621,0.132
typically use,2,21,4,4.1764,3.621,0.134
connection function,2,13,3,4.1777,3.621,0.117
another method,2,12,3,4.1806,3.621,0.115
package section,2,9,2,4.1730,3.620,0.197
debug build,2,17,4,4.1730,3.620,0.225
type number,2,17,4,4.1730,3.620,0.037
more obvious,2,17,4,4.1730,3.620,0.318
different path,2,14,4,4.1665,3.620,0.103
name pattern,2,21,2,4.1711,3.620,0.120
guard against,2,17,4,4.1730,3.620,0.526
best performance,2,18,4,4.1659,3.620,0.317
interactive shell,2,22,3,4.1665,3.620,0.417
call set,2,30,3,4.1694,3.620,0.060
default editor,2,10,2,4.1643,3.620,0.223
attempt to use,3,30,3,4.1694,3.620,0.164
crash when using,3,38,2,4.1723,3.620,0.297
used otherwise,2,23,2,4.1583,3.619,0.151
stdout see,2,14,3,4.1612,3.619,0.284
new git,2,15,4,4.1607,3.619,0.007
authorization header,2,23,2,4.1583,3.619,0.523
newly added,2,23,3,4.1595,3.619,0.420
method works,2,19,4,4.1601,3.619,0.144
es module,2,14,3,4.1612,3.619,0.291
during serialization,2,14,3,4.1612,3.619,0.385
different output,2,15,4,4.1607,3.619,0.091
get away,2,14,3,4.1637,3.619,0.280
date string,2,32,2,4.1565,3.619,0.154
following docker,2,32,2,4.1565,3.619,0.039
mount point,2,32,2,4.1565,3.619,0.375
cent os,2,32,2,4.1565,3.619,0.662
information on using,3,23,2,4.1583,3.619,0.230
bit unsigned,2,33,3,4.1495,3.618,0.488
become more,2,16,4,4.1537,3.618,0.231
like string,2,12,4,4.1543,3.618,0.018
more strict,2,16,3,4.1484,3.618,0.189
simply run,2,12,4,4.1502,3.618,0.207
style css,2,16,3,4.1484,3.618,0.336
registered in,2,25,3,4.1466,3.618,0.125
item type,2,9,3,4.1479,3.618,0.137
size parameter,2,12,4,4.1543,3.618,0.238
more times,2,21,4,4.1473,3.618,0.159
provide additional,2,25,3,4.1507,3.618,0.267
works best,2,17,3,4.1479,3.618,0.282
add event,2,24,2,4.1537,3.618,0.188
another exception,2,16,2,4.1508,3.618,0.145
local repo,2,9,2,4.1450,3.618,0.383
raising an exception,3,25,3,4.1466,3.618,0.511
variable within,2,14,4,4.1374,3.617,0.175
using custom,2,22,4,4.1402,3.617,0.077
first async,2,7,3,4.1356,3.617,0.156
attribute like,2,7,3,4.1356,3.617,0.138
file data,2,26,3,4.1396,3.617,-0.029
safe way,2,14,4,4.1414,3.617,0.221
state directly,2,26,3,4.1396,3.617,0.148
currently selected,2,22,4,4.1402,3.617,0.383
learned in,2,7,3,4.1356,3.617,0.049
name and version,3,18,3,4.1355,3.617,0.289
using the assert,3,7,3,4.1356,3.617,0.286
client and server,3,35,3,4.1366,3.617,0.402
file add,2,20,4,4.1280,3.616,0.017
get type,2,19,3,4.1297,3.616,-0.000
startup time,2,27,2,4.1326,3.616,0.287
previous commit,2,15,3,4.1315,3.616,0.277
python installed,2,16,3,4.1286,3.616,0.191
first occurrence,2,23,3,4.1344,3.616,0.450
value to indicate,3,24,4,4.1274,3.616,0.248
latest available,2,20,3,4.1227,3.615,0.285
multiple ways,2,17,4,4.1175,3.615,0.259
use file,2,20,3,4.1227,3.615,-0.098
boolean true,2,17,4,4.1175,3.615,0.301
first glance,2,16,4,4.1245,3.615,0.507
like type,2,16,4,4.1233,3.615,-0.023
database backend,2,37,2,4.1238,3.615,0.288
log entry,2,21,2,4.1181,3.615,0.300
database engine,2,29,2,4.1209,3.615,0.296
repeatable read,2,37,2,4.1238,3.615,0.545
wall clock,2,37,2,4.1238,3.615,0.848
installed docker,2,29,2,4.1209,3.615,0.150
root ca,2,37,2,4.1238,3.615,0.461
run directly,2,29,2,4.1209,3.615,0.133
see appendix,2,9,2,4.1228,3.615,0.360
child tables,2,37,2,4.1238,3.615,0.369
generic over,2,9,2,4.1228,3.615,0.284
add the new,3,17,4,4.1175,3.615,0.158
handle the error,3,16,4,4.1245,3.615,0.279
unless you explicitly,3,16,4,4.1233,3.615,0.467
maximum and minimum,3,9,2,4.1228,3.615,0.716
output from git,3,37,2,4.1238,3.615,0.313
inside the effect,3,37,2,4.1238,3.615,0.334
installed into,2,31,2,4.1068,3.614,0.183
css selector,2,10,3,4.1088,3.614,0.368
property key,2,31,2,4.1068,3.614,0.172
choose between,2,26,4,4.1145,3.614,0.298
tab completion,2,15,2,4.1093,3.614,0.515
console window,2,13,2,4.1152,3.614,0.409
undefined behaviour,2,13,2,4.1152,3.614,0.467
cleanup code,2,22,3,4.1151,3.614,0.223
used to display,3,22,3,4.1098,3.614,0.271
latest commit,2,15,3,4.1011,3.613,0.306
final value,2,19,4,4.1046,3.613,0.187
need help,2,15,3,4.1011,3.613,0.134
disabled in,2,32,3,4.1010,3.613,0.071
post new,2,8,4,4.0994,3.613,0.120
container docker,2,32,3,4.1010,3.613,0.083
error short,2,14,2,4.1057,3.613,0.174
pysys path,2,14,2,4.1057,3.613,0.522
base node,2,14,2,4.1057,3.613,0.225
test against,2,15,4,4.1052,3.613,0.219
react project,2,15,3,4.1011,3.613,0.157
slice call,2,14,2,4.1057,3.613,0.205
times with different,3,15,3,4.0999,3.613,0.471
generate an error,3,15,3,4.0999,3.613,0.304
response is sent,3,14,2,4.1057,3.613,0.463
run this program,3,7,2,4.1064,3.613,0.359
default allow,2,16,2,4.0929,3.612,0.122
network access,2,33,2,4.0940,3.612,0.230
using non,2,25,3,4.0911,3.612,0.071
leave off,2,16,3,4.0941,3.612,0.444
social media,2,12,3,4.0935,3.612,0.696
early access,2,34,2,4.0882,3.612,0.338
current location,2,13,3,4.0930,3.612,0.268
use the code,3,13,4,4.0889,3.612,0.001
cannot be parsed,3,16,2,4.0929,3.612,0.480
code to read,3,21,2,4.0958,3.612,0.152
version and later,3,34,2,4.0882,3.612,0.384
crate version,2,10,2,4.0812,3.611,0.186
require authentication,2,18,2,4.0800,3.611,0.379
test mode,2,14,3,4.0806,3.611,0.135
test name,2,14,3,4.0806,3.611,0.037
error level,2,17,3,4.0871,3.611,0.100
full test,2,13,4,4.0877,3.611,0.178
pattern like,2,14,3,4.0806,3.611,0.104
api specification,2,18,2,4.0800,3.611,0.286
test simple,2,35,2,4.0811,3.611,0.171
performance overhead,2,14,4,4.0859,3.611,0.438
port forwarding,2,35,2,4.0811,3.611,0.553
anything like,2,18,2,4.0824,3.611,0.166
times faster,2,18,2,4.0824,3.611,0.383
host directory,2,18,2,4.0824,3.611,0.201
button click,2,18,2,4.0824,3.611,0.413
coalescing operator,2,18,2,4.0824,3.611,0.611
favorite color,2,6,2,4.0872,3.611,0.574
stack data,2,6,2,4.0872,3.611,0.139
move around,2,6,2,4.0872,3.611,0.336
style width,2,6,2,4.0872,3.611,0.395
something is wrong,3,10,4,4.0865,3.611,0.490
directly or indirectly,3,26,2,4.0853,3.611,0.616
outside the class,3,18,2,4.0824,3.611,0.324
people prefer,2,8,3,4.0702,3.610,0.439
test discovery,2,19,3,4.0742,3.610,0.383
output similar,2,16,4,4.0731,3.610,0.171
data access,2,15,4,4.0760,3.610,0.075
change the name,3,15,4,4.0760,3.610,0.183
use build,2,21,3,4.0613,3.609,-0.029
core team,2,20,2,4.0672,3.609,0.339
term support,2,21,3,4.0613,3.609,0.327
use async,2,16,3,4.0678,3.609,0.046
new property,2,21,3,4.0625,3.609,0.093
connection pooling,2,20,2,4.0672,3.609,0.621
open telemetry,2,37,2,4.0683,3.609,0.569
directory run,2,37,2,4.0683,3.609,0.074
current function,2,18,3,4.0602,3.609,0.046
long term support,3,21,3,4.0613,3.609,0.479
help identify,2,18,3,4.0549,3.608,0.390
incompatible version,2,14,3,4.0514,3.608,0.333
without passing,2,18,4,4.0561,3.608,0.238
same database,2,30,3,4.0584,3.608,0.089
input element,2,13,3,4.0597,3.608,0.231
error return,2,26,4,4.0590,3.608,0.038
differentiate between,2,22,3,4.0555,3.608,0.529
few ways,2,18,4,4.0561,3.608,0.345
python classes,2,22,3,4.0555,3.608,0.198
accessible via,2,26,4,4.0590,3.608,0.425
code sandbox,2,22,2,4.0543,3.608,0.222
expect in,2,10,3,4.0574,3.608,0.027
git shell,2,31,2,4.0525,3.608,0.165
variable outside,2,10,3,4.0574,3.608,0.243
order to support,3,18,3,4.0549,3.608,0.275
try it out,3,18,3,4.0549,3.608,0.441
start end,2,20,3,4.0421,3.607,0.201
vary depending,2,24,3,4.0427,3.607,0.528
code under,2,15,4,4.0497,3.607,0.119
get out,2,16,3,4.0439,3.607,0.077
similar issue,2,15,2,4.0468,3.607,0.245
negative number,2,24,3,4.0467,3.607,0.305
expected to work,3,15,3,4.0444,3.607,0.319
vary depending on,3,24,3,4.0427,3.607,0.413
see the code,3,11,4,4.0462,3.607,0.056
performance impact,2,25,3,4.0356,3.606,0.467
run again,2,17,3,4.0328,3.606,0.164
debug true,2,25,3,4.0356,3.606,0.265
pull in,2,17,3,4.0328,3.606,0.003
rarely used,2,25,3,4.0356,3.606,0.344
model using,2,16,3,4.0386,3.606,0.055
right place,2,16,3,4.0386,3.606,0.296
class now,2,34,3,4.0327,3.606,0.082
following content,2,34,3,4.0327,3.606,0.182
function cannot,2,34,3,4.0327,3.606,0.082
given string,2,34,3,4.0327,3.606,0.129
load in,2,13,4,4.0375,3.606,0.009
node server,2,16,3,4.0398,3.606,0.138
initialization function,2,34,3,4.0327,3.606,0.223
run your application,3,25,3,4.0356,3.606,0.225
avoid blocking,2,14,3,4.0304,3.605,0.449
rust analyzer,2,6,2,4.0316,3.605,0.523
trailing comma,2,26,2,4.0286,3.605,0.548
token in,2,27,3,4.0228,3.605,0.008
re enable,2,26,2,4.0286,3.605,0.305
data instead,2,17,3,4.0315,3.605,0.035
error class,2,18,3,4.0257,3.605,0.042
parent child,2,18,3,4.0269,3.605,0.346
success case,2,6,2,4.0316,3.605,0.297
such file,2,26,3,4.0298,3.605,0.024
bit version,2,15,3,4.0246,3.605,0.190
app data,2,14,3,4.0275,3.605,0.060
used to allow,3,27,3,4.0228,3.605,0.217
function to use,3,22,3,4.0292,3.605,-0.001
over the network,3,23,4,4.0234,3.605,0.345
abstract syntax tree,3,17,3,4.0315,3.605,0.636
behavior we want,3,6,2,4.0316,3.605,0.270
function to take,3,6,2,4.0316,3.605,0.200
name we want,3,6,2,4.0316,3.605,0.170
package lock,2,11,2,4.0170,3.604,0.263
code file,2,12,4,4.0141,3.604,-0.072
data directly,2,24,3,4.0163,3.604,0.106
function based,2,36,2,4.0198,3.604,0.074
postgresql conf,2,28,2,4.0169,3.604,0.645
first row,2,28,2,4.0169,3.604,0.189
composite primary,2,36,2,4.0198,3.604,0.557
private repository,2,28,2,4.0169,3.604,0.303
runtime instead,2,8,2,4.0188,3.604,0.203
language specification,2,20,2,4.0141,3.604,0.368
cmp method,2,8,2,4.0188,3.604,0.430
access the data,3,12,3,4.0182,3.604,0.213
user defined function,3,20,2,4.0141,3.604,0.280
per week,2,12,2,4.0088,3.603,0.476
applied on,2,20,3,4.0129,3.603,0.125
file specified,2,22,3,4.0041,3.603,0.059
alternatively use,2,21,3,4.0070,3.603,0.191
directory create,2,25,4,4.0105,3.603,0.082
bad request,2,20,3,4.0129,3.603,0.317
perfectly fine,2,13,3,4.0042,3.603,0.540
another application,2,29,3,4.0099,3.603,0.152
more elegant,2,12,2,4.0112,3.603,0.389
return keyword,2,14,2,4.0053,3.603,0.221
need to force,3,17,4,4.0077,3.603,0.267
file location,2,13,3,4.0030,3.602,0.161
dependency function,2,13,2,4.0017,3.602,0.097
import create,2,13,2,4.0017,3.602,0.142
string formatting,2,31,3,3.9970,3.602,0.258
allow partial,2,13,2,4.0017,3.602,0.371
asynchronous logic,2,13,2,4.0017,3.602,0.359
normalized data,2,13,2,4.0017,3.602,0.318
expressed in,2,27,3,3.9977,3.602,0.227
value such,2,24,3,3.9871,3.601,0.014
toml cargo,2,11,2,3.9895,3.601,0.214
path dependency,2,11,2,3.9895,3.601,0.183
same configuration,2,19,4,3.9936,3.601,0.081
module using,2,19,4,3.9936,3.601,0.020
remove unnecessary,2,23,3,3.9930,3.601,0.404
name rather,2,16,4,3.9884,3.601,0.138
bearer token,2,32,2,3.9900,3.601,0.596
function below,2,15,3,3.9901,3.601,0.096
image build,2,23,3,3.9942,3.601,0.132
same schema,2,32,2,3.9900,3.601,0.167
provide access,2,28,3,3.9906,3.601,0.206
id integer,2,32,2,3.9900,3.601,0.268
way data,2,15,3,3.9901,3.601,0.027
work until,2,12,3,3.9890,3.601,0.217
better error,2,12,3,3.9890,3.601,0.142
new local,2,19,3,3.9948,3.601,0.105
transfer ownership,2,12,3,3.9890,3.601,0.534
memory allocator,2,20,2,3.9918,3.601,0.495
produce an error,3,20,4,3.9878,3.601,0.339
startup and shutdown,3,15,2,3.9889,3.601,0.759
use color in,3,32,2,3.9900,3.601,0.284
test driven development,3,12,3,3.9890,3.601,0.513
patch in,2,25,3,3.9801,3.600,0.032
different use,2,16,3,3.9831,3.600,-0.028
following order,2,16,3,3.9843,3.600,0.136
hub issue,2,16,3,3.9843,3.600,0.265
id value,2,13,3,3.9766,3.600,0.073
array length,2,30,3,3.9778,3.600,0.229
class body,2,34,2,3.9771,3.600,0.210
use form,2,34,2,3.9771,3.600,0.033
proxy server,2,25,3,3.9801,3.600,0.234
read file,2,16,3,3.9843,3.600,0.066
conf file,2,25,2,3.9813,3.600,0.283
following query,2,25,2,3.9813,3.600,0.115
result list,2,25,2,3.9813,3.600,0.116
format specifier,2,33,2,3.9842,3.600,0.438
above query,2,17,2,3.9785,3.600,0.180
service using,2,25,2,3.9813,3.600,0.110
pom xml,2,17,2,3.9785,3.600,0.702
docker command,2,25,2,3.9813,3.600,0.023
official image,2,33,2,3.9842,3.600,0.340
multi byte,2,33,2,3.9842,3.600,0.451
value becomes,2,26,2,3.9784,3.600,0.199
array without,2,17,2,3.9785,3.600,0.119
git hub issue,3,16,3,3.9843,3.600,0.296
order to create,3,16,3,3.9843,3.600,0.217
take the following,3,17,4,3.9813,3.600,0.167
command line using,3,16,3,3.9831,3.600,0.096
command inside,2,26,3,3.9743,3.599,0.118
child class,2,19,4,3.9685,3.599,0.242
original function,2,14,4,3.9708,3.599,0.129
test classes,2,18,3,3.9702,3.599,0.187
state using,2,14,4,3.9708,3.599,-0.008
another important,2,15,4,3.9691,3.599,0.243
most modern,2,18,3,3.9714,3.599,0.326
lower left,2,11,3,3.9697,3.599,0.417
page for more,3,23,4,3.9679,3.599,0.236
used to refer,3,23,4,3.9679,3.599,0.294
false to disable,3,17,2,3.9760,3.599,0.406
able to read,3,19,4,3.9685,3.599,0.229
near the top,3,15,4,3.9691,3.599,0.559
run the test,3,15,4,3.9691,3.599,0.192
time you run,3,18,3,3.9755,3.599,0.286
create in,2,15,4,3.9650,3.598,-0.150
line like,2,11,4,3.9656,3.598,0.038
need something,2,11,4,3.9656,3.598,0.119
menu select,2,36,2,3.9643,3.598,0.380
arbitrary python,2,27,3,3.9672,3.598,0.276
much data,2,15,4,3.9650,3.598,0.135
target server,2,36,2,3.9643,3.598,0.164
become part,2,12,4,3.9586,3.598,0.336
forward ref,2,27,3,3.9672,3.598,0.444
world application,2,27,3,3.9672,3.598,0.292
know anything,2,15,4,3.9650,3.598,0.267
bad commit,2,36,2,3.9643,3.598,0.352
import path,2,36,2,3.9643,3.598,0.165
way git,2,32,2,3.9649,3.598,0.042
expect to see,3,15,4,3.9650,3.598,0.358
run more,2,17,4,3.9521,3.597,0.011
pre defined,2,29,3,3.9544,3.597,0.316
two possible,2,16,4,3.9580,3.597,0.147
use await,2,17,3,3.9509,3.597,0.144
matched against,2,25,4,3.9550,3.597,0.474
install using,2,21,4,3.9556,3.597,0.097
generic model,2,12,2,3.9533,3.597,0.259
another approach,2,13,4,3.9528,3.597,0.273
list component,2,29,3,3.9544,3.597,0.149
cache data,2,21,2,3.9503,3.597,0.133
root module,2,9,3,3.9522,3.597,0.187
post css,2,12,2,3.9533,3.597,0.288
count in,2,17,3,3.9562,3.597,0.017
want to go,3,13,4,3.9528,3.597,0.169
most programming,2,10,4,3.9463,3.596,0.279
nested inside,2,22,3,3.9445,3.596,0.292
build step,2,22,3,3.9445,3.596,0.229
jinja template,2,14,3,3.9404,3.596,0.495
client get,2,14,3,3.9404,3.596,0.127
without running,2,18,4,3.9451,3.596,0.137
type id,2,13,3,3.9475,3.596,0.084
force push,2,14,2,3.9428,3.596,0.409
form submission,2,30,2,3.9486,3.596,0.549
used to configure,3,18,4,3.9451,3.596,0.266
want to give,3,14,4,3.9457,3.596,0.195
use crate,2,7,2,3.9399,3.595,0.063
expression statement,2,23,2,3.9375,3.595,0.228
code style,2,11,3,3.9393,3.595,0.114
file type,2,23,3,3.9387,3.595,-0.043
strongly recommend,2,15,3,3.9346,3.595,0.592
first few,2,16,4,3.9329,3.595,0.193
time use,2,23,3,3.9387,3.595,-0.059
table like,2,15,3,3.9399,3.595,0.072
comes into,2,8,3,3.9341,3.595,0.247
language design,2,8,3,3.9341,3.595,0.369
more fine grained,3,19,3,3.9381,3.595,0.420
used by many,3,11,3,3.9393,3.595,0.284
start the server,3,20,4,3.9322,3.595,0.232
able to work,3,8,3,3.9341,3.595,0.190
location in memory,3,8,3,3.9341,3.595,0.474
using relative,2,12,4,3.9282,3.594,0.162
same machine,2,25,3,3.9258,3.594,0.193
grained control over,3,21,3,3.9252,3.594,0.564
override this behavior,3,17,3,3.9258,3.594,0.474
call the next,3,13,3,3.9264,3.594,0.207
select the first,3,13,3,3.9236,3.594,0.188
local filesystem,2,26,3,3.9188,3.593,0.346
object without,2,26,3,3.9188,3.593,0.045
declared using,2,26,3,3.9188,3.593,0.170
model object,2,17,3,3.9217,3.593,0.077
specific use,2,17,3,3.9217,3.593,0.018
single container,2,18,3,3.9159,3.593,0.172
fixed number,2,18,4,3.9200,3.593,0.174
data corruption,2,35,2,3.9158,3.593,0.362
current locale,2,35,2,3.9158,3.593,0.304
iso date,2,27,2,3.9130,3.593,0.412
via docker,2,35,2,3.9158,3.593,0.128
backend process,2,35,2,3.9158,3.593,0.304
git reflog,2,35,2,3.9158,3.593,0.366
split index,2,35,2,3.9158,3.593,0.329
generic function,2,7,2,3.9148,3.593,0.129
ending index,2,7,2,3.9148,3.593,0.408
screen instance,2,7,2,3.9148,3.593,0.310
open it in,3,14,4,3.9165,3.593,0.248
zero exit code,3,17,3,3.9217,3.593,0.419
change the data,3,14,3,3.9206,3.593,0.162
month and day,3,35,2,3.9158,3.593,0.663
kind of error,3,7,2,3.9148,3.593,0.219
common problem,2,19,2,3.9101,3.592,0.221
below command,2,11,2,3.9072,3.592,0.158
long polling,2,11,2,3.9072,3.592,0.560
access on,2,20,3,3.9071,3.592,-0.007
template parameter,2,11,2,3.9072,3.592,0.229
below code,2,11,2,3.9072,3.592,0.081
specify the same,3,23,3,3.9123,3.592,0.128
source code file,3,11,4,3.9101,3.592,0.188
help you find,3,24,4,3.9065,3.592,0.398
way to catch,3,11,2,3.9072,3.592,0.264
unable to get,3,11,2,3.9072,3.592,0.314
machine code,2,16,4,3.9037,3.591,0.135
read through,2,16,4,3.9025,3.591,0.201
specific needs,2,20,3,3.9018,3.591,0.228
message type,2,25,3,3.8995,3.591,0.065
comparison operator,2,21,3,3.8960,3.591,0.383
case sensitivity,2,13,4,3.8972,3.591,0.519
string function,2,17,3,3.9007,3.591,-0.018
get function,2,12,4,3.9031,3.591,-0.023
exception hierarchy,2,12,3,3.9002,3.591,0.356
default context,2,29,2,3.8989,3.591,0.115
single source,2,17,4,3.8966,3.591,0.191
particular instance,2,9,4,3.8979,3.591,0.242
build environment,2,29,2,3.8989,3.591,0.132
cannot see,2,16,4,3.9037,3.591,0.118
type self,2,13,2,3.9013,3.591,0.174
read or write,3,29,2,3.8989,3.591,0.516
move forward,2,18,4,3.8896,3.590,0.435
set like,2,30,3,3.8931,3.590,-0.001
new language,2,18,4,3.8896,3.590,0.130
re thrown,2,14,3,3.8873,3.590,0.347
first statement,2,22,3,3.8902,3.590,0.146
except block,2,14,3,3.8873,3.590,0.285
quite simple,2,13,3,3.8932,3.590,0.379
character encoding,2,22,3,3.8902,3.590,0.363
future import,2,31,2,3.8860,3.590,0.260
reference documentation,2,31,2,3.8860,3.590,0.180
data through,2,18,4,3.8896,3.590,0.103
lower function,2,13,3,3.8919,3.590,0.191
class component,2,31,2,3.8860,3.590,0.153
writing in,2,14,3,3.8873,3.590,-0.028
operator overloading,2,10,3,3.8879,3.590,0.541
way to solve,3,13,3,3.8932,3.590,0.326
want to turn,3,14,3,3.8861,3.590,0.244
difference between using,3,10,3,3.8879,3.590,0.197
trying to open,3,10,3,3.8879,3.590,0.265
source location,2,14,2,3.8849,3.589,0.285
normal dependency,2,14,2,3.8849,3.589,0.324
longer necessary,2,23,3,3.8832,3.589,0.328
separate function,2,15,3,3.8803,3.589,0.122
streaming response,2,14,2,3.8849,3.589,0.409
best approach,2,15,3,3.8803,3.589,0.349
give more,2,16,4,3.8773,3.589,0.157
handle multiple,2,16,4,3.8773,3.589,0.205
class test,2,14,2,3.8849,3.589,0.076
dispatch method,2,14,2,3.8849,3.589,0.202
possible way,2,12,4,3.8780,3.589,0.124
previous result,2,14,2,3.8849,3.589,0.230
set method,2,32,2,3.8802,3.589,0.030
method available,2,11,3,3.8850,3.589,0.113
information schema,2,32,2,3.8802,3.589,0.229
new context,2,24,2,3.8773,3.589,0.105
utc time,2,32,2,3.8802,3.589,0.344
resulting string,2,24,2,3.8773,3.589,0.260
docker group,2,24,2,3.8773,3.589,0.175
manual page,2,24,2,3.8773,3.589,0.364
calling convention,2,32,2,3.8802,3.589,0.408
implementation dependent,2,24,2,3.8773,3.589,0.407
python install,2,32,2,3.8802,3.589,0.169
execute the command,3,15,4,3.8844,3.589,0.292
try to create,3,12,4,3.8780,3.589,0.186
file content,2,16,3,3.8733,3.588,0.116
specified value,2,33,2,3.8732,3.588,0.047
level function,2,20,4,3.8767,3.588,0.068
save time,2,16,3,3.8733,3.588,0.209
now return,2,29,3,3.8738,3.588,0.074
skip re,2,33,2,3.8732,3.588,0.355
same signature,2,29,3,3.8738,3.588,0.224
used to select,3,16,3,3.8733,3.588,0.209
value is used,3,33,2,3.8732,3.588,0.108
another value,2,18,4,3.8645,3.587,0.051
cannot handle,2,18,3,3.8604,3.587,0.246
final function,2,35,2,3.8603,3.587,0.175
otherwise false,2,35,2,3.8603,3.587,0.280
want to execute,3,14,4,3.8610,3.587,0.202
local registry,2,18,2,3.8592,3.586,0.273
code instead,2,15,4,3.8540,3.586,-0.009
continue on,2,15,4,3.8540,3.586,0.112
error report,2,19,3,3.8546,3.586,0.175
carried out,2,24,4,3.8510,3.586,0.516
basic idea,2,19,3,3.8534,3.586,0.408
higher priority,2,19,3,3.8534,3.586,0.567
set default,2,28,3,3.8504,3.586,0.010
logging module,2,27,3,3.8574,3.586,0.266
call get,2,18,2,3.8592,3.586,0.062
particular order,2,16,3,3.8522,3.586,0.245
reuse the same,3,15,4,3.8540,3.586,0.306
safe to call,3,20,4,3.8516,3.586,0.345
using the keyword,3,15,3,3.8552,3.586,0.243
generate code,2,9,4,3.8423,3.585,0.129
given path,2,20,3,3.8475,3.585,0.153
dependency cargo,2,8,2,3.8482,3.585,0.167
cloud service,2,16,3,3.8469,3.585,0.401
most probably,2,12,3,3.8447,3.585,0.256
sending data,2,13,4,3.8417,3.585,0.229
expression object,2,20,2,3.8463,3.585,0.094
overflow error,2,29,2,3.8446,3.585,0.241
query using,2,21,2,3.8417,3.585,0.034
evaluated once,2,29,2,3.8446,3.585,0.377
tell python,2,8,3,3.8494,3.585,0.231
idiomatic way,2,8,3,3.8494,3.585,0.381
used see,2,21,3,3.8405,3.584,-0.008
option like,2,21,3,3.8405,3.584,0.021
literal value,2,21,3,3.8405,3.584,0.169
commit hook,2,22,2,3.8335,3.584,0.296
add functionality,2,10,3,3.8353,3.584,0.221
default format,2,30,3,3.8375,3.584,0.098
python documentation,2,30,3,3.8375,3.584,0.138
nested block,2,13,3,3.8364,3.584,0.309
other special,2,22,3,3.8388,3.584,0.163
server crash,2,13,2,3.8389,3.584,0.152
request and response,3,18,3,3.8341,3.584,0.428
want to draw,3,22,3,3.8388,3.584,0.357
goes in,2,11,4,3.8254,3.583,0.049
up until,2,15,3,3.8248,3.583,0.212
more clearly,2,15,4,3.8289,3.583,0.304
raw data,2,19,4,3.8283,3.583,0.206
multiple file,2,14,3,3.8306,3.583,0.050
now supported,2,32,3,3.8247,3.583,0.178
exact type,2,15,3,3.8248,3.583,0.200
class function,2,14,3,3.8318,3.583,0.011
entire app,2,23,3,3.8276,3.583,0.258
desired state,2,32,3,3.8247,3.583,0.283
make different,2,7,3,3.8301,3.583,0.089
between the function,3,11,4,3.8242,3.583,0.180
click the button,3,15,3,3.8248,3.583,0.540
build test,2,20,3,3.8212,3.582,0.071
valid utf,2,17,4,3.8160,3.582,0.369
parent node,2,8,3,3.8231,3.582,0.241
less readable,2,16,3,3.8190,3.582,0.417
different operating,2,12,3,3.8225,3.582,0.270
stand in,2,8,3,3.8231,3.582,0.239
process manager,2,16,3,3.8178,3.582,0.298
powerful tool,2,12,3,3.8225,3.582,0.471
special type,2,21,4,3.8154,3.582,0.138
outside world,2,24,3,3.8218,3.582,0.405
particular value,2,13,3,3.8166,3.582,0.117
message saying,2,12,3,3.8196,3.582,0.398
value given,2,13,3,3.8166,3.582,0.072
list or tuple,3,24,2,3.8206,3.582,0.525
data we need,3,8,3,3.8231,3.582,0.170
amount of space,3,13,3,3.8166,3.582,0.420
checking in,2,17,3,3.8107,3.581,0.033
other similar,2,17,3,3.8107,3.581,0.132
git protocol,2,26,2,3.8078,3.581,0.216
object define,2,26,2,3.8078,3.581,0.113
export default,2,17,3,3.8107,3.581,0.224
previously used,2,22,3,3.8084,3.581,0.211
use query,2,17,3,3.8107,3.581,-0.007
model validation,2,26,2,3.8078,3.581,0.259
handle error,2,13,4,3.8125,3.581,0.117
use inside,2,13,4,3.8125,3.581,0.010
goes on,2,13,4,3.8125,3.581,0.136
sensitive data,2,34,2,3.8118,3.581,0.275
single database,2,26,2,3.8090,3.581,0.164
see above,2,26,2,3.8090,3.581,0.104
docker environment,2,34,2,3.8118,3.581,0.078
level element,2,34,2,3.8118,3.581,0.222
short hand,2,34,2,3.8118,3.581,0.388
file explorer,2,6,2,3.8108,3.581,0.263
format method,2,34,2,3.8118,3.581,0.117
ordered set,2,34,2,3.8118,3.581,0.319
temporary tables,2,34,2,3.8118,3.581,0.400
macro call,2,6,2,3.8108,3.581,0.229
program without,2,6,2,3.8108,3.581,0.154
control key,2,6,2,3.8108,3.581,0.210
concurrent programming,2,6,2,3.8108,3.581,0.468
call clone,2,6,2,3.8108,3.581,0.250
say you want,3,25,3,3.8148,3.581,0.265
added or removed,3,22,3,3.8084,3.581,0.540
file and directory,3,10,3,3.8102,3.581,0.277
support the following,3,17,3,3.8107,3.581,0.126
piece of state,3,17,3,3.8107,3.581,0.311
update or delete,3,34,2,3.8118,3.581,0.477
docker content trust,3,34,2,3.8118,3.581,0.441
mutate the value,3,6,2,3.8108,3.581,0.333
include multiple,2,18,3,3.8049,3.580,0.191
code used,2,27,3,3.8019,3.580,-0.060
error saying,2,10,4,3.8061,3.580,0.301
create database,2,27,3,3.8019,3.580,0.101
filter in,2,27,3,3.8019,3.580,0.010
most powerful,2,11,4,3.7991,3.580,0.363
public repository,2,27,3,3.8019,3.580,0.293
default use,2,27,3,3.8019,3.580,-0.076
tell react,2,27,3,3.8019,3.580,0.263
using regular,2,18,2,3.8061,3.580,0.138
inside docker,2,18,2,3.8061,3.580,0.083
stack size,2,18,2,3.8061,3.580,0.281
specify the path,3,15,4,3.7985,3.580,0.263
instead of trying,3,10,4,3.8061,3.580,0.239
new keyword,2,24,3,3.7955,3.579,0.165
worked in,2,12,3,3.7892,3.579,0.090
most straightforward,2,16,4,3.7926,3.579,0.403
same test,2,11,2,3.7950,3.579,0.030
default network,2,29,3,3.7891,3.579,0.146
work directly,2,8,4,3.7939,3.579,0.161
text based,2,25,3,3.7897,3.579,0.198
value used,2,25,3,3.7897,3.579,-0.042
re create,2,25,3,3.7897,3.579,0.159
handling the error,3,8,4,3.7939,3.579,0.315
use to create,3,12,4,3.7933,3.579,0.044
using git add,3,12,2,3.7973,3.579,0.273
profile name,2,13,2,3.7809,3.578,0.216
internet connection,2,14,4,3.7804,3.578,0.402
other configuration,2,17,4,3.7856,3.578,0.074
using default,2,17,4,3.7856,3.578,-0.036
response code,2,13,3,3.7821,3.578,0.064
new behavior,2,17,4,3.7856,3.578,0.100
specify additional,2,21,3,3.7850,3.578,0.250
zero status,2,30,2,3.7820,3.578,0.351
without set,2,13,2,3.7809,3.578,0.063
without error,2,21,3,3.7862,3.578,0.045
value none,2,17,4,3.7856,3.578,0.123
import request,2,13,2,3.7809,3.578,0.187
first request,2,13,3,3.7821,3.578,0.101
string field,2,13,3,3.7821,3.578,0.088
hook implementation,2,13,2,3.7809,3.578,0.316
another test,2,9,4,3.7868,3.578,0.108
more logic,2,13,2,3.7809,3.578,0.127
trace in,2,13,3,3.7834,3.578,0.045
first check,2,14,4,3.7804,3.578,0.107
use test,2,17,3,3.7868,3.578,-0.055
two input,2,17,3,3.7868,3.578,0.162
value produced,2,10,3,3.7810,3.578,0.253
work with multiple,3,10,3,3.7810,3.578,0.308
strictly speaking,2,23,3,3.7721,3.577,0.733
merged in,2,22,3,3.7792,3.577,0.099
point on,2,18,4,3.7798,3.577,0.023
turning off,2,22,3,3.7792,3.577,0.548
live on,2,11,4,3.7740,3.577,0.178
same page,2,22,3,3.7792,3.577,0.108
own data,2,19,4,3.7727,3.577,0.098
like set,2,23,3,3.7721,3.577,-0.003
post content,2,7,4,3.7746,3.577,0.257
related object,2,23,2,3.7734,3.577,0.154
css class,2,23,2,3.7734,3.577,0.213
per thread,2,31,2,3.7762,3.577,0.279
docker io,2,31,2,3.7762,3.577,0.191
existing docker,2,31,2,3.7762,3.577,0.124
system crash,2,23,2,3.7734,3.577,0.193
gregorian calendar,2,31,2,3.7762,3.577,0.702
crash recovery,2,23,2,3.7734,3.577,0.431
message object,2,31,2,3.7762,3.577,0.068
make it clear,3,15,4,3.7734,3.577,0.420
use the old,3,19,4,3.7727,3.577,0.145
need to read,3,19,4,3.7727,3.577,0.121
build performance,2,15,2,3.7681,3.576,0.191
format used,2,32,2,3.7692,3.576,0.085
block body,2,15,2,3.7681,3.576,0.264
expression like,2,20,4,3.7669,3.576,0.100
performance cost,2,15,3,3.7693,3.576,0.407
default build,2,28,3,3.7698,3.576,0.048
allow the use,3,15,2,3.7681,3.576,0.235
contain the same,3,20,4,3.7669,3.576,0.167
number of different,3,20,4,3.7669,3.576,0.148
dive into,2,17,2,3.7552,3.575,0.460
separate module,2,16,3,3.7622,3.575,0.214
second item,2,13,4,3.7570,3.575,0.275
primarily intended,2,25,3,3.7593,3.575,0.527
dead code,2,17,2,3.7552,3.575,0.299
async dispose,2,34,2,3.7563,3.575,0.497
type instead,2,21,4,3.7599,3.575,0.019
clean method,2,34,2,3.7563,3.575,0.245
again later,2,13,4,3.7611,3.575,0.242
single request,2,17,2,3.7552,3.575,0.158
string without,2,17,4,3.7605,3.575,0.076
writing async,2,9,2,3.7564,3.575,0.265
callable object,2,34,2,3.7563,3.575,0.267
add command,2,13,4,3.7570,3.575,0.059
state use,2,16,3,3.7622,3.575,-0.052
root render,2,34,2,3.7563,3.575,0.279
command string,2,34,2,3.7563,3.575,0.043
load data,2,22,3,3.7541,3.575,0.168
using generic,2,9,3,3.7617,3.575,0.124
second form,2,22,3,3.7541,3.575,0.233
cargo will use,3,9,2,3.7564,3.575,0.151
used to pass,3,25,3,3.7593,3.575,0.205
symbol async dispose,3,34,2,3.7563,3.575,0.702
original source,2,18,3,3.7494,3.574,0.264
catch finally,2,18,3,3.7494,3.574,0.364
parent process,2,26,3,3.7535,3.574,0.249
invalid expected,2,10,2,3.7477,3.574,0.338
entire string,2,15,3,3.7483,3.574,0.209
code until,2,11,4,3.7448,3.573,0.110
please follow,2,12,4,3.7377,3.573,0.364
event driven,2,19,3,3.7436,3.573,0.499
computed property,2,19,2,3.7423,3.573,0.375
full advantage,2,12,4,3.7377,3.573,0.409
context get,2,11,2,3.7395,3.573,0.121
meta tag,2,11,3,3.7407,3.573,0.391
thread local,2,28,2,3.7406,3.573,0.220
container run,2,28,2,3.7406,3.573,0.095
user visible,2,28,2,3.7406,3.573,0.311
search string,2,28,2,3.7406,3.573,0.173
plan to use,3,19,3,3.7436,3.573,0.267
disable the automatic,3,11,3,3.7436,3.573,0.541
add event listener,3,20,2,3.7377,3.573,0.472
system like,2,20,3,3.7365,3.572,0.076
compile error,2,12,3,3.7337,3.572,0.147
new reg,2,20,3,3.7365,3.572,0.303
space character,2,17,4,3.7313,3.572,0.332
module file,2,20,3,3.7365,3.572,0.030
component like,2,20,3,3.7365,3.572,0.092
another container,2,29,3,3.7336,3.572,0.164
advanced usage,2,21,2,3.7295,3.572,0.421
myfile txt,2,9,3,3.7313,3.572,0.723
exact value,2,21,3,3.7307,3.572,0.185
full url,2,21,3,3.7307,3.572,0.268
great place,2,13,3,3.7307,3.572,0.398
read on,2,21,3,3.7307,3.572,-0.004
own state,2,21,2,3.7295,3.572,0.136
free memory,2,17,4,3.7313,3.572,0.299
reactive logic,2,21,2,3.7295,3.572,0.383
closing tag,2,12,2,3.7349,3.572,0.454
error unexpected,2,12,2,3.7349,3.572,0.261
duplicate key,2,12,2,3.7349,3.572,0.342
most derived,2,12,2,3.7349,3.572,0.348
built and run,3,12,3,3.7324,3.572,0.365
now be used,3,29,3,3.7336,3.572,0.106
common to use,3,17,3,3.7301,3.572,0.148
make the same,3,13,3,3.7319,3.572,0.051
trying to build,3,12,2,3.7349,3.572,0.196
statement instead,2,14,4,3.7249,3.571,0.155
request get,2,31,3,3.7207,3.571,0.086
abstraction layer,2,13,3,3.7266,3.571,0.548
api see,2,31,3,3.7207,3.571,0.048
extremely useful,2,10,4,3.7255,3.571,0.450
base query,2,13,3,3.7266,3.571,0.198
set upstream,2,27,3,3.7213,3.571,0.283
start on,2,27,3,3.7213,3.571,0.000
resolve the issue,3,14,3,3.7208,3.571,0.444
possible to pass,3,14,3,3.7208,3.571,0.281
remains the same,3,14,4,3.7249,3.571,0.325
help on,2,15,3,3.7138,3.570,0.026
generic code,2,7,3,3.7191,3.570,0.112
struct field,2,7,3,3.7191,3.570,0.234
option enabled,2,15,3,3.7138,3.570,0.191
create multiple,2,19,3,3.7172,3.570,0.095
other state,2,19,3,3.7172,3.570,0.029
method without,2,20,4,3.7114,3.570,0.079
back end,2,15,3,3.7150,3.570,0.234
file an issue,3,14,3,3.7196,3.570,0.207
needs to run,3,16,4,3.7120,3.570,0.178
graphical user interface,3,12,3,3.7126,3.570,0.664
target type,2,16,3,3.7079,3.569,0.093
package using,2,12,4,3.7086,3.569,0.036
run during,2,25,2,3.7038,3.569,0.138
another script,2,12,4,3.7086,3.569,0.136
window object,2,24,3,3.7108,3.569,0.184
transformed into,2,24,3,3.7108,3.569,0.411
table below,2,25,2,3.7038,3.569,0.205
source map,2,16,3,3.7079,3.569,0.262
prefetch related,2,33,2,3.7078,3.569,0.577
generic list,2,33,2,3.7078,3.569,0.206
object class,2,33,2,3.7078,3.569,0.031
image layer,2,33,2,3.7078,3.569,0.311
run instruction,2,25,2,3.7050,3.569,0.244
dockerignore file,2,33,2,3.7078,3.569,0.401
dynamically loaded,2,25,2,3.7050,3.569,0.500
option is useful,3,25,2,3.7038,3.569,0.265
pass an object,3,16,3,3.7067,3.569,0.242
see the difference,3,12,4,3.7086,3.569,0.234
up and down,3,12,4,3.7086,3.569,0.475
expression is evaluated,3,33,2,3.7078,3.569,0.461
following information,2,17,3,3.7009,3.568,0.106
code review,2,14,4,3.6945,3.568,0.179
taken care,2,13,4,3.7015,3.568,0.474
application running,2,18,3,3.6951,3.568,0.137
using use,2,22,4,3.6986,3.568,-0.121
much smaller,2,22,4,3.6986,3.568,0.406
last two,2,18,3,3.6992,3.568,0.180
pretty print,2,17,2,3.7021,3.568,0.400
add your own,3,18,3,3.6951,3.568,0.231
used to indicate,3,26,3,3.6979,3.568,0.262
hard to debug,3,13,4,3.7015,3.568,0.457
delete operator,2,27,2,3.6909,3.567,0.312
case insensitively,2,27,2,3.6909,3.567,0.540
same location,2,15,3,3.6927,3.567,0.183
form validation,2,19,3,3.6880,3.567,0.274
turns off,2,15,4,3.6887,3.567,0.481
use import,2,15,4,3.6887,3.567,0.032
value see,2,24,3,3.6857,3.567,-0.036
object hash,2,24,3,3.6857,3.567,0.169
common type,2,24,3,3.6857,3.567,0.092
lot of information,3,11,4,3.6893,3.567,0.280
possible to set,3,19,3,3.6880,3.567,0.182
out of order,3,19,3,3.6880,3.567,0.251
use this function,3,24,3,3.6857,3.567,0.118
specific configuration,2,20,3,3.6810,3.566,0.164
execution environment,2,20,3,3.6810,3.566,0.262
small enough,2,16,4,3.6816,3.566,0.398
new python,2,25,3,3.6787,3.566,0.025
date now,2,20,3,3.6810,3.566,0.152
props state,2,29,2,3.6780,3.566,0.244
running inside,2,28,3,3.6851,3.566,0.162
value between,2,17,2,3.6799,3.566,0.052
enable or disable,3,29,2,3.6780,3.566,0.601
non zero status,3,29,2,3.6780,3.566,0.513
cannot be converted,3,20,3,3.6822,3.566,0.421
order by clause,3,16,3,3.6828,3.566,0.530
tracking issue,2,12,2,3.6769,3.565,0.389
first failure,2,12,2,3.6769,3.565,0.232
possible rather,2,12,2,3.6769,3.565,0.212
default true,2,12,2,3.6769,3.565,0.090
parentheses in,2,18,4,3.6688,3.565,0.081
import in,2,13,3,3.6723,3.565,-0.065
length header,2,18,4,3.6688,3.565,0.337
computed field,2,12,2,3.6769,3.565,0.349
goes down,2,13,4,3.6764,3.565,0.395
function used,2,30,2,3.6722,3.565,-0.050
apple silicon,2,30,2,3.6722,3.565,0.861
want to disallow,3,12,2,3.6769,3.565,0.341
validate the data,3,12,2,3.6769,3.565,0.350
cargo feature,2,10,2,3.6647,3.564,0.157
measured in,2,31,2,3.6652,3.564,0.230
making use,2,23,3,3.6623,3.564,0.094
same command,2,23,3,3.6623,3.564,0.027
file main,2,10,2,3.6647,3.564,0.086
memory consumption,2,23,3,3.6623,3.564,0.474
normally used,2,14,3,3.6653,3.564,0.203
session object,2,14,2,3.6641,3.564,0.156
terminal output,2,14,3,3.6653,3.564,0.222
array reference,2,14,2,3.6641,3.564,0.128
additional work,2,14,3,3.6653,3.564,0.181
make more,2,15,3,3.6636,3.564,0.032
off using,2,14,2,3.6665,3.564,0.137
css property,2,14,2,3.6665,3.564,0.254
download and install,3,31,2,3.6652,3.564,0.556
set this option,3,22,3,3.6682,3.564,0.194
until the next,3,23,3,3.6623,3.564,0.316
use the standard,3,22,3,3.6682,3.564,0.089
current state value,3,14,2,3.6641,3.564,0.286
future proof,2,15,3,3.6583,3.563,0.567
currently enabled,2,33,2,3.6523,3.563,0.326
create type,2,33,2,3.6523,3.563,-0.001
semantic versioning,2,16,4,3.6565,3.563,0.791
different object,2,24,3,3.6553,3.563,0.029
enable disable,2,24,3,3.6553,3.563,0.345
content inside,2,15,3,3.6595,3.563,0.224
middleware class,2,15,3,3.6595,3.563,0.200
other option,2,15,3,3.6595,3.563,0.028
same memory,2,12,4,3.6571,3.563,0.109
other possible,2,12,4,3.6530,3.563,0.088
use user,2,12,4,3.6571,3.563,-0.040
password hashing,2,16,3,3.6524,3.563,0.516
response text,2,11,4,3.6589,3.563,0.202
reference page,2,33,2,3.6523,3.563,0.174
change list,2,33,2,3.6523,3.563,0.099
code is working,3,8,3,3.6537,3.563,0.270
want to continue,3,12,4,3.6530,3.563,0.227
stay the same,3,12,4,3.6571,3.563,0.332
default browser,2,16,2,3.6512,3.562,0.136
build directory,2,16,2,3.6512,3.562,0.096
minimum version,2,17,3,3.6454,3.562,0.307
cannot read,2,17,3,3.6466,3.562,0.199
set without,2,16,2,3.6512,3.562,0.060
say hi,2,16,2,3.6512,3.562,0.586
var let,2,16,2,3.6512,3.562,0.382
wherever possible,2,17,3,3.6454,3.562,0.481
response class,2,16,2,3.6512,3.562,0.161
same network,2,25,3,3.6495,3.562,0.145
process running,2,17,3,3.6454,3.562,0.172
current request,2,16,2,3.6512,3.562,0.149
class level,2,17,3,3.6454,3.562,0.150
new tag,2,25,3,3.6495,3.562,0.137
image url,2,17,3,3.6466,3.562,0.202
new information,2,13,3,3.6472,3.562,0.060
index error,2,14,3,3.6443,3.562,0.064
used to force,3,16,2,3.6512,3.562,0.295
walk you through,3,16,2,3.6512,3.562,0.610
use the python,3,17,3,3.6454,3.562,0.077
set state in,3,16,2,3.6512,3.562,0.196
advantage of using,3,14,3,3.6443,3.562,0.237
project level,2,26,3,3.6424,3.561,0.184
high quality,2,26,3,3.6424,3.561,0.575
used anywhere,2,18,2,3.6384,3.561,0.240
task function,2,14,3,3.6390,3.561,0.152
much appreciated,2,10,2,3.6367,3.561,0.530
turns into,2,22,4,3.6430,3.561,0.327
default factory,2,18,2,3.6384,3.561,0.277
gap between,2,14,4,3.6402,3.561,0.507
empty statement,2,18,3,3.6396,3.561,0.248
single transaction,2,27,2,3.6366,3.561,0.278
object model,2,27,2,3.6366,3.561,0.070
code is written,3,10,4,3.6408,3.561,0.259
other information,2,16,4,3.6273,3.560,0.068
other git,2,16,4,3.6273,3.560,0.004
smart enough,2,12,3,3.6267,3.560,0.454
using await,2,12,3,3.6267,3.560,0.176
import system,2,28,3,3.6296,3.560,0.195
python api,2,28,3,3.6296,3.560,0.080
nested json,2,11,2,3.6285,3.560,0.281
exception instance,2,20,3,3.6267,3.560,0.138
generate json,2,11,2,3.6285,3.560,0.261
loading status,2,11,2,3.6285,3.560,0.386
array instead,2,20,3,3.6267,3.560,0.094
go wrong,2,11,2,3.6309,3.560,0.322
different between,2,12,3,3.6279,3.560,0.132
code between,2,12,3,3.6279,3.560,0.033
method function,2,12,3,3.6279,3.560,-0.019
variable is defined,3,20,3,3.6267,3.560,0.292
os path like,3,20,3,3.6267,3.560,0.408
middleware for async,3,11,2,3.6285,3.560,0.543
want to refer,3,12,3,3.6279,3.560,0.214
see it in,3,12,3,3.6279,3.560,0.172
please report,2,20,2,3.6255,3.559,0.359
another language,2,9,4,3.6215,3.559,0.212
typeof operator,2,20,2,3.6255,3.559,0.534
lru cache,2,20,2,3.6255,3.559,0.617
email validator,2,20,2,3.6255,3.559,0.471
use the app,3,12,3,3.6226,3.559,0.108
basic usage,2,13,3,3.6168,3.558,0.367
cfg test,2,6,2,3.6151,3.558,0.303
same crate,2,6,2,3.6151,3.558,0.140
wrong type,2,13,3,3.6168,3.558,0.166
install node,2,14,3,3.6110,3.558,0.217
red hat,2,22,3,3.6139,3.558,0.761
python string,2,30,3,3.6167,3.558,0.049
container without,2,22,3,3.6139,3.558,0.136
server sent,2,13,3,3.6156,3.558,0.247
own computer,2,6,2,3.6151,3.558,0.350
further down,2,13,3,3.6168,3.558,0.379
reason phrase,2,10,3,3.6145,3.558,0.553
select function,2,6,2,3.6151,3.558,0.062
down menu,2,26,3,3.6173,3.558,0.438
slightly differently,2,18,3,3.6145,3.558,0.575
want to invoke,3,14,3,3.6110,3.558,0.314
release of rust,3,6,2,3.6151,3.558,0.387
want to receive,3,13,3,3.6156,3.558,0.237
like to start,3,10,3,3.6116,3.558,0.203
two or three,3,18,3,3.6145,3.558,0.529
drop down menu,3,26,3,3.6173,3.558,0.666
use this method,3,18,3,3.6145,3.558,0.150
browser environment,2,15,3,3.6027,3.557,0.215
take in,2,11,4,3.6046,3.557,-0.065
uppercase letter,2,15,3,3.6027,3.557,0.652
case statement,2,14,3,3.6098,3.557,0.154
single parameter,2,23,3,3.6068,3.557,0.172
currently active,2,19,4,3.6074,3.557,0.391
server name,2,23,3,3.6068,3.557,0.045
shorter way,2,8,3,3.6022,3.557,0.335
query execution,2,32,2,3.6039,3.557,0.248
sign on,2,32,2,3.6039,3.557,0.115
check constraint,2,32,2,3.6039,3.557,0.314
query planner,2,32,2,3.6039,3.557,0.412
bound function,2,32,2,3.6039,3.557,0.189
style classes,2,32,2,3.6039,3.557,0.314
define and use,3,8,3,3.6022,3.557,0.331
like this instead,3,11,4,3.6046,3.557,0.168
see this in,3,11,4,3.6046,3.557,0.106
number of distinct,3,32,2,3.6039,3.557,0.382
using string,2,16,3,3.5969,3.556,-0.025
type integer,2,24,2,3.5998,3.556,0.135
limited number,2,16,3,3.6010,3.556,0.300
command again,2,21,4,3.5946,3.556,0.165
same url,2,21,4,3.5946,3.556,0.124
start out,2,8,3,3.5981,3.556,0.144
two additional,2,21,4,3.5946,3.556,0.185
attribute set,2,24,2,3.6010,3.556,0.139
method resolution,2,24,2,3.6010,3.556,0.286
docker documentation,2,16,2,3.5981,3.556,0.092
comes up,2,16,2,3.5981,3.556,0.260
other software,2,17,3,3.5952,3.556,0.211
insert on,2,16,2,3.5981,3.556,0.108
transaction control,2,24,2,3.6010,3.556,0.328
executed inside,2,24,2,3.6010,3.556,0.267
method resolution order,3,24,2,3.6010,3.556,0.508
name without,2,17,3,3.5899,3.555,0.059
fetching in,2,17,3,3.5899,3.555,0.057
skip over,2,18,3,3.5881,3.555,0.322
sorted list,2,14,3,3.5888,3.555,0.318
purpose built,2,17,3,3.5899,3.555,0.348
continue running,2,13,4,3.5917,3.555,0.270
new field,2,22,3,3.5875,3.555,0.058
pattern using,2,14,3,3.5888,3.555,0.061
name method,2,14,3,3.5888,3.555,0.025
per se,2,17,3,3.5911,3.555,0.615
better idea,2,9,3,3.5923,3.555,0.350
push method,2,10,2,3.5894,3.555,0.196
helpful to use,3,13,4,3.5905,3.555,0.285
used to remove,3,17,3,3.5911,3.555,0.213
whenever you want,3,13,4,3.5917,3.555,0.299
want to provide,3,13,4,3.5905,3.555,0.148
using the option,3,13,4,3.5917,3.555,0.094
download the latest,3,17,3,3.5911,3.555,0.428
value you want,3,14,3,3.5888,3.555,0.047
using the value,3,10,2,3.5894,3.555,0.032
show the output,3,9,3,3.5923,3.555,0.267
bundle file,2,19,3,3.5770,3.554,0.216
loop instead,2,14,4,3.5847,3.554,0.152
code use,2,19,3,3.5770,3.554,-0.135
executed once,2,18,3,3.5841,3.554,0.293
own file,2,11,4,3.5783,3.554,0.079
break out,2,14,4,3.5847,3.554,0.262
other logic,2,7,3,3.5789,3.554,0.130
local environment,2,27,3,3.5811,3.554,0.185
use the path,3,15,4,3.5776,3.554,0.089
used to prevent,3,15,4,3.5776,3.554,0.226
infer the type,3,7,3,3.5789,3.554,0.390
given user,2,16,4,3.5718,3.553,0.142
find last,2,28,2,3.5741,3.553,0.230
specify in,2,12,4,3.5724,3.553,-0.067
line character,2,11,3,3.5754,3.553,0.191
current class,2,20,3,3.5712,3.553,0.123
log record,2,28,2,3.5741,3.553,0.331
time part,2,24,3,3.5747,3.553,0.116
new setting,2,16,2,3.5759,3.553,0.109
able to handle,3,20,3,3.5712,3.553,0.261
want to insert,3,8,3,3.5730,3.553,0.227
git executable,2,9,4,3.5660,3.552,0.247
performance gains,2,13,3,3.5613,3.552,0.568
during git,2,30,2,3.5612,3.552,0.126
third element,2,9,4,3.5660,3.552,0.316
using fast,2,12,3,3.5671,3.552,0.087
another library,2,9,3,3.5619,3.552,0.173
recommend against,2,12,3,3.5671,3.552,0.412
format code,2,30,2,3.5612,3.552,0.037
parsing error,2,12,3,3.5683,3.552,0.221
same state,2,21,3,3.5642,3.552,0.028
application works,2,21,3,3.5642,3.552,0.170
add argument,2,29,2,3.5682,3.552,0.112
new copy,2,21,2,3.5654,3.552,0.119
text data,2,21,2,3.5654,3.552,0.073
unsigned char,2,29,2,3.5682,3.552,0.578
connection is closed,3,17,4,3.5648,3.552,0.540
way of handling,3,12,3,3.5683,3.552,0.431
taken into account,3,21,3,3.5642,3.552,0.590
run docker compose,3,29,2,3.5682,3.552,0.234
emitted during,2,13,2,3.5601,3.551,0.436
main entry,2,14,3,3.5543,3.551,0.281
used whenever,2,14,3,3.5543,3.551,0.205
specific path,2,13,2,3.5601,3.551,0.136
single place,2,14,3,3.5543,3.551,0.235
something went,2,10,4,3.5561,3.551,0.432
field level,2,13,2,3.5601,3.551,0.168
pending fulfilled,2,13,2,3.5601,3.551,0.609
type provided,2,7,3,3.5538,3.551,0.106
two result,2,7,3,3.5538,3.551,0.117
throw the error,3,14,3,3.5555,3.551,0.325
give you more,3,10,4,3.5549,3.551,0.275
something went wrong,3,10,4,3.5561,3.551,0.511
try the following,3,10,4,3.5561,3.551,0.135
use the keyword,3,10,4,3.5561,3.551,0.212
try to change,3,10,4,3.5561,3.551,0.213
code to handle,3,14,3,3.5596,3.551,0.139
src bin,2,11,3,3.5478,3.550,0.468
syntax see,2,23,3,3.5513,3.550,0.098
same kind,2,23,3,3.5513,3.550,0.190
license file,2,11,3,3.5478,3.550,0.245
change over,2,23,3,3.5513,3.550,0.163
falling back,2,32,2,3.5483,3.550,0.603
software bill,2,32,2,3.5483,3.550,0.648
import foo,2,15,2,3.5472,3.550,0.286
handling logic,2,11,4,3.5491,3.550,0.298
doc test,2,32,2,3.5483,3.550,0.238
other useful,2,15,3,3.5484,3.550,0.110
backing up,2,20,3,3.5461,3.550,0.474
change over time,3,23,3,3.5513,3.550,0.351
use the property,3,15,3,3.5484,3.550,0.134
around this issue,3,24,3,3.5455,3.550,0.412
want to reuse,3,19,4,3.5519,3.550,0.317
version used,2,12,4,3.5420,3.549,0.026
same idea,2,12,4,3.5420,3.549,0.205
uploaded file,2,25,3,3.5384,3.549,0.333
calling function,2,9,4,3.5368,3.549,0.093
copied in,2,16,3,3.5426,3.549,0.067
math random,2,16,3,3.5414,3.549,0.512
now used,2,25,3,3.5384,3.549,0.014
used to show,3,25,3,3.5384,3.549,0.215
need to build,3,25,3,3.5384,3.549,0.075
practice to use,3,9,4,3.5368,3.549,0.254
other way around,3,16,3,3.5426,3.549,0.433
return value in,3,9,4,3.5368,3.549,0.049
people who want,3,13,3,3.5403,3.549,0.367
help avoid,2,17,2,3.5344,3.548,0.249
exhaustive list,2,17,2,3.5344,3.548,0.384
following structure,2,17,3,3.5356,3.548,0.199
getter setter,2,18,3,3.5286,3.548,0.672
void operator,2,17,2,3.5344,3.548,0.426
correct path,2,14,4,3.5292,3.548,0.157
total length,2,13,3,3.5350,3.548,0.415
code directly,2,18,3,3.5286,3.548,0.054
application server,2,17,3,3.5356,3.548,0.100
good default,2,9,3,3.5356,3.548,0.143
related name,2,26,2,3.5326,3.548,0.170
between docker,2,26,2,3.5326,3.548,0.076
pool executor,2,26,2,3.5326,3.548,0.585
near the end,3,17,3,3.5356,3.548,0.504
sometimes you want,3,17,3,3.5356,3.548,0.261
stdout and sys,3,17,2,3.5344,3.548,0.606
rust project,2,7,2,3.5234,3.547,0.141
rand package,2,7,2,3.5234,3.547,0.373
command cargo,2,7,2,3.5234,3.547,0.054
experimental support,2,19,2,3.5215,3.547,0.321
configuration information,2,15,3,3.5221,3.547,0.134
server startup,2,19,2,3.5215,3.547,0.295
load balancing,2,27,3,3.5256,3.547,0.635
recent version,2,23,4,3.5262,3.547,0.281
react memo,2,19,2,3.5215,3.547,0.380
early return,2,11,3,3.5227,3.547,0.287
redux promise,2,10,2,3.5257,3.547,0.258
different syntax,2,15,4,3.5233,3.547,0.145
generating random,2,10,2,3.5257,3.547,0.507
node version,2,10,2,3.5269,3.547,0.123
nice way,2,10,2,3.5269,3.547,0.301
main class,2,10,2,3.5269,3.547,0.156
std string,2,10,2,3.5269,3.547,0.263
aspect ratio,2,10,2,3.5269,3.547,0.781
manager and build,3,7,2,3.5234,3.547,0.455
reduce the amount,3,19,3,3.5227,3.547,0.544
want to capture,3,11,3,3.5199,3.547,0.278
instead of writing,3,15,3,3.5221,3.547,0.232
code that needs,3,15,3,3.5221,3.547,0.286
ways to define,3,11,3,3.5227,3.547,0.358
possible to run,3,19,3,3.5227,3.547,0.185
value is null,3,23,4,3.5262,3.547,0.269
counter variable,2,12,4,3.5169,3.546,0.288
short circuiting,2,20,3,3.5157,3.546,0.675
database schema,2,29,3,3.5127,3.546,0.228
used to change,3,20,3,3.5157,3.546,0.154
need to wrap,3,16,4,3.5163,3.546,0.274
print an error,3,8,4,3.5175,3.546,0.265
last command,2,14,4,3.5041,3.545,0.146
party library,2,21,2,3.5087,3.545,0.341
relative url,2,13,3,3.5058,3.545,0.314
inline in,2,13,3,3.5058,3.545,0.059
module type,2,17,3,3.5093,3.545,0.028
rarely need,2,14,4,3.5041,3.545,0.348
desired result,2,13,3,3.5070,3.545,0.314
use three,2,10,3,3.5047,3.545,0.073
reason behind,2,9,3,3.5076,3.545,0.405
go on,2,9,3,3.5076,3.545,0.039
include the following,3,21,2,3.5087,3.545,0.157
using the name,3,14,4,3.5041,3.545,0.070
source of truth,3,21,2,3.5087,3.545,0.590
want to output,3,9,3,3.5076,3.545,0.060
specified directory,2,19,3,3.4964,3.544,0.125
base name,2,22,3,3.5028,3.544,0.127
almost certainly,2,18,4,3.5034,3.544,0.620
pattern syntax,2,11,3,3.4976,3.544,0.202
non number,2,7,3,3.4983,3.544,0.147
active user,2,14,3,3.4988,3.544,0.265
using model,2,14,3,3.4988,3.544,0.043
automatically converted,2,23,2,3.4958,3.544,0.338
site key,2,14,3,3.4988,3.544,0.267
get initial,2,14,3,3.4988,3.544,0.188
last version,2,31,2,3.4999,3.544,0.160
single sign,2,31,2,3.4999,3.544,0.287
get object,2,31,2,3.4999,3.544,-0.008
wrapper object,2,31,2,3.4999,3.544,0.212
socket file,2,31,2,3.4999,3.544,0.194
read access,2,31,2,3.4999,3.544,0.158
latest tag,2,23,2,3.4970,3.544,0.327
tab select,2,31,2,3.4999,3.544,0.327
current position,2,31,2,3.4999,3.544,0.313
docker system,2,31,2,3.4999,3.544,0.072
set such,2,31,2,3.4999,3.544,0.042
input function,2,31,2,3.4999,3.544,0.062
hash based,2,31,2,3.4999,3.544,0.287
meta command,2,23,2,3.4970,3.544,0.263
easy to read,3,14,3,3.5000,3.544,0.314
absolute or relative,3,15,3,3.4970,3.544,0.683
more than two,3,18,4,3.5034,3.544,0.242
mode is enabled,3,23,2,3.4958,3.544,0.379
within the loop,3,18,4,3.5034,3.544,0.295
use the module,3,14,3,3.5000,3.544,0.096
server is listening,3,22,3,3.5028,3.544,0.500
need to override,3,22,3,3.5028,3.544,0.226
cause the program,3,7,3,3.4983,3.544,0.331
full text search,3,23,2,3.4970,3.544,0.505
loss of precision,3,31,2,3.4999,3.544,0.694
flag to docker,3,31,2,3.4999,3.544,0.256
currently available,2,24,3,3.4900,3.543,0.245
session id,2,24,3,3.4900,3.543,0.269
default file,2,24,3,3.4900,3.543,-0.028
remote machine,2,15,3,3.4929,3.543,0.326
source array,2,15,2,3.4942,3.543,0.152
core dump,2,15,2,3.4942,3.543,0.391
sure to check,3,11,4,3.4936,3.543,0.313
condition is met,3,11,4,3.4936,3.543,0.691
level of abstraction,3,12,4,3.4877,3.543,0.573
use the first,3,16,3,3.4912,3.543,-0.007
common convention,2,12,4,3.4865,3.542,0.373
opt into,2,21,3,3.4836,3.542,0.286
custom configuration,2,25,2,3.4829,3.542,0.173
duck typing,2,9,4,3.4813,3.542,0.639
guide on,2,17,3,3.4801,3.542,0.100
json parse,2,17,3,3.4801,3.542,0.271
result back,2,13,4,3.4807,3.542,0.192
value method,2,13,3,3.4848,3.542,-0.017
more meaningful,2,13,4,3.4807,3.542,0.319
bundle mode,2,16,3,3.4859,3.542,0.340
clone on,2,9,2,3.4854,3.542,0.106
last expression,2,9,2,3.4854,3.542,0.228
take the same,3,13,4,3.4807,3.542,0.119
use the full,3,16,3,3.4871,3.542,0.143
running the application,3,16,3,3.4871,3.542,0.246
need to upgrade,3,13,4,3.4807,3.542,0.263
convert the string,3,9,2,3.4854,3.542,0.336
licensed under,2,14,4,3.4737,3.541,0.587
new built,2,26,3,3.4771,3.541,0.107
use code,2,10,4,3.4743,3.541,-0.137
same basic,2,10,4,3.4743,3.541,0.196
normal mode,2,10,3,3.4714,3.541,0.285
object based,2,18,3,3.4743,3.541,0.085
never change,2,22,3,3.4777,3.541,0.188
byte value,2,15,2,3.4719,3.541,0.181
finding out,2,22,3,3.4777,3.541,0.366
true by default,3,18,3,3.4730,3.541,0.188
allow the user,3,15,2,3.4719,3.541,0.236
custom css,2,11,3,3.4644,3.540,0.265
get information,2,15,4,3.4678,3.540,0.076
error see,2,19,3,3.4672,3.540,-0.020
create more,2,15,4,3.4678,3.540,0.010
public interface,2,11,4,3.4684,3.540,0.357
like python,2,15,4,3.4678,3.540,0.018
command above,2,11,4,3.4684,3.540,0.121
arbitrary order,2,11,4,3.4684,3.540,0.321
progress output,2,27,2,3.4701,3.540,0.267
break statement,2,27,2,3.4701,3.540,0.316
finite number,2,19,3,3.4713,3.540,0.439
transfer encoding,2,27,2,3.4701,3.540,0.515
image field,2,28,2,3.4643,3.540,0.143
docker exec,2,28,2,3.4643,3.540,0.243
block device,2,28,2,3.4643,3.540,0.354
through the loop,3,11,4,3.4684,3.540,0.308
string or number,3,11,4,3.4684,3.540,0.340
dev command,2,12,2,3.4561,3.539,0.185
specified time,2,29,2,3.4572,3.539,0.089
extra time,2,29,2,3.4572,3.539,0.158
static initialization,2,29,2,3.4572,3.539,0.391
type hint,2,11,3,3.4631,3.539,0.298
now more,2,16,4,3.4608,3.539,0.015
response directly,2,12,2,3.4561,3.539,0.219
first change,2,8,4,3.4620,3.539,0.079
template rendering,2,20,3,3.4602,3.539,0.331
tearing down,2,12,2,3.4561,3.539,0.659
url prefix,2,12,2,3.4561,3.539,0.322
json parser,2,11,3,3.4631,3.539,0.272
explicitly provided,2,29,2,3.4572,3.539,0.292
name argument,2,29,2,3.4572,3.539,0.081
type get,2,29,2,3.4572,3.539,-0.015
model layer,2,12,2,3.4585,3.539,0.311
net application,2,20,2,3.4614,3.539,0.278
property method,2,20,2,3.4614,3.539,0.108
right table,2,12,2,3.4585,3.539,0.202
solution works,2,12,2,3.4585,3.539,0.263
type of object,3,29,2,3.4572,3.539,0.150
use this flag,3,11,3,3.4631,3.539,0.151
writing the code,3,8,4,3.4620,3.539,0.231
content length header,3,16,4,3.4608,3.539,0.601
take longer,2,14,4,3.4485,3.538,0.256
manually using,2,21,3,3.4544,3.538,0.143
boolean type,2,10,4,3.4492,3.538,0.173
test result,2,14,4,3.4485,3.538,0.085
legacy code,2,17,4,3.4550,3.538,0.196
more experienced,2,6,3,3.4498,3.538,0.369
special directory,2,6,3,3.4498,3.538,0.204
program again,2,6,3,3.4498,3.538,0.231
easy to find,3,13,3,3.4515,3.538,0.334
data is copied,3,10,4,3.4492,3.538,0.400
operator such,2,10,3,3.4439,3.537,0.171
other use,2,22,3,3.4473,3.537,-0.084
connection error,2,10,4,3.4451,3.537,0.126
documentation provided,2,10,3,3.4439,3.537,0.227
app code,2,14,2,3.4432,3.537,0.006
application instance,2,14,2,3.4432,3.537,0.144
async support,2,14,2,3.4432,3.537,0.189
push pull,2,19,3,3.4421,3.537,0.341
last few,2,19,3,3.4421,3.537,0.279
changed by setting,3,14,2,3.4432,3.537,0.405
raise value,2,24,3,3.4345,3.536,0.173
never return,2,12,4,3.4322,3.536,0.173
process using,2,15,3,3.4386,3.536,0.052
browser window,2,15,3,3.4386,3.536,0.327
left corner,2,12,3,3.4363,3.536,0.513
constant time,2,11,3,3.4393,3.536,0.265
create an empty,3,20,4,3.4351,3.536,0.229
need to send,3,15,3,3.4374,3.536,0.183
raise value error,3,24,3,3.4345,3.536,0.484
time and effort,3,8,4,3.4328,3.536,0.511
standard output stream,3,12,3,3.4363,3.536,0.508
sample data,2,16,3,3.4316,3.535,0.220
semicolon insertion,2,16,3,3.4316,3.535,0.630
enum member,2,17,3,3.4246,3.535,0.389
perform better,2,16,3,3.4316,3.535,0.333
required attribute,2,17,3,3.4246,3.535,0.267
development experience,2,16,2,3.4304,3.535,0.411
correct order,2,16,3,3.4316,3.535,0.201
test request,2,16,2,3.4304,3.535,0.089
many web,2,9,4,3.4258,3.535,0.206
more straightforward,2,13,4,3.4252,3.535,0.309
server module,2,16,2,3.4304,3.535,0.090
dev null,2,25,2,3.4286,3.535,0.279
current exception,2,25,2,3.4286,3.535,0.124
python executable,2,25,2,3.4286,3.535,0.272
such as using,3,17,3,3.4246,3.535,0.027
used in other,3,13,4,3.4252,3.535,0.162
try catch finally,3,17,3,3.4246,3.535,0.499
now automatically,2,26,3,3.4216,3.534,0.128
expected value,2,18,3,3.4187,3.534,0.092
two dimensional,2,14,4,3.4194,3.534,0.452
method used,2,22,4,3.4222,3.534,0.006
connection between,2,22,4,3.4222,3.534,0.225
static file,2,18,2,3.4175,3.534,0.112
file git,2,22,4,3.4222,3.534,-0.028
significantly more,2,18,3,3.4187,3.534,0.308
printed in,2,18,3,3.4228,3.534,0.067
contain multiple,2,18,3,3.4228,3.534,0.220
responsible for managing,3,10,3,3.4188,3.534,0.565
used to provide,3,26,3,3.4216,3.534,0.202
application is running,3,18,3,3.4187,3.534,0.337
answer the question,3,10,3,3.4159,3.534,0.425
try to install,3,10,3,3.4200,3.534,0.283
read the data,3,18,3,3.4228,3.534,0.210
message string,2,19,3,3.4117,3.533,0.094
es classes,2,11,3,3.4088,3.533,0.371
modification time,2,19,3,3.4117,3.533,0.338
route handler,2,10,2,3.4147,3.533,0.424
error telling,2,7,4,3.4135,3.533,0.307
save method,2,28,3,3.4087,3.533,0.202
response status,2,19,3,3.4117,3.533,0.276
value within,2,15,4,3.4123,3.533,0.070
string constant,2,28,3,3.4087,3.533,0.265
variable value,2,24,3,3.4094,3.533,0.013
need to manage,3,15,4,3.4123,3.533,0.236
number of active,3,19,3,3.4117,3.533,0.321
going on in,3,11,4,3.4129,3.533,0.144
code formatting,2,12,3,3.4018,3.532,0.173
line use,2,16,3,3.4053,3.532,-0.045
implicit type,2,12,3,3.4018,3.532,0.252
unary operator,2,20,3,3.4059,3.532,0.520
other action,2,12,3,3.4018,3.532,0.095
last argument,2,20,3,3.4059,3.532,0.200
address used,2,16,3,3.4065,3.532,0.139
code later,2,9,3,3.4007,3.532,0.037
easier to find,3,8,3,3.4065,3.532,0.317
trying to change,3,12,3,3.4030,3.532,0.200
outside of react,3,20,2,3.4047,3.532,0.315
basically the same,3,12,3,3.4030,3.532,0.259
find the first,3,16,3,3.4065,3.532,0.177
trying to display,3,8,2,3.4036,3.532,0.304
many possible,2,13,3,3.3960,3.531,0.161
take another,2,6,3,3.3943,3.531,0.188
parse method,2,6,3,3.3943,3.531,0.206
script source,2,21,3,3.3988,3.531,0.147
string new,2,6,3,3.3943,3.531,0.004
undefined variable,2,9,4,3.3966,3.531,0.231
same lifetime,2,6,3,3.3943,3.531,0.211
show in,2,21,3,3.3988,3.531,-0.054
watch out,2,17,4,3.3995,3.531,0.343
particular behavior,2,6,3,3.3943,3.531,0.245
first error,2,13,4,3.4001,3.531,0.007
logic like,2,13,3,3.3948,3.531,0.114
call next,2,6,3,3.3943,3.531,0.141
current environment,2,13,3,3.3948,3.531,0.153
calling add,2,6,3,3.3943,3.531,0.162
output field,2,30,2,3.3959,3.531,0.095
further information,2,22,2,3.3930,3.531,0.268
date range,2,22,2,3.3930,3.531,0.283
database service,2,30,2,3.3959,3.531,0.213
var val,2,30,2,3.3959,3.531,0.581
fix bug,2,30,2,3.3959,3.531,0.249
private static,2,22,2,3.3930,3.531,0.322
core code,2,30,2,3.3959,3.531,0.086
join order,2,30,2,3.3959,3.531,0.282
module search,2,30,2,3.3959,3.531,0.201
intended to help,3,13,3,3.3948,3.531,0.375
need to load,3,14,3,3.3930,3.531,0.204
over an array,3,9,4,3.3966,3.531,0.271
means we need,3,6,3,3.3943,3.531,0.279
composite primary key,3,30,2,3.3959,3.531,0.554
git submodule update,3,30,2,3.3959,3.531,0.448
more correct,2,10,4,3.3896,3.530,0.102
registry key,2,23,3,3.3860,3.530,0.226
event name,2,22,2,3.3918,3.530,0.141
default clause,2,22,2,3.3918,3.530,0.222
computer science,2,23,3,3.3860,3.530,0.631
entire file,2,14,3,3.3890,3.530,0.156
implement in,2,10,4,3.3896,3.530,-0.045
probably need,2,14,3,3.3890,3.530,0.176
default command,2,23,3,3.3860,3.530,0.020
typing module,2,23,3,3.3860,3.530,0.296
default exception,2,14,3,3.3890,3.530,0.047
individual test,2,14,3,3.3890,3.530,0.235
much sense,2,19,4,3.3866,3.530,0.363
nested object,2,14,3,3.3890,3.530,0.173
hub api,2,22,2,3.3918,3.530,0.189
other table,2,15,3,3.3872,3.530,0.070
single table,2,15,3,3.3872,3.530,0.152
enough to get,3,10,4,3.3896,3.530,0.300
sys version,2,16,3,3.3802,3.529,0.258
pass on,2,15,3,3.3819,3.529,0.006
flat map,2,24,2,3.3790,3.529,0.425
false positive,2,24,2,3.3790,3.529,0.398
continue statement,2,24,2,3.3790,3.529,0.303
api support,2,24,2,3.3790,3.529,0.118
add code,2,12,3,3.3808,3.529,-0.026
data based,2,11,4,3.3825,3.529,0.087
module namespace,2,24,2,3.3790,3.529,0.262
error thrown,2,15,3,3.3831,3.529,0.185
use thread,2,8,2,3.3814,3.529,0.026
data analysis,2,8,2,3.3814,3.529,0.235
three tables,2,8,2,3.3814,3.529,0.319
field is used,3,11,4,3.3825,3.529,0.198
need to escape,3,15,3,3.3831,3.529,0.265
code to write,3,15,3,3.3819,3.529,0.110
thing to note,3,11,4,3.3837,3.529,0.378
need to test,3,11,4,3.3837,3.529,0.051
printed to standard,3,8,2,3.3814,3.529,0.496
able to infer,3,8,2,3.3814,3.529,0.418
causing the problem,3,7,2,3.3844,3.529,0.419
branch tag,2,17,3,3.3691,3.528,0.257
exit on,2,16,3,3.3761,3.528,0.089
unless overridden,2,17,3,3.3691,3.528,0.453
possible error,2,13,4,3.3697,3.528,0.066
lot easier,2,16,3,3.3761,3.528,0.355
becomes more,2,12,4,3.3767,3.528,0.212
modern web,2,16,3,3.3761,3.528,0.363
runtime warning,2,16,3,3.3761,3.528,0.314
binary search,2,17,3,3.3703,3.528,0.305
query result,2,25,3,3.3731,3.528,0.130
provide its own,3,13,4,3.3697,3.528,0.319
option to control,3,13,4,3.3697,3.528,0.303
intend to use,3,16,3,3.3761,3.528,0.286
function or class,3,17,3,3.3691,3.528,0.325
behave as expected,3,12,4,3.3767,3.528,0.519
unless you use,3,13,3,3.3709,3.528,0.198
need to copy,3,13,3,3.3709,3.528,0.155
use the index,3,21,3,3.3737,3.528,0.097
reading writing,2,10,4,3.3645,3.527,0.330
thanks in,2,9,2,3.3674,3.527,0.074
more performant,2,18,3,3.3632,3.527,0.415
token type,2,26,2,3.3661,3.527,0.147
result using,2,14,4,3.3638,3.527,0.019
try removing,2,10,4,3.3645,3.527,0.328
local server,2,18,3,3.3632,3.527,0.138
compiler needs,2,10,4,3.3645,3.527,0.237
stuff like,2,9,2,3.3674,3.527,0.291
far so good,3,6,2,3.3651,3.527,0.628
variable instead,2,15,4,3.3568,3.526,0.085
less verbose,2,11,4,3.3574,3.526,0.386
app get,2,10,2,3.3592,3.526,0.069
context api,2,10,2,3.3592,3.526,0.147
official redux,2,10,2,3.3592,3.526,0.305
username field,2,20,2,3.3545,3.526,0.276
start method,2,27,2,3.3603,3.526,0.103
restart policy,2,27,2,3.3603,3.526,0.427
stopped container,2,11,2,3.3546,3.526,0.375
pretty well,2,11,2,3.3546,3.526,0.335
map in,2,20,2,3.3545,3.526,-0.024
undefined reference,2,11,2,3.3546,3.526,0.249
outer join,2,11,2,3.3546,3.526,0.452
program crash,2,11,2,3.3546,3.526,0.192
bottom line,2,11,2,3.3546,3.526,0.321
render tree,2,27,2,3.3603,3.526,0.277
initializer function,2,20,2,3.3545,3.526,0.286
under the same,3,15,4,3.3568,3.526,0.165
web socket connection,3,10,2,3.3592,3.526,0.509
fractional part,2,28,2,3.3532,3.525,0.479
external data,2,20,3,3.3504,3.525,0.156
non global,2,12,3,3.3463,3.525,0.236
general prompt,2,11,2,3.3521,3.525,0.401
come directly,2,11,2,3.3521,3.525,0.325
use yield,2,11,2,3.3521,3.525,0.157
type attribute,2,20,3,3.3504,3.525,0.106
path query,2,11,2,3.3521,3.525,0.108
template language,2,28,2,3.3532,3.525,0.256
zone database,2,28,2,3.3532,3.525,0.317
dump json,2,11,2,3.3521,3.525,0.326
context data,2,28,2,3.3532,3.525,0.087
single reducer,2,11,2,3.3521,3.525,0.227
save post,2,11,2,3.3521,3.525,0.295
get involved,2,11,2,3.3521,3.525,0.289
using the field,3,11,2,3.3521,3.525,0.128
activate the default,3,11,2,3.3521,3.525,0.384
json for more,3,11,2,3.3521,3.525,0.203
time zone database,3,28,2,3.3532,3.525,0.327
token on,2,9,2,3.3399,3.524,0.079
new owner,2,30,2,3.3404,3.524,0.239
used outside,2,21,3,3.3433,3.524,0.161
meta object,2,13,2,3.3393,3.524,0.218
key name,2,21,3,3.3433,3.524,0.068
explicitly configured,2,13,2,3.3393,3.524,0.354
actual code,2,13,3,3.3405,3.524,0.117
extra parameter,2,9,4,3.3452,3.524,0.227
def init,2,13,2,3.3393,3.524,0.406
logging configuration,2,30,2,3.3404,3.524,0.267
new component,2,21,3,3.3433,3.524,0.085
user logged,2,13,2,3.3393,3.524,0.310
modify data,2,9,4,3.3452,3.524,0.172
result into,2,18,3,3.3381,3.524,0.084
sorted in,2,26,2,3.3410,3.524,0.093
run once,2,18,3,3.3381,3.524,0.118
more modern,2,18,3,3.3381,3.524,0.225
test private,2,5,2,3.3458,3.524,0.201
new vector,2,5,2,3.3458,3.524,0.199
bad state,2,5,2,3.3458,3.524,0.253
unknown number,2,5,2,3.3458,3.524,0.300
see the section,3,21,3,3.3433,3.524,0.201
initial state value,3,13,2,3.3393,3.524,0.279
write the code,3,9,4,3.3452,3.524,0.168
render to string,3,30,2,3.3404,3.524,0.395
switch to another,3,9,4,3.3452,3.524,0.398
need to download,3,18,3,3.3381,3.524,0.245
use that value,3,5,2,3.3458,3.524,0.229
size at compile,3,5,2,3.3458,3.524,0.413
first but once,3,5,2,3.3458,3.524,0.485
hello world project,3,5,2,3.3458,3.524,0.383
general information,2,19,4,3.3311,3.523,0.244
post put,2,14,3,3.3334,3.523,0.262
necessarily need,2,14,3,3.3334,3.523,0.302
another tool,2,10,4,3.3341,3.523,0.255
tear down,2,23,3,3.3305,3.523,0.644
submit button,2,14,3,3.3347,3.523,0.482
site scripting,2,23,3,3.3305,3.523,0.592
string on,2,22,3,3.3375,3.523,-0.080
reference manual,2,22,3,3.3375,3.523,0.319
sorted order,2,23,3,3.3305,3.523,0.359
use set,2,22,3,3.3375,3.523,-0.084
use self,2,11,3,3.3323,3.523,0.102
run two,2,10,3,3.3353,3.523,0.057
looking into,2,10,3,3.3353,3.523,0.216
following command line,3,22,3,3.3375,3.523,0.157
easy to write,3,14,3,3.3334,3.523,0.309
using the constructor,3,22,3,3.3375,3.523,0.196
function is now,3,19,4,3.3311,3.523,0.158
used to check,3,23,3,3.3305,3.523,0.169
cross site scripting,3,23,3,3.3305,3.523,0.753
low level api,3,14,3,3.3334,3.523,0.354
code to work,3,11,3,3.3323,3.523,0.115
need to fix,3,11,3,3.3323,3.523,0.125
given directory,2,11,3,3.3270,3.522,0.147
format json,2,15,2,3.3264,3.522,0.168
resolved relative,2,15,2,3.3264,3.522,0.428
pass additional,2,15,2,3.3264,3.522,0.227
case use,2,15,3,3.3276,3.522,-0.047
option default,2,15,2,3.3264,3.522,0.021
aid in,2,15,2,3.3264,3.522,0.215
much cleaner,2,7,3,3.3288,3.522,0.523
go inside,2,7,3,3.3288,3.522,0.210
title body,2,15,2,3.3264,3.522,0.407
non deterministic,2,15,3,3.3276,3.522,0.439
put together,2,11,4,3.3282,3.522,0.326
started in,2,24,2,3.3247,3.522,0.001
host side,2,24,2,3.3247,3.522,0.275
sure to run,3,11,3,3.3270,3.522,0.248
more sense,2,13,4,3.3154,3.521,0.215
most web,2,13,4,3.3154,3.521,0.199
now see,2,16,3,3.3206,3.521,0.017
second step,2,9,3,3.3160,3.521,0.291
quite often,2,16,2,3.3218,3.521,0.377
third parameter,2,16,2,3.3218,3.521,0.283
run simultaneously,2,9,3,3.3160,3.521,0.356
code the same,3,8,4,3.3218,3.521,-0.050
change the contents,3,12,4,3.3212,3.521,0.270
data in memory,3,13,4,3.3154,3.521,0.265
able to connect,3,16,2,3.3218,3.521,0.324
give feedback,2,17,2,3.3135,3.520,0.419
changed on,2,18,3,3.3077,3.520,0.055
optimization level,2,14,4,3.3083,3.520,0.367
mouse over,2,9,2,3.3119,3.520,0.499
usually better,2,17,2,3.3135,3.520,0.298
level use,2,17,2,3.3135,3.520,0.015
using open,2,17,2,3.3135,3.520,0.059
view class,2,17,2,3.3135,3.520,0.146
status value,2,9,3,3.3148,3.520,0.125
another use,2,14,4,3.3083,3.520,-0.007
call instead,2,10,4,3.3089,3.520,0.076
module path,2,14,4,3.3083,3.520,0.091
virtual dom,2,9,2,3.3119,3.520,0.394
added more,2,14,4,3.3083,3.520,0.092
element array,2,17,3,3.3148,3.520,0.161
use the public,3,9,3,3.3148,3.520,0.218
want to share,3,14,4,3.3083,3.520,0.235
between these two,3,14,4,3.3083,3.520,0.376
deploy your application,3,17,2,3.3135,3.520,0.454
stays the same,3,14,4,3.3083,3.520,0.363
matter how many,3,17,3,3.3148,3.520,0.492
filter on,2,19,3,3.3019,3.519,0.085
path default,2,10,2,3.3036,3.519,0.039
computed key,2,10,2,3.3036,3.519,0.341
disable line,2,10,2,3.3036,3.519,0.215
set interval,2,19,2,3.3007,3.519,0.322
tagged template,2,19,2,3.3007,3.519,0.478
first non,2,19,3,3.3019,3.519,0.120
int float,2,19,2,3.3007,3.519,0.441
same process,2,19,2,3.3007,3.519,0.092
given key,2,19,3,3.3019,3.519,0.164
between python,2,27,3,3.3048,3.519,0.110
type specific,2,19,2,3.3007,3.519,0.062
effect function,2,10,2,3.3036,3.519,0.094
thunk action,2,10,2,3.3036,3.519,0.308
build app,2,10,2,3.3036,3.519,0.099
becomes available,2,23,3,3.3054,3.519,0.302
other means,2,15,3,3.3025,3.519,0.100
update the code,3,7,3,3.3025,3.519,0.152
request method post,3,10,2,3.3036,3.519,0.516
start by using,3,7,3,3.3025,3.519,0.267
iterate on,2,12,4,3.2961,3.518,0.187
first add,2,16,4,3.2955,3.518,0.051
static class,2,11,3,3.2990,3.518,0.181
own version,2,12,4,3.2961,3.518,0.136
new terminal,2,20,3,3.2949,3.518,0.171
go over,2,12,4,3.2961,3.518,0.231
especially important,2,16,4,3.2955,3.518,0.371
defined like,2,12,4,3.2961,3.518,0.076
started working,2,8,3,3.2926,3.518,0.283
another instance,2,8,3,3.2967,3.518,0.159
release version,2,12,3,3.2920,3.517,0.150
rust reference,2,5,2,3.2903,3.517,0.126
binary project,2,5,2,3.2903,3.517,0.231
another look,2,5,2,3.2903,3.517,0.175
rand in,2,5,2,3.2903,3.517,0.115
idiomatic rust,2,5,2,3.2903,3.517,0.395
parse json,2,12,3,3.2920,3.517,0.266
original version,2,12,3,3.2908,3.517,0.190
basic understanding,2,21,2,3.2878,3.517,0.459
last option,2,9,4,3.2856,3.517,0.143
same model,2,13,3,3.2891,3.517,0.082
current active,2,12,3,3.2908,3.517,0.295
per container,2,21,2,3.2878,3.517,0.233
sent over,2,21,2,3.2878,3.517,0.305
pattern rust,2,5,2,3.2903,3.517,0.157
use trait,2,5,2,3.2903,3.517,0.043
data writing,2,5,2,3.2903,3.517,0.123
side code,2,12,3,3.2920,3.517,0.085
update hook,2,21,2,3.2878,3.517,0.249
file handler,2,29,2,3.2919,3.517,0.135
use tz,2,29,2,3.2919,3.517,0.358
session key,2,29,2,3.2919,3.517,0.233
textual representation,2,29,2,3.2919,3.517,0.601
first query,2,21,2,3.2890,3.517,0.088
per object,2,29,2,3.2919,3.517,0.136
use see,2,21,2,3.2890,3.517,-0.091
start stop,2,29,2,3.2919,3.517,0.268
mounted into,2,29,2,3.2919,3.517,0.331
buffer size,2,21,2,3.2890,3.517,0.339
update build,2,29,2,3.2919,3.517,0.111
pretty format,2,29,2,3.2919,3.517,0.326
window function,2,29,2,3.2919,3.517,0.150
pseudo element,2,13,2,3.2862,3.517,0.413
ability to run,3,13,3,3.2891,3.517,0.258
code we want,3,5,2,3.2903,3.517,0.094
want to fetch,3,12,3,3.2920,3.517,0.188
see the new,3,13,3,3.2891,3.517,0.084
longer being used,3,5,2,3.2903,3.517,0.437
new dependency,2,10,4,3.2785,3.516,0.112
same python,2,14,3,3.2779,3.516,0.027
exact match,2,22,3,3.2820,3.516,0.307
many new,2,18,4,3.2826,3.516,0.064
comes out,2,10,4,3.2798,3.516,0.260
pending deprecation,2,22,3,3.2820,3.516,0.543
summary line,2,7,2,3.2774,3.516,0.269
whole point,2,14,3,3.2832,3.516,0.306
move in,2,7,2,3.2774,3.516,-0.017
use match,2,7,2,3.2774,3.516,0.010
two string,2,7,2,3.2774,3.516,0.060
using match,2,7,2,3.2774,3.516,0.049
runtime cost,2,7,2,3.2774,3.516,0.401
amount of work,3,14,3,3.2779,3.516,0.274
command to get,3,10,4,3.2798,3.516,0.133
consume the iterator,3,7,2,3.2774,3.516,0.582
least as long,3,7,2,3.2774,3.516,0.425
set of parentheses,3,7,2,3.2774,3.516,0.425
valid identifier,2,23,2,3.2750,3.515,0.321
curly brace,2,15,3,3.2721,3.515,0.666
other web,2,11,4,3.2727,3.515,0.123
calling use,2,23,2,3.2750,3.515,0.046
regular file,2,20,3,3.2698,3.515,0.139
object get prototype,3,23,2,3.2750,3.515,0.438
readable format,2,16,3,3.2651,3.514,0.324
get set,2,24,3,3.2691,3.514,0.008
catch statement,2,16,3,3.2663,3.514,0.255
type application,2,16,3,3.2651,3.514,0.030
string syntax,2,16,3,3.2663,3.514,0.110
state data,2,16,3,3.2651,3.514,0.005
signed certificate,2,16,3,3.2663,3.514,0.492
more context,2,12,3,3.2669,3.514,0.090
pair in,2,13,2,3.2639,3.514,0.083
given below,2,12,3,3.2669,3.514,0.220
function add,2,13,2,3.2639,3.514,-0.016
needs to happen,3,12,4,3.2657,3.514,0.358
test to run,3,8,4,3.2663,3.514,0.146
create and use,3,12,4,3.2657,3.514,0.217
case we want,3,8,4,3.2663,3.514,0.186
development and testing,3,24,3,3.2691,3.514,0.507
attempt to create,3,13,2,3.2639,3.514,0.243
write something like,3,12,3,3.2669,3.514,0.286
another useful,2,13,4,3.2599,3.513,0.182
command below,2,13,4,3.2599,3.513,0.142
array iterator,2,26,2,3.2563,3.513,0.213
want to exclude,3,9,4,3.2605,3.513,0.276
using something like,3,13,4,3.2599,3.513,0.161
name set,2,27,2,3.2492,3.512,-0.001
new item,2,18,3,3.2522,3.512,0.130
keep using,2,18,3,3.2522,3.512,0.088
started guide,2,18,3,3.2522,3.512,0.368
vertical bar,2,14,4,3.2528,3.512,0.595
data within,2,10,4,3.2534,3.512,0.088
render on,2,18,3,3.2522,3.512,0.051
same manner,2,14,4,3.2528,3.512,0.326
creation time,2,27,2,3.2492,3.512,0.249
data volume,2,18,2,3.2534,3.512,0.223
code again,2,11,3,3.2476,3.512,0.080
first form,2,18,2,3.2534,3.512,0.123
method using,2,11,3,3.2476,3.512,-0.029
calling string,2,19,2,3.2505,3.512,0.143
further up,2,10,2,3.2506,3.512,0.243
wx python,2,10,2,3.2506,3.512,0.485
program execution,2,11,3,3.2476,3.512,0.261
data as well,3,10,4,3.2534,3.512,0.110
unable to resolve,3,10,2,3.2506,3.512,0.495
return the last,3,11,3,3.2476,3.512,0.194
use the in,3,11,3,3.2476,3.512,-0.140
want to throw,3,10,2,3.2506,3.512,0.206
within the body,3,11,3,3.2476,3.512,0.327
without deleting,2,11,3,3.2435,3.511,0.365
less clear,2,8,4,3.2412,3.511,0.358
cause unexpected,2,16,4,3.2400,3.511,0.414
simple enough,2,12,4,3.2406,3.511,0.326
cannot run,2,11,3,3.2435,3.511,0.116
another good,2,11,3,3.2435,3.511,0.214
json serializable,2,11,3,3.2435,3.511,0.407
use let,2,8,4,3.2412,3.511,0.056
same action,2,11,3,3.2423,3.511,0.093
tedious and error,3,8,4,3.2412,3.511,0.452
encounter an error,3,8,4,3.2412,3.511,0.414
label in,2,12,3,3.2365,3.510,0.052
proxy environment,2,29,2,3.2364,3.510,0.254
see use,2,29,2,3.2364,3.510,-0.092
same position,2,29,2,3.2364,3.510,0.232
point file,2,12,2,3.2353,3.510,0.074
now take,2,29,2,3.2364,3.510,0.129
id function,2,12,2,3.2353,3.510,0.050
protection against,2,29,2,3.2364,3.510,0.518
raspberry pi,2,21,3,3.2335,3.510,0.866
open id,2,12,2,3.2353,3.510,0.197
user username,2,12,2,3.2353,3.510,0.246
insert data,2,21,3,3.2335,3.510,0.176
author id,2,12,2,3.2353,3.510,0.341
shared object,2,21,3,3.2335,3.510,0.149
server state,2,12,2,3.2353,3.510,0.058
form component,2,29,2,3.2364,3.510,0.195
data via,2,21,3,3.2335,3.510,0.107
stack blitz,2,12,2,3.2353,3.510,0.634
version history,2,25,2,3.2370,3.510,0.231
able to test,3,8,3,3.2371,3.510,0.148
way to declare,3,12,3,3.2365,3.510,0.279
server and client,3,21,3,3.2335,3.510,0.377
compare against,2,13,3,3.2295,3.509,0.396
get different,2,14,4,3.2277,3.509,0.048
shallow clone,2,22,3,3.2265,3.509,0.472
way down,2,13,3,3.2307,3.509,0.192
string based,2,22,3,3.2265,3.509,0.112
like above,2,13,3,3.2307,3.509,0.082
test directory,2,13,3,3.2295,3.509,0.065
cannot make,2,13,3,3.2307,3.509,0.142
internal implementation,2,14,4,3.2277,3.509,0.296
first look,2,10,3,3.2283,3.509,0.119
using try,2,9,3,3.2313,3.509,0.040
available for use,3,22,3,3.2265,3.509,0.188
used in place,3,18,4,3.2271,3.509,0.252
way to update,3,13,3,3.2295,3.509,0.169
token environment,2,14,2,3.2224,3.508,0.247
logic using,2,10,3,3.2230,3.508,0.079
single instance,2,14,3,3.2236,3.508,0.160
class using,2,14,3,3.2236,3.508,-0.004
intermediate representation,2,10,3,3.2230,3.508,0.510
mutating state,2,14,2,3.2224,3.508,0.328
command output,2,15,2,3.2178,3.508,0.047
working properly,2,15,2,3.2178,3.508,0.328
other docker,2,23,2,3.2207,3.508,-0.017
path configuration,2,23,2,3.2207,3.508,0.104
library function,2,15,2,3.2178,3.508,0.043
own error,2,15,2,3.2178,3.508,0.083
identifier string,2,23,2,3.2207,3.508,0.201
event object,2,23,2,3.2207,3.508,0.115
new props,2,23,2,3.2207,3.508,0.198
specify the version,3,14,2,3.2224,3.508,0.240
going to build,3,10,3,3.2230,3.508,0.249
code of conduct,3,14,2,3.2224,3.508,0.443
state as well,3,10,3,3.2230,3.508,0.148
going to make,3,10,4,3.2242,3.508,0.244
end of file,3,15,2,3.2178,3.508,0.134
division by zero,3,23,2,3.2207,3.508,0.650
final step,2,15,3,3.2166,3.507,0.374
case basis,2,11,4,3.2172,3.507,0.359
search query,2,20,4,3.2142,3.507,0.212
use path,2,12,3,3.2102,3.507,-0.046
typed language,2,12,4,3.2114,3.507,0.348
specific file,2,15,3,3.2166,3.507,0.057
single node,2,24,3,3.2136,3.507,0.160
roughly equivalent,2,20,4,3.2142,3.507,0.521
most frequently,2,15,3,3.2166,3.507,0.366
utc offset,2,24,3,3.2136,3.507,0.552
two test,2,8,3,3.2108,3.507,0.065
page again,2,12,4,3.2114,3.507,0.231
hub action,2,24,3,3.2136,3.507,0.236
go up,2,8,3,3.2120,3.507,0.167
way to ensure,3,12,4,3.2114,3.507,0.233
fix this error,3,12,4,3.2114,3.507,0.268
function every time,3,11,4,3.2172,3.507,0.191
piece of text,3,8,3,3.2120,3.507,0.354
forth between,2,13,4,3.2044,3.506,0.439
runtime behavior,2,16,2,3.2096,3.506,0.246
module scope,2,16,2,3.2096,3.506,0.145
another kind,2,9,4,3.2050,3.506,0.258
operator is used,3,17,3,3.2037,3.506,0.260
order to ensure,3,16,2,3.2096,3.506,0.292
pre commit hook,3,16,2,3.2096,3.506,0.623
needs to read,3,16,2,3.2096,3.506,0.237
expression literal,2,18,2,3.1967,3.505,0.292
feature flag,2,14,3,3.1973,3.505,0.221
following script,2,18,3,3.1979,3.505,0.079
multiple object,2,26,3,3.2008,3.505,0.044
alternative way,2,18,3,3.1979,3.505,0.256
re added,2,26,3,3.2008,3.505,0.229
more interesting,2,18,3,3.1979,3.505,0.289
python language,2,26,3,3.2008,3.505,0.152
compilation mode,2,18,2,3.1967,3.505,0.351
share state,2,10,3,3.1979,3.505,0.229
find in,2,18,3,3.1979,3.505,-0.081
specifically designed,2,18,2,3.1967,3.505,0.466
cache size,2,18,2,3.1967,3.505,0.261
default output,2,14,3,3.1985,3.505,0.025
generally speaking,2,14,3,3.1985,3.505,0.583
small as possible,3,10,3,3.1979,3.505,0.445
string literal in,3,14,3,3.1985,3.505,0.142
more compact,2,19,3,3.1909,3.504,0.370
public private,2,10,3,3.1951,3.504,0.354
correct solution,2,10,3,3.1951,3.504,0.260
include additional,2,19,3,3.1909,3.504,0.236
multiple classes,2,11,3,3.1880,3.504,0.214
reserved word,2,19,3,3.1909,3.504,0.504
level script,2,10,3,3.1951,3.504,0.145
zero length,2,19,3,3.1909,3.504,0.329
exception like,2,10,3,3.1951,3.504,0.031
more intuitive,2,19,3,3.1909,3.504,0.358
something along,2,10,3,3.1951,3.504,0.325
function provided,2,11,4,3.1921,3.504,0.079
get context,2,28,2,3.1879,3.504,0.107
true value,2,28,2,3.1879,3.504,0.041
suspicious operation,2,28,2,3.1879,3.504,0.542
compose run,2,28,2,3.1879,3.504,0.146
log graph,2,28,2,3.1879,3.504,0.318
document get,2,28,2,3.1879,3.504,0.189
use an array,3,11,4,3.1921,3.504,0.077
file and add,3,11,3,3.1880,3.504,0.240
top level script,3,10,3,3.1951,3.504,0.269
support for docker,3,28,2,3.1879,3.504,0.167
compile the code,3,7,3,3.1927,3.504,0.237
instead of printing,3,7,3,3.1927,3.504,0.358
use many,2,8,3,3.1857,3.503,-0.011
index view,2,20,2,3.1838,3.503,0.173
real app,2,11,3,3.1868,3.503,0.233
import map,2,20,2,3.1838,3.503,0.259
back button,2,12,2,3.1822,3.503,0.322
wrapper script,2,12,2,3.1822,3.503,0.273
see on,2,20,2,3.1851,3.503,-0.102
remove unused,2,20,2,3.1851,3.503,0.368
single branch,2,20,2,3.1851,3.503,0.191
inheritance hierarchy,2,20,2,3.1851,3.503,0.542
break or continue,3,16,3,3.1845,3.503,0.647
need to mark,3,8,3,3.1857,3.503,0.233
ask for help,3,8,3,3.1857,3.503,0.449
type of exception,3,12,2,3.1822,3.503,0.211
full set,2,21,3,3.1780,3.502,0.135
script like,2,9,4,3.1758,3.502,0.032
allow more,2,21,3,3.1780,3.502,0.091
side routing,2,13,3,3.1739,3.502,0.453
same user,2,21,3,3.1780,3.502,0.033
straightforward way,2,17,4,3.1786,3.502,0.339
aware datetime,2,21,3,3.1780,3.502,0.483
without worrying,2,17,4,3.1786,3.502,0.517
new hook,2,21,3,3.1780,3.502,0.163
other part,2,17,4,3.1786,3.502,0.091
match up,2,17,4,3.1786,3.502,0.134
wait on,2,21,3,3.1780,3.502,0.128
function returning,2,17,4,3.1786,3.502,0.148
follow along,2,17,4,3.1786,3.502,0.405
more depth,2,6,2,3.1734,3.502,0.272
new library,2,6,2,3.1734,3.502,0.074
graph showing,2,6,2,3.1734,3.502,0.435
new binary,2,6,2,3.1734,3.502,0.140
building on top,3,13,3,3.1739,3.502,0.463
client side routing,3,13,3,3.1739,3.502,0.601
clicking the button,3,21,3,3.1780,3.502,0.588
function as shown,3,6,2,3.1734,3.502,0.181
learned so far,3,6,2,3.1734,3.502,0.460
major minor,2,14,3,3.1681,3.501,0.458
include other,2,14,3,3.1681,3.501,0.104
checked into,2,10,4,3.1687,3.501,0.235
comes back,2,14,3,3.1681,3.501,0.330
list set,2,22,2,3.1710,3.501,0.034
datetime timedelta,2,22,2,3.1710,3.501,0.675
significant performance,2,22,2,3.1710,3.501,0.403
limited set,2,18,3,3.1716,3.501,0.244
result data,2,22,2,3.1710,3.501,0.043
custom behavior,2,10,3,3.1728,3.501,0.198
update code,2,11,4,3.1617,3.500,0.012
project without,2,11,4,3.1617,3.500,0.124
change without,2,16,3,3.1594,3.500,0.100
word character,2,23,3,3.1652,3.500,0.346
container running,2,15,3,3.1623,3.500,0.142
package index,2,23,3,3.1652,3.500,0.140
iterator next,2,16,3,3.1594,3.500,0.257
stays in,2,16,3,3.1594,3.500,0.173
often more,2,19,3,3.1658,3.500,0.133
repository page,2,12,2,3.1600,3.500,0.194
want to enable,3,20,3,3.1587,3.500,0.177
need to edit,3,11,3,3.1629,3.500,0.216
ready to use,3,19,3,3.1658,3.500,0.208
incompatible change,2,24,2,3.1581,3.499,0.324
time see,2,12,4,3.1559,3.499,0.003
given number,2,24,2,3.1581,3.499,0.138
non string,2,24,2,3.1581,3.499,0.107
regular python,2,24,2,3.1581,3.499,0.193
important point,2,12,4,3.1559,3.499,0.249
last step,2,16,3,3.1553,3.499,0.288
customized using,2,24,2,3.1581,3.499,0.274
entirely different,2,12,4,3.1559,3.499,0.297
particular database,2,25,2,3.1523,3.499,0.210
host network,2,25,2,3.1523,3.499,0.264
line ending,2,25,2,3.1523,3.499,0.347
new transaction,2,25,2,3.1523,3.499,0.173
want to split,3,12,4,3.1559,3.499,0.259
get the most,3,16,3,3.1553,3.499,0.173
able to change,3,8,4,3.1565,3.499,0.179
trying to pass,3,8,4,3.1565,3.499,0.238
need to adjust,3,25,2,3.1523,3.499,0.331
old behavior,2,26,2,3.1453,3.498,0.256
compose docker,2,26,2,3.1453,3.498,0.125
single item,2,17,3,3.1482,3.498,0.218
state hook,2,17,3,3.1482,3.498,0.196
react state,2,26,2,3.1453,3.498,0.079
change function,2,9,4,3.1495,3.498,0.005
log into,2,17,2,3.1494,3.498,0.127
use utf,2,17,2,3.1494,3.498,0.133
single query,2,17,2,3.1494,3.498,0.141
written out,2,17,2,3.1494,3.498,0.193
background image,2,9,2,3.1466,3.498,0.295
internal array,2,9,2,3.1466,3.498,0.220
pure virtual,2,9,2,3.1466,3.498,0.465
per cycle,2,9,2,3.1466,3.498,0.424
using android,2,9,2,3.1466,3.498,0.127
nested class,2,9,2,3.1466,3.498,0.230
make it difficult,3,9,4,3.1495,3.498,0.452
name is given,3,26,2,3.1453,3.498,0.308
designed to work,3,17,3,3.1482,3.498,0.315
want to learn,3,17,3,3.1482,3.498,0.208
see the parameter,3,26,2,3.1453,3.498,0.176
long time ago,3,17,2,3.1494,3.498,0.588
return the number,3,18,2,3.1465,3.498,0.174
capture the output,3,9,2,3.1466,3.498,0.376
act on,2,18,3,3.1424,3.497,0.208
new result,2,10,3,3.1383,3.497,0.047
more natural,2,14,4,3.1430,3.497,0.322
right direction,2,10,3,3.1395,3.497,0.457
inside curly,2,7,4,3.1372,3.497,0.351
api automatically,2,10,3,3.1383,3.497,0.142
same thread,2,18,3,3.1424,3.497,0.104
return in,2,18,3,3.1424,3.497,-0.145
keyboard shortcut,2,7,4,3.1372,3.497,0.637
whole function,2,7,4,3.1372,3.497,0.152
scope chain,2,18,3,3.1424,3.497,0.318
default choice,2,7,4,3.1372,3.497,0.236
take different,2,7,4,3.1372,3.497,0.145
lower precedence,2,18,3,3.1424,3.497,0.481
file make,2,10,3,3.1436,3.497,0.001
notice in,2,10,3,3.1436,3.497,0.006
file directory,2,10,3,3.1436,3.497,0.014
see the full,3,18,3,3.1424,3.497,0.212
use the correct,3,18,3,3.1424,3.497,0.129
rather than making,3,7,4,3.1372,3.497,0.299
method is defined,3,7,4,3.1372,3.497,0.246
make the output,3,14,4,3.1430,3.497,0.165
reading the file,3,7,4,3.1372,3.497,0.279
need to figure,3,10,3,3.1436,3.497,0.251
use the syntax,3,10,3,3.1436,3.497,0.134
dev dependency,2,11,2,3.1313,3.496,0.280
support common,2,11,2,3.1313,3.496,0.176
code cannot,2,15,4,3.1360,3.496,0.049
public field,2,11,2,3.1313,3.496,0.234
core package,2,11,2,3.1313,3.496,0.206
expression syntax,2,19,3,3.1354,3.496,0.194
manually add,2,19,3,3.1354,3.496,0.208
parameter item,2,11,2,3.1313,3.496,0.222
file app,2,11,2,3.1313,3.496,0.025
argument instead,2,15,4,3.1360,3.496,0.107
circular import,2,11,2,3.1313,3.496,0.466
request use,2,11,2,3.1313,3.496,-0.022
proxy object,2,28,2,3.1324,3.496,0.153
debug option,2,11,3,3.1325,3.496,0.180
object relational,2,19,3,3.1354,3.496,0.327
generic alias,2,28,2,3.1324,3.496,0.354
own copy,2,11,4,3.1366,3.496,0.221
computed during,2,28,2,3.1324,3.496,0.389
async middleware,2,11,2,3.1313,3.496,0.255
more clear,2,11,3,3.1325,3.496,0.181
reduce method,2,19,3,3.1354,3.496,0.243
select user,2,11,2,3.1313,3.496,0.130
function needs,2,15,4,3.1360,3.496,0.074
use sync,2,28,2,3.1324,3.496,0.151
sync external,2,28,2,3.1324,3.496,0.406
narrow down,2,11,3,3.1325,3.496,0.533
directory within,2,16,3,3.1302,3.496,0.149
useful error,2,16,3,3.1302,3.496,0.085
decided in,2,24,2,3.1330,3.496,0.156
new major version,3,11,2,3.1313,3.496,0.346
entry point file,3,11,2,3.1313,3.496,0.303
everything is working,3,11,3,3.1325,3.496,0.447
using the standard,3,19,3,3.1354,3.496,0.115
use sync external,3,28,2,3.1324,3.496,0.414
sync external store,3,28,2,3.1324,3.496,0.580
drag and drop,3,16,3,3.1302,3.496,0.691
read the value,3,16,3,3.1302,3.496,0.159
full output,2,12,3,3.1255,3.495,0.163
defined type,2,17,4,3.1231,3.495,0.058
original type,2,12,3,3.1255,3.495,0.125
level scope,2,12,3,3.1255,3.495,0.191
use such,2,17,4,3.1231,3.495,-0.051
use function,2,12,3,3.1267,3.495,-0.132
int function,2,21,3,3.1225,3.495,0.125
two more,2,13,4,3.1237,3.495,0.033
loop forever,2,13,4,3.1237,3.495,0.434
under certain,2,20,3,3.1295,3.495,0.331
longer use,2,13,4,3.1237,3.495,0.054
main application,2,12,3,3.1255,3.495,0.159
quite different,2,13,4,3.1237,3.495,0.265
function use,2,17,4,3.1231,3.495,-0.132
import time,2,21,3,3.1225,3.495,0.115
install in,2,12,3,3.1267,3.495,-0.058
parent model,2,21,3,3.1225,3.495,0.222
prevent default,2,20,3,3.1295,3.495,0.180
type returned,2,9,3,3.1243,3.495,0.097
use generic,2,9,3,3.1243,3.495,0.069
easy enough,2,8,3,3.1273,3.495,0.369
first section,2,9,3,3.1243,3.495,0.122
iterator over,2,9,3,3.1243,3.495,0.262
doing in,2,8,3,3.1273,3.495,-0.031
behave the same,3,21,3,3.1225,3.495,0.277
work as intended,3,12,3,3.1255,3.495,0.449
time you want,3,21,3,3.1225,3.495,0.086
used to separate,3,9,3,3.1243,3.495,0.242
ways of doing,3,8,3,3.1273,3.495,0.517
cannot determine,2,13,3,3.1196,3.494,0.310
password field,2,13,3,3.1196,3.494,0.221
used like,2,13,3,3.1196,3.494,-0.032
datetime field,2,13,2,3.1184,3.494,0.316
current commit,2,22,2,3.1167,3.494,0.170
single column,2,22,2,3.1167,3.494,0.210
unique together,2,22,2,3.1167,3.494,0.351
compose on,2,22,2,3.1167,3.494,0.043
using the latest,3,13,3,3.1196,3.494,0.154
convert the data,3,9,3,3.1190,3.494,0.295
path and query,3,9,3,3.1190,3.494,0.372
started with docker,3,22,2,3.1167,3.494,0.331
entire directory,2,14,3,3.1126,3.493,0.226
run under,2,23,3,3.1096,3.493,0.160
regular function,2,19,4,3.1103,3.493,0.120
data available,2,14,3,3.1126,3.493,0.060
last year,2,14,3,3.1126,3.493,0.319
same structure,2,10,4,3.1132,3.493,0.154
smtp server,2,23,3,3.1096,3.493,0.366
git now,2,15,3,3.1109,3.493,0.017
hash code,2,14,2,3.1138,3.493,0.118
object is used,3,23,3,3.1096,3.493,0.106
read the current,3,14,3,3.1126,3.493,0.170
git hub action,3,23,3,3.1096,3.493,0.262
rust source,2,7,2,3.1068,3.492,0.148
external tool,2,15,3,3.1068,3.492,0.342
first try,2,15,3,3.1068,3.492,0.104
print method,2,7,2,3.1068,3.492,0.160
extra context,2,15,2,3.1056,3.492,0.237
message means,2,7,3,3.1080,3.492,0.176
cargo test command,3,7,2,3.1068,3.492,0.317
defined in src,3,7,2,3.1068,3.492,0.402
pass extra,2,16,3,3.0998,3.491,0.232
disk usage,2,25,3,3.0968,3.491,0.375
under normal,2,8,4,3.1010,3.491,0.334
user specified,2,25,3,3.0968,3.491,0.103
sparse array,2,17,3,3.0939,3.491,0.321
await expression,2,25,3,3.0968,3.491,0.307
other file,2,16,3,3.0998,3.491,-0.038
credit card,2,13,3,3.0945,3.491,0.741
distance between,2,21,3,3.0974,3.491,0.452
different thread,2,13,3,3.0945,3.491,0.144
other thread,2,13,3,3.0945,3.491,0.100
nested within,2,21,3,3.0974,3.491,0.291
used to render,3,16,3,3.0998,3.491,0.235
define the function,3,12,4,3.1004,3.491,0.212
consider this code,3,8,4,3.1010,3.491,0.295
abstract base classes,3,25,3,3.0968,3.491,0.582
list of supported,3,25,3,3.0968,3.491,0.260
run faster,2,10,4,3.0881,3.490,0.212
same precedence,2,17,2,3.0927,3.490,0.260
certificate authority,2,18,3,3.0869,3.490,0.664
locally defined,2,13,3,3.0933,3.490,0.303
invalid syntax,2,18,3,3.0869,3.490,0.288
information like,2,18,3,3.0869,3.490,0.044
information refer,2,17,2,3.0927,3.490,0.237
object use,2,18,3,3.0869,3.490,-0.110
drop support,2,18,3,3.0869,3.490,0.260
running under,2,18,3,3.0869,3.490,0.220
bear in,2,14,4,3.0875,3.490,0.300
found exception,2,9,3,3.0911,3.490,0.171
middleware like,2,9,2,3.0899,3.490,0.128
best match,2,17,2,3.0927,3.490,0.241
particular function,2,14,4,3.0875,3.490,0.093
using visual,2,9,3,3.0911,3.490,0.180
data binding,2,9,3,3.0911,3.490,0.244
mental model,2,18,3,3.0869,3.490,0.552
method signature,2,6,3,3.0887,3.490,0.220
sleep function,2,6,3,3.0887,3.490,0.242
file to include,3,13,3,3.0933,3.490,0.205
easy to understand,3,10,4,3.0881,3.490,0.386
bear in mind,3,14,4,3.0875,3.490,0.738
need to first,3,14,4,3.0875,3.490,0.046
using visual studio,3,9,3,3.0911,3.490,0.213
prefix in,2,19,2,3.0799,3.489,0.015
dev team,2,10,3,3.0828,3.489,0.330
deprecation notice,2,19,2,3.0799,3.489,0.462
string pattern,2,19,2,3.0799,3.489,0.105
command palette,2,10,3,3.0840,3.489,0.479
coming back,2,10,3,3.0840,3.489,0.386
modern python,2,10,3,3.0840,3.489,0.256
line instead,2,10,3,3.0840,3.489,0.066
kick off,2,11,3,3.0811,3.489,0.636
using action,2,10,3,3.0828,3.489,0.045
interactive interpreter,2,27,2,3.0839,3.489,0.454
deprecation process,2,27,2,3.0839,3.489,0.366
script execution,2,19,2,3.0811,3.489,0.216
search bar,2,27,2,3.0839,3.489,0.364
detached mode,2,19,2,3.0811,3.489,0.439
short lived,2,19,2,3.0811,3.489,0.572
grace period,2,27,2,3.0839,3.489,0.753
clock time,2,27,2,3.0839,3.489,0.374
live restore,2,27,2,3.0839,3.489,0.524
fixed width,2,19,2,3.0811,3.489,0.323
path name,2,27,2,3.0839,3.489,0.036
implicitly converted,2,27,2,3.0839,3.489,0.486
negative infinity,2,19,2,3.0811,3.489,0.595
exclusive lock,2,27,2,3.0839,3.489,0.518
use this rule,3,10,3,3.0828,3.489,0.001
call that function,3,11,3,3.0811,3.489,0.334
year month day,3,27,2,3.0839,3.489,0.545
start and stop,3,27,2,3.0839,3.489,0.494
installed the latest,3,27,2,3.0839,3.489,0.338
documentation for git,3,27,2,3.0839,3.489,0.219
during the initial,3,27,2,3.0839,3.489,0.342
time type,2,16,4,3.0746,3.488,-0.020
use environment,2,20,3,3.0740,3.488,-0.012
following three,2,20,3,3.0740,3.488,0.178
next page,2,16,4,3.0746,3.488,0.187
recursive merge,2,20,3,3.0740,3.488,0.356
output path,2,11,2,3.0782,3.488,0.065
output now,2,12,3,3.0753,3.488,0.046
declared within,2,12,3,3.0753,3.488,0.297
prototypal inheritance,2,11,2,3.0782,3.488,0.699
throw in,2,11,2,3.0782,3.488,-0.003
media query,2,11,2,3.0782,3.488,0.358
option to get,3,11,2,3.0782,3.488,0.130
pretty close,2,8,3,3.0706,3.487,0.453
source property,2,12,3,3.0700,3.487,0.175
allow single,2,8,3,3.0706,3.487,0.177
explicitly declare,2,12,3,3.0712,3.487,0.335
identifier instead,2,13,3,3.0682,3.487,0.218
add name,2,9,3,3.0688,3.487,0.023
application framework,2,8,3,3.0706,3.487,0.235
few common,2,13,3,3.0682,3.487,0.256
really hard,2,8,4,3.0718,3.487,0.386
naive datetime,2,12,3,3.0712,3.487,0.647
two step,2,12,3,3.0712,3.487,0.213
function code,2,13,3,3.0682,3.487,-0.106
based off,2,8,4,3.0718,3.487,0.266
next few,2,13,3,3.0682,3.487,0.245
repository git,2,17,3,3.0676,3.487,0.095
pool instance,2,5,2,3.0695,3.487,0.296
use result,2,5,2,3.0695,3.487,-0.027
use rust,2,5,2,3.0695,3.487,-0.031
explicitly handle,2,5,2,3.0695,3.487,0.275
making progress,2,5,2,3.0695,3.487,0.394
returning result,2,5,2,3.0695,3.487,0.251
composed entirely,2,5,2,3.0695,3.487,0.613
enum definition,2,5,2,3.0695,3.487,0.335
three line,2,5,2,3.0695,3.487,0.182
see this error,3,12,3,3.0712,3.487,0.171
running the same,3,12,3,3.0700,3.487,0.069
next major release,3,21,2,3.0670,3.487,0.474
object set prototype,3,21,2,3.0670,3.487,0.414
help you write,3,9,3,3.0688,3.487,0.350
name and email,3,9,3,3.0688,3.487,0.395
type we want,3,5,2,3.0695,3.487,0.117
match any value,3,5,2,3.0695,3.487,0.321
review and approve,3,5,2,3.0695,3.487,0.718
whatever the user,3,5,2,3.0695,3.487,0.345
access an element,3,5,2,3.0695,3.487,0.356
empty string slice,3,5,2,3.0695,3.487,0.419
use an option,3,5,2,3.0695,3.487,0.171
contain the word,3,5,2,3.0695,3.487,0.464
representation in memory,3,5,2,3.0695,3.487,0.494
size limit,2,22,3,3.0612,3.486,0.321
temporarily disable,2,13,3,3.0641,3.486,0.503
pass multiple,2,13,3,3.0641,3.486,0.158
mounted in,2,22,3,3.0612,3.486,0.124
file under,2,18,3,3.0618,3.486,0.121
first set,2,18,3,3.0618,3.486,0.016
selected in,2,18,3,3.0618,3.486,0.014
backed up,2,18,3,3.0618,3.486,0.440
use an external,3,22,3,3.0612,3.486,0.203
using the original,3,9,4,3.0648,3.486,0.119
user level,2,23,2,3.0541,3.485,0.128
name version,2,14,3,3.0571,3.485,0.029
limited in,2,14,3,3.0583,3.485,0.061
provide data,2,14,3,3.0571,3.485,0.092
stop execution,2,7,4,3.0525,3.485,0.349
false value,2,15,3,3.0554,3.485,0.075
per module,2,23,2,3.0541,3.485,0.199
useful tool,2,15,3,3.0554,3.485,0.276
data coming,2,14,3,3.0571,3.485,0.245
library see,2,10,4,3.0577,3.485,0.076
data attribute,2,14,3,3.0583,3.485,0.109
common data,2,19,3,3.0548,3.485,0.086
helper method,2,14,3,3.0583,3.485,0.258
strictly necessary,2,11,4,3.0519,3.485,0.493
admin page,2,14,3,3.0583,3.485,0.282
large scale,2,14,3,3.0583,3.485,0.472
single field,2,19,3,3.0548,3.485,0.135
get module,2,23,2,3.0541,3.485,0.052
run by default,3,14,3,3.0571,3.485,0.102
close the connection,3,15,3,3.0554,3.485,0.466
self signed certificate,3,14,3,3.0583,3.485,0.663
important information,2,12,4,3.0449,3.484,0.204
way up,2,15,3,3.0513,3.484,0.063
source project,2,12,4,3.0449,3.484,0.165
consistent across,2,12,4,3.0449,3.484,0.397
match anything,2,12,4,3.0449,3.484,0.246
most appropriate,2,15,3,3.0513,3.484,0.255
specified file,2,12,4,3.0449,3.484,0.036
happen on,2,15,3,3.0513,3.484,0.100
use json,2,15,3,3.0513,3.484,-0.011
entire page,2,15,3,3.0513,3.484,0.272
call other,2,12,4,3.0449,3.484,0.031
use absolute,2,15,3,3.0513,3.484,0.157
now call,2,8,4,3.0455,3.484,0.056
hosting service,2,8,4,3.0455,3.484,0.412
security hole,2,16,2,3.0455,3.484,0.582
system exit,2,24,2,3.0483,3.484,0.252
copy command,2,24,2,3.0483,3.484,0.136
parallel execution,2,16,2,3.0455,3.484,0.398
re throwing,2,16,2,3.0455,3.484,0.398
frame object,2,24,2,3.0483,3.484,0.240
open source project,3,12,4,3.0449,3.484,0.359
need to remember,3,12,4,3.0449,3.484,0.233
cannot be found,3,16,2,3.0455,3.484,0.302
fully qualified name,3,16,2,3.0455,3.484,0.368
start the application,3,24,2,3.0483,3.484,0.247
local and remote,3,16,2,3.0455,3.484,0.531
real and imaginary,3,16,2,3.0455,3.484,0.665
archive file,2,17,3,3.0384,3.483,0.233
target list,2,25,2,3.0413,3.483,0.140
set environment,2,17,3,3.0384,3.483,0.071
more suitable,2,13,4,3.0390,3.483,0.271
latter case,2,25,2,3.0413,3.483,0.321
first install,2,16,3,3.0442,3.483,0.141
various other,2,17,3,3.0384,3.483,0.179
same container,2,17,3,3.0384,3.483,0.069
info object,2,25,2,3.0413,3.483,0.152
database configuration,2,25,2,3.0413,3.483,0.129
same host,2,17,3,3.0384,3.483,0.125
future statement,2,25,2,3.0413,3.483,0.237
zip archive,2,25,2,3.0413,3.483,0.588
index tuple,2,25,2,3.0413,3.483,0.243
shopping cart,2,21,3,3.0419,3.483,0.952
time comes,2,17,2,3.0425,3.483,0.214
whole string,2,9,3,3.0396,3.483,0.206
normal case,2,9,3,3.0396,3.483,0.212
functional style,2,17,2,3.0425,3.483,0.427
way to implement,3,13,4,3.0390,3.483,0.224
correct number,2,10,4,3.0326,3.482,0.147
building block,2,10,4,3.0326,3.482,0.279
much nicer,2,6,4,3.0332,3.482,0.555
key difference,2,18,3,3.0314,3.482,0.228
old code,2,10,4,3.0326,3.482,0.098
like redux,2,9,2,3.0343,3.482,0.038
anything special,2,14,4,3.0320,3.482,0.302
way to accomplish,3,9,3,3.0356,3.482,0.391
drop in replacement,3,18,3,3.0314,3.482,0.682
arbitrary python code,3,18,3,3.0314,3.482,0.419
answer your question,3,9,3,3.0356,3.482,0.518
global cache,2,10,2,3.0273,3.481,0.261
automatically built,2,10,2,3.0273,3.481,0.209
enforce consistent,2,10,2,3.0273,3.481,0.438
prototype apply,2,10,2,3.0273,3.481,0.321
declare additional,2,10,2,3.0273,3.481,0.302
object dict,2,27,2,3.0284,3.481,0.170
api path,2,10,2,3.0273,3.481,0.077
apache httpd,2,10,2,3.0273,3.481,0.685
file storage,2,27,2,3.0284,3.481,0.161
expected failure,2,10,3,3.0285,3.481,0.317
app logic,2,10,2,3.0273,3.481,0.177
click save,2,10,3,3.0285,3.481,0.360
post query,2,10,2,3.0273,3.481,0.170
script tag,2,10,3,3.0285,3.481,0.180
proxy configuration,2,27,2,3.0284,3.481,0.235
per environment,2,10,2,3.0273,3.481,0.226
new server,2,19,3,3.0256,3.481,0.018
plus sign,2,15,3,3.0262,3.481,0.446
information available,2,15,3,3.0262,3.481,0.137
cannot start,2,15,3,3.0262,3.481,0.185
write into,2,23,2,3.0290,3.481,0.093
method object,2,23,2,3.0290,3.481,-0.011
number of style,3,10,2,3.0273,3.481,0.241
inherit from object,3,27,2,3.0284,3.481,0.314
function prototype apply,3,10,2,3.0273,3.481,0.453
like to keep,3,10,3,3.0285,3.481,0.180
cannot be run,3,27,2,3.0284,3.481,0.179
title and content,3,10,2,3.0273,3.481,0.548
skip re rendering,3,27,2,3.0284,3.481,0.564
version information,2,20,3,3.0185,3.480,0.090
library path,2,20,3,3.0185,3.480,0.122
data object,2,11,3,3.0215,3.480,-0.044
call super,2,20,3,3.0185,3.480,0.313
default expression,2,20,3,3.0185,3.480,0.092
cannot resolve,2,11,3,3.0227,3.480,0.310
whole app,2,11,3,3.0215,3.480,0.251
new task,2,12,4,3.0198,3.480,0.168
same use,2,11,3,3.0215,3.480,-0.091
file directly,2,20,3,3.0185,3.480,0.068
static typing,2,11,3,3.0215,3.480,0.373
used throughout,2,12,4,3.0198,3.480,0.275
performance optimization,2,20,3,3.0185,3.480,0.398
network tab,2,11,3,3.0215,3.480,0.349
greatly appreciated,2,11,3,3.0227,3.480,0.747
list index,2,8,3,3.0204,3.480,0.102
particular point,2,8,3,3.0204,3.480,0.240
common operation,2,8,3,3.0204,3.480,0.244
safe version,2,7,2,3.0233,3.480,0.197
lead to data,3,12,4,3.0198,3.480,0.225
use the next,3,8,3,3.0204,3.480,0.058
try to read,3,8,3,3.0204,3.480,0.225
same error message,3,7,2,3.0233,3.480,0.177
thread safe version,3,7,2,3.0233,3.480,0.384
cargo command,2,8,2,3.0151,3.479,0.041
cargo init,2,8,2,3.0151,3.479,0.233
yanked version,2,8,2,3.0151,3.479,0.448
string path,2,12,2,3.0144,3.479,0.046
python framework,2,12,3,3.0157,3.479,0.204
user dict,2,12,2,3.0144,3.479,0.226
using function,2,12,3,3.0157,3.479,-0.095
relational data,2,12,2,3.0144,3.479,0.328
editorconfig file,2,12,2,3.0144,3.479,0.441
mutate state,2,12,2,3.0144,3.479,0.296
fetch api,2,12,3,3.0157,3.479,0.198
compatibility table,2,21,2,3.0127,3.479,0.263
whole thing,2,13,2,3.0098,3.479,0.368
built image,2,21,2,3.0127,3.479,0.181
last week,2,21,2,3.0127,3.479,0.407
special dns,2,13,2,3.0098,3.479,0.432
memory space,2,21,2,3.0127,3.479,0.264
function to handle,3,8,2,3.0151,3.479,0.136
need to apply,3,12,3,3.0157,3.479,0.163
function to get,3,12,3,3.0157,3.479,0.062
use the most,3,12,3,3.0157,3.479,0.077
try to import,3,12,3,3.0157,3.479,0.252
more detailed information,3,21,2,3.0127,3.479,0.411
first version,2,14,3,3.0028,3.478,0.049
existing repository,2,14,3,3.0028,3.478,0.216
extra code,2,9,4,3.0092,3.478,0.077
appropriate type,2,22,3,3.0057,3.478,0.155
good place,2,13,3,3.0086,3.478,0.278
variable like,2,14,3,3.0028,3.478,0.028
bit tricky,2,10,4,3.0034,3.478,0.484
react code,2,22,3,3.0057,3.478,-0.003
doing more,2,10,4,3.0034,3.478,0.134
directory under,2,18,4,3.0063,3.478,0.196
third case,2,6,2,3.0040,3.478,0.226
platform specific code,3,13,3,3.0086,3.478,0.302
use to make,3,10,4,3.0034,3.478,0.016
send an email,3,10,4,3.0034,3.478,0.506
suppose you want,3,14,3,3.0028,3.478,0.348
better to create,3,22,3,3.0057,3.478,0.250
test using,2,15,3,2.9958,3.477,-0.033
object constructor,2,14,2,3.0016,3.477,0.113
create model,2,14,2,3.0016,3.477,0.092
function again,2,15,3,2.9958,3.477,0.085
hot module,2,14,2,3.0016,3.477,0.330
lead to unexpected,3,15,3,2.9958,3.477,0.504
interested in knowing,3,7,4,2.9970,3.477,0.607
return the new,3,15,3,2.9958,3.477,0.139
want to open,3,7,4,2.9970,3.477,0.120
current index,2,16,3,2.9899,3.476,0.137
use message,2,8,3,2.9900,3.476,-0.014
without causing,2,16,3,2.9899,3.476,0.288
same technique,2,8,3,2.9900,3.476,0.261
method such,2,16,3,2.9899,3.476,0.046
table create,2,24,3,2.9928,3.476,0.080
custom field,2,24,3,2.9928,3.476,0.157
large enough,2,16,3,2.9899,3.476,0.358
method return,2,12,3,2.9906,3.476,0.047
now include,2,20,3,2.9934,3.476,0.124
numeric type,2,20,3,2.9934,3.476,0.200
build your own,3,24,3,2.9928,3.476,0.221
way to read,3,12,3,2.9906,3.476,0.170
want to overwrite,3,12,3,2.9906,3.476,0.345
code run,2,13,4,2.9835,3.475,-0.056
executable file,2,9,4,2.9841,3.475,0.200
operator instead,2,9,4,2.9841,3.475,0.156
getting used,2,9,4,2.9841,3.475,0.151
list instead,2,13,4,2.9835,3.475,0.064
search engine,2,13,4,2.9835,3.475,0.339
state change,2,16,2,2.9887,3.475,0.066
address bar,2,8,2,2.9871,3.475,0.362
anything useful,2,9,4,2.9841,3.475,0.256
certificate verify,2,8,2,2.9871,3.475,0.428
use vs,2,8,2,2.9871,3.475,0.147
file result,2,5,2,2.9847,3.475,0.024
trying to figure,3,8,2,2.9871,3.475,0.361
make it harder,3,13,4,2.9835,3.475,0.471
upper and lower,3,9,4,2.9841,3.475,0.694
specify the type,3,13,4,2.9835,3.475,0.172
building your own,3,16,2,2.9887,3.475,0.366
able to define,3,9,4,2.9841,3.475,0.242
type is invalid,3,8,2,2.9871,3.475,0.309
redirect the standard,3,5,2,2.9847,3.475,0.403
once you get,3,5,2,2.9847,3.475,0.299
correctly handle,2,18,2,2.9759,3.474,0.281
feature selection,2,9,2,2.9788,3.474,0.387
link against,2,9,3,2.9800,3.474,0.351
build release,2,6,3,2.9777,3.474,0.146
minor change,2,9,2,2.9788,3.474,0.294
like foo,2,14,3,2.9765,3.474,0.149
error test,2,9,2,2.9788,3.474,-0.006
see configure,2,18,2,2.9759,3.474,0.155
unused variable,2,6,3,2.9777,3.474,0.288
support using,2,14,3,2.9765,3.474,0.019
test something,2,9,2,2.9788,3.474,0.108
finer grained,2,14,3,2.9765,3.474,0.849
like select,2,18,2,2.9759,3.474,0.076
up again,2,18,2,2.9771,3.474,0.171
special character,2,18,2,2.9771,3.474,0.288
index column,2,26,2,2.9799,3.474,0.200
python now,2,26,2,2.9799,3.474,0.042
uniquely identify,2,26,2,2.9799,3.474,0.640
image docker,2,26,2,2.9799,3.474,0.056
password prompt,2,26,2,2.9799,3.474,0.372
short syntax,2,26,2,2.9799,3.474,0.259
billing information,2,26,2,2.9799,3.474,0.432
safe directory,2,18,2,2.9771,3.474,0.209
inconsistent state,2,18,2,2.9771,3.474,0.362
log tag,2,26,2,2.9799,3.474,0.240
cache tree,2,26,2,2.9799,3.474,0.252
three way,2,26,2,2.9799,3.474,0.171
literal character,2,26,2,2.9799,3.474,0.329
browser dom,2,26,2,2.9799,3.474,0.317
another element,2,18,2,2.9771,3.474,0.177
sequential scan,2,26,2,2.9799,3.474,0.588
long integer,2,26,2,2.9799,3.474,0.277
need to match,3,14,3,2.9765,3.474,0.115
create their own,3,10,3,2.9771,3.474,0.265
value is false,3,14,3,2.9765,3.474,0.260
consider the code,3,6,3,2.9777,3.474,0.233
test to fail,3,10,3,2.9771,3.474,0.325
get initial state,3,9,2,2.9788,3.474,0.314
component did update,3,26,2,2.9799,3.474,0.477
like format,2,15,4,2.9707,3.473,0.065
manually create,2,19,3,2.9700,3.473,0.191
disabled on,2,15,4,2.9707,3.473,0.129
custom data,2,15,4,2.9707,3.473,0.077
now add,2,15,4,2.9707,3.473,0.042
available memory,2,15,4,2.9707,3.473,0.172
first byte,2,15,4,2.9707,3.473,0.227
coming in,2,11,3,2.9713,3.473,0.080
use dynamic,2,11,3,2.9713,3.473,0.158
dynamically typed,2,11,3,2.9713,3.473,0.480
asynchronous programming,2,11,3,2.9713,3.473,0.391
dynamic allocation,2,10,2,2.9742,3.473,0.539
more in depth,3,10,3,2.9730,3.473,0.361
use the shell,3,11,3,2.9713,3.473,0.136
exception is caught,3,10,2,2.9742,3.473,0.480
similar command,2,11,3,2.9660,3.472,0.132
primarily used,2,16,3,2.9636,3.472,0.280
opening parenthesis,2,11,3,2.9660,3.472,0.653
expression instead,2,16,3,2.9636,3.472,0.127
case clause,2,20,2,2.9630,3.472,0.248
like data,2,11,3,2.9660,3.472,-0.038
validator function,2,20,2,2.9630,3.472,0.234
help option,2,12,3,2.9642,3.472,0.123
template string,2,20,2,2.9630,3.472,0.131
much information,2,11,3,2.9672,3.472,0.188
go down,2,7,3,2.9678,3.472,0.283
slice method,2,20,2,2.9630,3.472,0.150
deep dive,2,16,3,2.9636,3.472,0.695
standard approach,2,11,3,2.9660,3.472,0.263
project folder,2,11,3,2.9672,3.472,0.260
key is used,3,11,3,2.9660,3.472,0.189
used to enable,3,20,2,2.9630,3.472,0.195
import and export,3,16,3,2.9636,3.472,0.505
option to allow,3,20,2,2.9630,3.472,0.224
used to customize,3,20,2,2.9630,3.472,0.274
code via,2,8,4,2.9608,3.471,0.059
python application,2,21,3,2.9572,3.471,0.076
print output,2,12,3,2.9602,3.471,0.168
module instead,2,21,3,2.9572,3.471,0.075
start automatically,2,21,3,2.9572,3.471,0.177
few new,2,9,3,2.9549,3.471,0.133
empty tuple,2,17,3,2.9578,3.471,0.297
significant difference,2,9,3,2.9549,3.471,0.425
character data,2,17,3,2.9578,3.471,0.121
implicitly defined,2,9,3,2.9549,3.471,0.344
instance the following,3,21,3,2.9572,3.471,0.114
line of text,3,9,3,2.9549,3.471,0.342
able to tell,3,9,3,2.9549,3.471,0.308
code change,2,13,3,2.9531,3.470,-0.013
run make,2,13,3,2.9531,3.470,0.033
new issue,2,13,3,2.9531,3.470,0.082
return throw,2,13,3,2.9531,3.470,0.210
nested function,2,13,3,2.9531,3.470,0.138
improve readability,2,13,3,2.9531,3.470,0.550
mostly useful,2,18,3,2.9508,3.470,0.379
upgrade process,2,22,2,2.9502,3.470,0.309
model instead,2,10,4,2.9479,3.470,0.108
main use,2,10,4,2.9479,3.470,0.013
current data,2,9,4,2.9537,3.470,0.048
context type,2,14,3,2.9514,3.470,0.066
sending back,2,6,3,2.9485,3.470,0.343
goes away,2,13,3,2.9543,3.470,0.452
str method,2,10,2,2.9520,3.470,0.211
path starting,2,10,2,2.9520,3.470,0.201
range method,2,10,2,2.9520,3.470,0.167
integrated development,2,10,2,2.9520,3.470,0.464
way to specify,3,18,3,2.9508,3.470,0.196
help you understand,3,13,3,2.9531,3.470,0.431
like to make,3,13,3,2.9543,3.470,0.085
use the global,3,13,3,2.9531,3.470,0.150
event handler function,3,22,2,2.9502,3.470,0.284
run as part,3,18,3,2.9508,3.470,0.235
ease of use,3,18,3,2.9508,3.470,0.356
valid as long,3,10,2,2.9520,3.470,0.368
call process,2,7,4,2.9415,3.469,0.123
automatic semicolon,2,14,3,2.9473,3.469,0.516
right type,2,14,3,2.9473,3.469,0.091
error raised,2,14,3,2.9473,3.469,0.168
expected type,2,14,3,2.9473,3.469,0.091
custom manager,2,23,2,2.9443,3.469,0.281
debian based,2,23,2,2.9443,3.469,0.427
system error,2,23,2,2.9443,3.469,0.052
automatically removed,2,23,2,2.9443,3.469,0.234
between git,2,23,2,2.9443,3.469,0.071
head in,2,23,2,2.9443,3.469,0.013
non bare,2,15,2,2.9415,3.469,0.401
string length,2,23,2,2.9443,3.469,0.163
pickle module,2,23,2,2.9443,3.469,0.400
instead of string,3,7,4,2.9415,3.469,0.089
automatic semicolon insertion,3,14,3,2.9473,3.469,0.713
code to get,3,7,4,2.9415,3.469,0.048
parent and child,3,14,3,2.9473,3.469,0.575
need to wait,3,15,2,2.9415,3.469,0.243
instead of throwing,3,15,2,2.9415,3.469,0.352
new schema,2,24,2,2.9373,3.468,0.128
level interface,2,20,3,2.9379,3.468,0.261
name option,2,15,3,2.9403,3.468,0.014
api used,2,15,3,2.9403,3.468,0.020
language feature,2,15,3,2.9403,3.468,0.233
plan on,2,16,3,2.9344,3.468,0.123
current file,2,15,3,2.9403,3.468,0.034
class instead,2,16,3,2.9344,3.468,0.068
url instead,2,15,3,2.9403,3.468,0.141
possible using,2,16,3,2.9344,3.468,0.028
datetime time,2,24,2,2.9373,3.468,0.259
list multiple,2,24,2,2.9373,3.468,0.095
returned data,2,11,4,2.9409,3.468,0.102
pre installed,2,24,2,2.9373,3.468,0.337
object index,2,24,2,2.9373,3.468,0.042
using list,2,12,4,2.9350,3.468,-0.016
python development,2,24,2,2.9373,3.468,0.169
detailed description,2,16,3,2.9344,3.468,0.440
log format,2,24,2,2.9373,3.468,0.187
original data,2,15,3,2.9403,3.468,0.130
state up,2,24,2,2.9373,3.468,0.055
re used,2,20,3,2.9379,3.468,0.105
git bash,2,8,3,2.9357,3.468,0.267
subtle difference,2,8,3,2.9357,3.468,0.509
recoverable error,2,16,2,2.9385,3.468,0.390
skip this step,3,11,4,2.9409,3.468,0.570
contain the following,3,24,2,2.9373,3.468,0.179
function can take,3,11,4,2.9409,3.468,0.233
difference in behavior,3,12,4,2.9350,3.468,0.448
outside the range,3,20,3,2.9379,3.468,0.406
mix and match,3,11,4,2.9409,3.468,0.589
install and use,3,11,4,2.9409,3.468,0.305
put the following,3,12,4,2.9350,3.468,0.179
use state hook,3,15,3,2.9403,3.468,0.407
see the error,3,8,3,2.9357,3.468,0.068
compiler output,2,8,2,2.9316,3.467,0.131
list inside,2,5,3,2.9292,3.467,0.109
automatically implemented,2,5,3,2.9292,3.467,0.274
checked at compile,3,5,3,2.9292,3.467,0.485
using the raw,3,9,4,2.9286,3.467,0.260
easier to maintain,3,13,4,2.9280,3.467,0.473
please add,2,9,3,2.9245,3.466,0.189
string list,2,26,2,2.9244,3.466,0.040
group name,2,18,3,2.9216,3.466,0.161
invalid input,2,18,3,2.9216,3.466,0.286
like node,2,18,3,2.9216,3.466,0.059
first using,2,14,3,2.9222,3.466,-0.032
otherwise use,2,14,3,2.9222,3.466,0.049
long option,2,22,2,2.9250,3.466,0.145
continue to run,3,17,3,2.9274,3.466,0.267
cover the new,3,26,2,2.9244,3.466,0.345
used in production,3,17,3,2.9274,3.466,0.267
remove the old,3,18,3,2.9216,3.466,0.327
beginning and end,3,14,3,2.9222,3.466,0.530
more detailed explanation,3,14,3,2.9222,3.466,0.408
per platform,2,15,4,2.9152,3.465,0.337
arbitrary value,2,15,4,2.9152,3.465,0.179
json using,2,10,3,2.9175,3.465,0.025
grouped together,2,11,4,2.9158,3.465,0.520
standard format,2,15,4,2.9152,3.465,0.171
exception inside,2,10,3,2.9187,3.465,0.119
data returned,2,15,4,2.9152,3.465,0.102
type function,2,11,4,2.9158,3.465,-0.080
output function,2,19,3,2.9145,3.465,-0.024
pattern match,2,11,4,2.9158,3.465,0.182
common usage,2,15,4,2.9152,3.465,0.261
state like,2,15,4,2.9152,3.465,-0.001
manage multiple,2,11,4,2.9158,3.465,0.258
main reason,2,11,4,2.9158,3.465,0.243
origin policy,2,10,3,2.9187,3.465,0.426
two use,2,7,3,2.9164,3.465,-0.046
using thread,2,7,3,2.9164,3.465,0.054
fix the bug,3,19,3,2.9145,3.465,0.408
match the given,3,19,3,2.9145,3.465,0.285
method to call,3,11,4,2.9158,3.465,0.199
using the data,3,11,4,2.9158,3.465,0.038
few different ways,3,11,4,2.9158,3.465,0.463
behavior is similar,3,11,4,2.9158,3.465,0.356
same origin policy,3,10,3,2.9187,3.465,0.495
use the result,3,7,3,2.9164,3.465,0.051
value the code,3,7,3,2.9164,3.465,0.039
default json,2,11,2,2.9105,3.464,0.067
building in,2,11,2,2.9105,3.464,-0.004
improving performance,2,11,2,2.9105,3.464,0.480
optional object,2,11,2,2.9105,3.464,0.126
explicitly state,2,11,2,2.9105,3.464,0.172
guide in,2,11,2,2.9105,3.464,-0.000
class member,2,11,3,2.9117,3.464,0.227
allow in,2,11,2,2.9105,3.464,-0.084
help solve,2,11,2,2.9105,3.464,0.337
advanced user,2,11,2,2.9105,3.464,0.266
meta data,2,11,3,2.9117,3.464,0.210
complete guide,2,11,2,2.9105,3.464,0.351
loading spinner,2,11,2,2.9105,3.464,0.642
cold start,2,11,2,2.9105,3.464,0.536
widely available,2,11,2,2.9105,3.464,0.400
existing user,2,20,2,2.9087,3.464,0.148
driver specific,2,20,2,2.9087,3.464,0.298
push into,2,20,2,2.9087,3.464,0.179
server version,2,20,2,2.9087,3.464,0.060
fit your needs,3,11,3,2.9117,3.464,0.558
plugin react compiler,3,11,2,2.9105,3.464,0.421
redirect the user,3,20,2,2.9087,3.464,0.363
command without,2,17,4,2.9023,3.463,0.060
value attribute,2,21,3,2.9017,3.463,0.082
sort method,2,21,3,2.9017,3.463,0.212
odd number,2,17,4,2.9023,3.463,0.419
value specified,2,17,4,2.9023,3.463,0.023
object identity,2,21,3,2.9017,3.463,0.216
cut down,2,12,3,2.9046,3.463,0.524
particular data,2,17,4,2.9023,3.463,0.116
next call,2,17,4,2.9023,3.463,0.127
particular case,2,12,2,2.9059,3.463,0.168
catch in,2,12,2,2.9059,3.463,-0.042
name git,2,13,3,2.9029,3.463,-0.010
code will run,3,8,4,2.9053,3.463,0.197
compatibility with older,3,21,3,2.9017,3.463,0.526
function to call,3,17,4,2.9023,3.463,0.138
using the python,3,21,3,2.9017,3.463,0.081
set the header,3,12,2,2.9059,3.463,0.274
within the context,3,13,3,2.9029,3.463,0.269
see code,2,9,4,2.8994,3.462,-0.072
works see,2,13,3,2.8988,3.462,0.088
version added,2,13,2,2.8976,3.462,0.126
same except,2,9,4,2.8994,3.462,0.154
id type,2,13,2,2.8976,3.462,0.058
et al,2,9,4,2.8994,3.462,0.927
function to check,3,9,4,2.8994,3.462,0.133
three main,2,14,3,2.8918,3.461,0.246
intuitive way,2,10,4,2.8924,3.461,0.386
most specific,2,14,3,2.8918,3.461,0.148
database access,2,23,3,2.8888,3.461,0.133
available inside,2,23,3,2.8888,3.461,0.152
line client,2,14,3,2.8918,3.461,0.128
system level,2,23,3,2.8888,3.461,0.165
around using,2,6,3,2.8930,3.461,0.094
react team,2,23,3,2.8888,3.461,0.225
using compose,2,23,3,2.8888,3.461,0.085
python instead,2,19,3,2.8894,3.461,0.052
planning to use,3,10,4,2.8924,3.461,0.336
use your own,3,10,4,2.8924,3.461,0.096
command line client,3,14,3,2.8918,3.461,0.214
within the function,3,19,3,2.8894,3.461,0.124
colored output,2,15,3,2.8860,3.460,0.408
following message,2,15,3,2.8860,3.460,0.099
using struct,2,7,3,2.8860,3.460,0.103
strictly required,2,15,2,2.8847,3.460,0.450
merge in,2,15,3,2.8860,3.460,-0.091
existing test,2,15,2,2.8847,3.460,0.131
works exactly,2,15,3,2.8860,3.460,0.266
call create,2,15,2,2.8847,3.460,0.047
go version,2,15,2,2.8847,3.460,0.149
pointing out,2,11,3,2.8866,3.460,0.327
limit in,2,11,3,2.8866,3.460,0.008
more information refer,3,15,2,2.8847,3.460,0.325
file to use,3,15,2,2.8847,3.460,-0.013
use the cache,3,15,2,2.8847,3.460,0.162
time to write,3,7,3,2.8860,3.460,0.164
built up,2,12,4,2.8795,3.459,0.144
output string,2,16,3,2.8789,3.459,0.031
binary operator,2,16,3,2.8789,3.459,0.271
looking in,2,12,4,2.8795,3.459,0.004
design decision,2,12,4,2.8795,3.459,0.544
place on,2,8,4,2.8802,3.459,0.044
sign out,2,16,3,2.8789,3.459,0.239
order component,2,8,2,2.8761,3.459,0.169
server instance,2,16,3,2.8789,3.459,0.107
zone info,2,25,2,2.8760,3.459,0.409
hub docker,2,25,2,2.8760,3.459,0.119
container use,2,25,2,2.8760,3.459,-0.019
enabled docker,2,25,2,2.8760,3.459,0.133
defined bridge,2,25,2,2.8760,3.459,0.373
organization name,2,25,2,2.8760,3.459,0.195
function once,2,25,2,2.8760,3.459,0.053
error prototype,2,25,2,2.8760,3.459,0.158
finally clause,2,25,2,2.8760,3.459,0.408
children prop,2,25,2,2.8760,3.459,0.500
between re,2,25,2,2.8760,3.459,0.197
try to write,3,12,4,2.8795,3.459,0.219
type as well,3,12,4,2.8795,3.459,0.089
higher order component,3,8,2,2.8761,3.459,0.480
user defined bridge,3,25,2,2.8760,3.459,0.531
wall clock time,3,25,2,2.8760,3.459,0.478
internal error,2,17,2,2.8719,3.458,0.144
other rust,2,5,2,2.8737,3.458,0.044
int enum,2,17,2,2.8719,3.458,0.347
core functionality,2,13,3,2.8725,3.458,0.303
module declaration,2,5,2,2.8737,3.458,0.229
valid way,2,9,3,2.8731,3.458,0.147
valid string,2,9,3,2.8731,3.458,0.132
hook call,2,9,3,2.8690,3.458,0.205
value rust,2,5,2,2.8737,3.458,0.009
undo redo,2,9,3,2.8690,3.458,0.695
couple ways,2,9,3,2.8690,3.458,0.435
same concept,2,9,3,2.8731,3.458,0.236
wire protocol,2,17,2,2.8719,3.458,0.557
zero cost,2,5,2,2.8737,3.458,0.410
future returned,2,5,2,2.8737,3.458,0.251
auto increment,2,9,2,2.8702,3.458,0.490
old new,2,17,2,2.8731,3.458,0.138
non thread,2,9,2,2.8702,3.458,0.193
sdk version,2,9,2,2.8702,3.458,0.303
origin master,2,17,2,2.8731,3.458,0.493
overflow answer,2,9,2,2.8702,3.458,0.369
internal pointer,2,9,2,2.8702,3.458,0.325
cargo build release,3,5,2,2.8737,3.458,0.416
used to parse,3,17,2,2.8719,3.458,0.268
guide you through,3,17,2,2.8719,3.458,0.502
type parameter name,3,5,2,2.8737,3.458,0.309
works the way,3,5,2,2.8737,3.458,0.293
return an err,3,5,2,2.8737,3.458,0.381
instead of mutating,3,17,2,2.8719,3.458,0.379
get an exception,3,9,2,2.8702,3.458,0.156
want to push,3,9,2,2.8702,3.458,0.183
remove all unused,3,9,2,2.8702,3.458,0.575
stack overflow answer,3,9,2,2.8702,3.458,0.416
get the exception,3,9,2,2.8702,3.458,0.175
single commit,2,18,3,2.8661,3.457,0.169
best guess,2,10,3,2.8632,3.457,0.356
release manager,2,10,3,2.8620,3.457,0.291
inside other,2,14,4,2.8667,3.457,0.068
easily create,2,14,4,2.8667,3.457,0.218
strongly typed,2,10,3,2.8632,3.457,0.553
considered experimental,2,10,3,2.8620,3.457,0.424
useful way,2,14,4,2.8667,3.457,0.122
logged out,2,10,3,2.8620,3.457,0.309
local git,2,10,3,2.8673,3.457,0.087
immutable type,2,10,3,2.8673,3.457,0.156
component will re,3,10,3,2.8620,3.457,0.474
repo git,2,15,3,2.8596,3.456,0.244
library api,2,7,3,2.8609,3.456,0.120
file otherwise,2,11,3,2.8603,3.456,0.102
simpler way,2,11,3,2.8562,3.456,0.299
request path,2,19,2,2.8590,3.456,0.095
login view,2,19,2,2.8590,3.456,0.323
break up,2,7,3,2.8609,3.456,0.230
call last,2,15,3,2.8596,3.456,0.149
programming model,2,11,3,2.8603,3.456,0.258
symbol table,2,19,2,2.8590,3.456,0.252
calling next,2,11,3,2.8603,3.456,0.215
using let,2,7,3,2.8609,3.456,0.085
way to determine,3,11,3,2.8562,3.456,0.249
object get own,3,19,2,2.8590,3.456,0.416
command is executed,3,19,2,2.8590,3.456,0.292
third party library,3,19,2,2.8590,3.456,0.333
explicitly using,2,20,3,2.8532,3.455,0.104
using context,2,12,3,2.8491,3.455,0.045
work into,2,8,4,2.8497,3.455,0.051
rejection handler,2,12,3,2.8503,3.455,0.547
incoming request,2,12,3,2.8491,3.455,0.391
without first,2,20,3,2.8532,3.455,0.062
data sent,2,12,3,2.8491,3.455,0.171
cross domain,2,12,3,2.8503,3.455,0.449
raw input,2,8,4,2.8497,3.455,0.294
everything except,2,12,3,2.8503,3.455,0.330
null object,2,12,3,2.8503,3.455,0.080
auto incrementing,2,12,3,2.8503,3.455,0.588
like id,2,8,4,2.8497,3.455,0.069
enough time,2,12,3,2.8503,3.455,0.194
parsing logic,2,9,2,2.8480,3.455,0.341
crashing on,2,8,3,2.8510,3.455,0.183
run something,2,8,3,2.8510,3.455,0.093
search through,2,16,3,2.8538,3.455,0.239
commit date,2,16,3,2.8538,3.455,0.209
same size,2,16,3,2.8538,3.455,0.117
single type,2,9,2,2.8480,3.455,0.041
main entry point,3,12,3,2.8491,3.455,0.428
array and object,3,12,3,2.8491,3.455,0.281
instead of checking,3,9,2,2.8480,3.455,0.272
implement the same,3,9,2,2.8480,3.455,0.126
get the list,3,8,3,2.8510,3.455,0.163
want to select,3,8,3,2.8510,3.455,0.111
need to save,3,8,3,2.8510,3.455,0.197
function note,2,13,3,2.8474,3.454,-0.007
other case,2,9,4,2.8439,3.454,0.022
more frequently,2,13,3,2.8474,3.454,0.271
invalid value,2,13,3,2.8474,3.454,0.145
session level,2,21,2,2.8462,3.454,0.252
getter and setter,3,21,2,2.8462,3.454,0.800
using the first,3,13,3,2.8433,3.454,0.016
try to convert,3,9,4,2.8439,3.454,0.328
time to learn,3,13,3,2.8474,3.454,0.242
function should return,3,13,3,2.8474,3.454,0.257
path option,2,14,3,2.8363,3.453,0.051
function invocation,2,14,3,2.8363,3.453,0.254
same default,2,14,3,2.8363,3.453,-0.014
until now,2,10,4,2.8369,3.453,0.164
human friendly,2,10,4,2.8369,3.453,0.554
without blocking,2,22,2,2.8403,3.453,0.329
force update,2,14,2,2.8375,3.453,0.275
binary file,2,22,2,2.8403,3.453,0.112
without setting,2,22,2,2.8403,3.453,0.151
system time,2,22,2,2.8403,3.453,0.078
non numeric,2,14,2,2.8375,3.453,0.318
indexed column,2,22,2,2.8403,3.453,0.454
call process exit,3,6,3,2.8375,3.453,0.468
using the string,3,10,4,2.8369,3.453,0.064
used to handle,3,14,3,2.8363,3.453,0.160
want to replace,3,14,3,2.8363,3.453,0.197
rebuild the image,3,22,2,2.8403,3.453,0.481
image was built,3,22,2,2.8403,3.453,0.472
spread across,2,23,2,2.8333,3.452,0.450
background process,2,15,3,2.8305,3.452,0.301
current project,2,11,4,2.8311,3.452,0.136
run using,2,15,3,2.8305,3.452,-0.048
statically typed,2,11,4,2.8311,3.452,0.587
type coercion,2,15,3,2.8305,3.452,0.298
json configuration,2,23,2,2.8333,3.452,0.131
python exception,2,15,3,2.8305,3.452,0.062
works without,2,11,4,2.8311,3.452,0.143
hub username,2,19,3,2.8339,3.452,0.338
react event,2,23,2,2.8333,3.452,0.185
array value,2,23,2,2.8333,3.452,0.000
enter key,2,11,4,2.8311,3.452,0.277
native support,2,15,3,2.8305,3.452,0.255
dns resolution,2,23,2,2.8333,3.452,0.532
list command,2,15,2,2.8345,3.452,0.044
calling in,2,7,3,2.8317,3.452,-0.060
common name,2,15,2,2.8345,3.452,0.096
syntax sugar,2,7,3,2.8317,3.452,0.511
hashing function,2,7,3,2.8317,3.452,0.280
useful for testing,3,23,2,2.8333,3.452,0.380
name to use,3,23,2,2.8333,3.452,0.016
create an image,3,15,3,2.8305,3.452,0.256
through the code,3,11,4,2.8311,3.452,0.124
based on user,3,15,3,2.8305,3.452,0.161
custom build,2,16,3,2.8234,3.451,0.128
default unless,2,12,4,2.8240,3.451,0.157
range syntax,2,8,4,2.8246,3.451,0.243
text value,2,16,3,2.8234,3.451,0.032
appropriate way,2,8,4,2.8246,3.451,0.203
using environment,2,16,3,2.8234,3.451,0.020
executed first,2,12,4,2.8240,3.451,0.183
run different,2,8,4,2.8246,3.451,0.037
waiting until,2,12,4,2.8240,3.451,0.390
easy to make,3,12,4,2.8240,3.451,0.247
until the first,3,12,4,2.8240,3.451,0.214
merge tool,2,17,3,2.8176,3.450,0.260
better understanding,2,8,2,2.8206,3.450,0.393
main method,2,8,2,2.8206,3.450,0.110
reduce right,2,25,2,2.8205,3.450,0.341
now raise,2,25,2,2.8205,3.450,0.215
new layer,2,17,3,2.8176,3.450,0.196
other common,2,17,3,2.8176,3.450,0.092
enum class,2,17,3,2.8176,3.450,0.216
create user,2,25,2,2.8205,3.450,0.041
storage class,2,25,2,2.8205,3.450,0.226
parameter description,2,25,2,2.8205,3.450,0.261
readable name,2,25,2,2.8205,3.450,0.223
console error,2,25,2,2.8205,3.450,0.159
target value,2,25,2,2.8205,3.450,0.058
git project,2,25,2,2.8205,3.450,0.063
fit in,2,21,2,2.8211,3.450,0.098
another string,2,13,3,2.8182,3.450,0.076
repository without,2,13,3,2.8182,3.450,0.139
used to match,3,25,2,2.8205,3.450,0.176
ways to create,3,17,3,2.8176,3.450,0.232
command is used,3,13,3,2.8182,3.450,0.138
different package,2,9,3,2.8135,3.449,0.099
primarily useful,2,18,3,2.8106,3.449,0.394
data url,2,9,3,2.8147,3.449,0.087
version release,2,9,3,2.8135,3.449,0.136
later time,2,14,4,2.8112,3.449,0.089
update query,2,9,3,2.8135,3.449,0.123
run locally,2,9,3,2.8147,3.449,0.212
first off,2,9,3,2.8147,3.449,0.180
type without,2,10,4,2.8118,3.449,0.012
remain valid,2,10,4,2.8118,3.449,0.395
primitive type,2,10,4,2.8118,3.449,0.215
lazy loading,2,18,3,2.8106,3.449,0.486
same task,2,6,3,2.8124,3.449,0.172
ever need,2,6,3,2.8124,3.449,0.247
long run,2,6,3,2.8124,3.449,0.127
code depending,2,6,3,2.8124,3.449,0.115
use super,2,6,3,2.8124,3.449,0.182
particular implementation,2,6,3,2.8124,3.449,0.251
scalar value,2,6,3,2.8124,3.449,0.296
variable file,2,6,3,2.8124,3.449,0.006
use line,2,6,3,2.8124,3.449,-0.060
use the special,3,14,4,2.8112,3.449,0.178
want to hide,3,9,3,2.8147,3.449,0.306
place to put,3,9,3,2.8135,3.449,0.396
lower and upper,3,14,4,2.8112,3.449,0.676
making this change,3,6,3,2.8124,3.449,0.443
want to sort,3,6,3,2.8124,3.449,0.217
image processing,2,10,3,2.8077,3.448,0.286
keep working,2,10,3,2.8077,3.448,0.221
verbosity level,2,10,2,2.8065,3.448,0.434
file import,2,10,2,2.8065,3.448,0.064
second option,2,10,3,2.8077,3.448,0.127
mode strict,2,10,2,2.8065,3.448,0.258
request instance,2,10,2,2.8065,3.448,0.135
manage data,2,10,2,2.8065,3.448,0.172
please try,2,10,3,2.8077,3.448,0.242
store file,2,10,2,2.8065,3.448,0.039
non key,2,19,2,2.8047,3.448,0.149
connection using,2,19,2,2.8047,3.448,0.081
structured data,2,19,2,2.8047,3.448,0.296
return code,2,19,2,2.8047,3.448,-0.031
delay between,2,19,2,2.8047,3.448,0.373
row per,2,19,2,2.8047,3.448,0.288
include and exclude,3,10,2,2.8065,3.448,0.536
used to choose,3,10,2,2.8065,3.448,0.273
way to select,3,10,3,2.8077,3.448,0.183
type script syntax,3,10,2,2.8065,3.448,0.301
need to close,3,10,3,2.8077,3.448,0.236
json representation,2,11,3,2.8007,3.447,0.285
custom user,2,20,3,2.7977,3.447,0.124
checked against,2,20,3,2.7977,3.447,0.379
empty file,2,20,3,2.7977,3.447,0.086
now get,2,11,3,2.8007,3.447,0.017
python command,2,16,4,2.7983,3.447,0.034
such code,2,16,4,2.7983,3.447,-0.032
make much,2,16,4,2.7983,3.447,0.154
originally written,2,11,2,2.8019,3.447,0.400
variable using,2,12,3,2.7989,3.447,-0.009
uniform resource,2,12,3,2.7989,3.447,0.579
read up,2,11,2,2.8019,3.447,0.108
pull command,2,12,3,2.7989,3.447,0.171
user preference,2,12,3,2.7989,3.447,0.367
hex string,2,11,2,2.8019,3.447,0.342
color output,2,11,2,2.8019,3.447,0.198
used to read,3,20,3,2.7977,3.447,0.160
custom error message,3,7,3,2.8013,3.447,0.272
make much sense,3,16,4,2.7983,3.447,0.513
execute the following,3,11,2,2.8019,3.447,0.188
currently only available,3,11,2,2.8019,3.447,0.441
special dns name,3,11,2,2.8019,3.447,0.489
trying to read,3,11,2,2.8019,3.447,0.209
general format,2,12,2,2.7936,3.446,0.251
way back,2,8,4,2.7954,3.446,0.137
field initializer,2,12,2,2.7936,3.446,0.373
tab width,2,12,2,2.7936,3.446,0.421
long string,2,8,3,2.7942,3.446,0.132
another big,2,8,3,2.7942,3.446,0.267
id connect,2,12,2,2.7936,3.446,0.271
data local,2,8,4,2.7954,3.446,0.069
invalid json,2,12,3,2.7948,3.446,0.261
own function,2,8,4,2.7954,3.446,0.045
token environment variable,3,12,2,2.7936,3.446,0.351
trying to add,3,8,4,2.7954,3.446,0.159
make this work,3,8,4,2.7954,3.446,0.355
use relative,2,13,3,2.7878,3.445,0.092
great way,2,13,3,2.7878,3.445,0.247
cross compilation,2,22,3,2.7848,3.445,0.491
member access,2,13,3,2.7878,3.445,0.253
actual work,2,9,4,2.7884,3.445,0.199
application without,2,13,3,2.7878,3.445,0.095
user get,2,13,3,2.7878,3.445,0.031
data stream,2,22,3,2.7848,3.445,0.142
concurrency model,2,9,4,2.7884,3.445,0.321
other test,2,13,3,2.7878,3.445,0.003
like writing,2,9,4,2.7884,3.445,0.111
fairly simple,2,9,4,2.7884,3.445,0.442
based implementation,2,9,4,2.7884,3.445,0.209
trust store,2,22,3,2.7848,3.445,0.354
fixed set,2,18,3,2.7854,3.445,0.099
command git,2,18,3,2.7854,3.445,0.005
variable is used,3,22,3,2.7848,3.445,0.166
note that using,3,13,3,2.7878,3.445,0.041
most common way,3,9,4,2.7884,3.445,0.299
cargo fmt,2,6,2,2.7820,3.444,0.399
using rustup,2,6,2,2.7820,3.444,0.202
avoid unexpected,2,14,2,2.7808,3.444,0.379
reference information,2,14,2,2.7808,3.444,0.116
separate crate,2,6,2,2.7820,3.444,0.267
boolean option,2,14,2,2.7808,3.444,0.202
executor function,2,14,2,2.7808,3.444,0.294
api code,2,10,3,2.7814,3.444,-0.026
invalid operation,2,14,3,2.7820,3.444,0.324
normalized form,2,14,2,2.7808,3.444,0.397
result on,2,14,3,2.7820,3.444,-0.044
single event,2,14,3,2.7820,3.444,0.201
extension code,2,14,2,2.7808,3.444,0.073
best thing,2,10,3,2.7826,3.444,0.313
effective way,2,10,3,2.7826,3.444,0.342
existing git,2,10,3,2.7826,3.444,0.108
chronological order,2,10,3,2.7826,3.444,0.565
up through,2,10,3,2.7826,3.444,0.132
need to rebuild,3,14,3,2.7820,3.444,0.317
make this easier,3,10,3,2.7814,3.444,0.488
guide for more,3,14,2,2.7808,3.444,0.294
try catch statement,3,14,3,2.7820,3.444,0.382
written so far,3,6,2,2.7820,3.444,0.381
turn it off,3,14,3,2.7820,3.444,0.558
let us write,3,6,2,2.7820,3.444,0.377
using this method,3,10,3,2.7826,3.444,0.165
way to work,3,10,3,2.7826,3.444,0.127
chunk of memory,3,10,3,2.7826,3.444,0.521
url like,2,15,3,2.7749,3.443,0.088
current code,2,15,3,2.7749,3.443,0.003
two important,2,11,4,2.7756,3.443,0.180
sent back,2,15,3,2.7749,3.443,0.308
time instead,2,11,4,2.7756,3.443,0.033
simple web,2,11,4,2.7756,3.443,0.242
dig into,2,7,4,2.7762,3.443,0.433
key function,2,24,2,2.7720,3.443,0.008
nested loop,2,24,2,2.7720,3.443,0.283
provide information,2,24,2,2.7720,3.443,0.162
runtime image,2,24,2,2.7720,3.443,0.208
manage docker,2,24,2,2.7720,3.443,0.175
color diff,2,24,2,2.7720,3.443,0.344
readable stream,2,24,2,2.7720,3.443,0.392
rather than use,3,7,4,2.7762,3.443,0.036
code and see,3,7,4,2.7762,3.443,0.198
see its documentation,3,7,4,2.7762,3.443,0.384
able to compile,3,7,4,2.7762,3.443,0.267
during the execution,3,24,2,2.7720,3.443,0.391
learned to honor,3,24,2,2.7720,3.443,0.644
prototype to string,3,24,2,2.7720,3.443,0.420
automatically get,2,12,3,2.7685,3.442,0.096
general use,2,16,2,2.7679,3.442,0.081
original file,2,16,2,2.7679,3.442,0.111
integration testing,2,16,2,2.7679,3.442,0.351
using new,2,16,2,2.7679,3.442,-0.069
type safe,2,8,2,2.7650,3.442,0.129
parse function,2,8,3,2.7691,3.442,0.127
default cache,2,16,2,2.7679,3.442,0.115
moving forward,2,8,3,2.7691,3.442,0.493
mutable data,2,12,3,2.7685,3.442,0.177
web driver,2,8,2,2.7663,3.442,0.330
full access,2,16,2,2.7691,3.442,0.195
script array,2,16,2,2.7691,3.442,0.085
full image,2,16,2,2.7691,3.442,0.198
memory limit,2,16,2,2.7691,3.442,0.281
scss file,2,8,2,2.7663,3.442,0.349
running node,2,8,2,2.7663,3.442,0.137
bit color,2,8,2,2.7663,3.442,0.303
find myself,2,8,2,2.7663,3.442,0.454
access violation,2,8,2,2.7663,3.442,0.413
really like,2,8,2,2.7663,3.442,0.139
clear on,2,8,2,2.7663,3.442,0.088
dom api,2,16,2,2.7691,3.442,0.225
solution above,2,8,2,2.7663,3.442,0.233
sure to include,3,12,3,2.7685,3.442,0.342
let and const,3,16,2,2.7679,3.442,0.614
put that in,3,8,2,2.7650,3.442,0.238
receive the following,3,8,2,2.7663,3.442,0.227
catching the exception,3,8,2,2.7663,3.442,0.482
new to react,3,8,2,2.7663,3.442,0.318
function style,2,9,3,2.7580,3.441,0.095
use double,2,13,4,2.7627,3.441,0.108
bash script,2,9,3,2.7592,3.441,0.310
store information,2,17,3,2.7621,3.441,0.130
project specific,2,13,4,2.7627,3.441,0.149
data see,2,13,4,2.7627,3.441,-0.036
long text,2,9,3,2.7580,3.441,0.200
default user,2,17,3,2.7621,3.441,0.020
came out,2,9,3,2.7592,3.441,0.336
first method,2,9,3,2.7633,3.441,0.025
compiler warning,2,9,3,2.7633,3.441,0.258
length value,2,9,3,2.7633,3.441,0.106
within the scope,3,13,4,2.7627,3.441,0.260
working directory in,3,13,4,2.7627,3.441,0.045
instead of passing,3,17,3,2.7621,3.441,0.235
instead of copying,3,9,3,2.7592,3.441,0.337
attribute is set,3,17,3,2.7621,3.441,0.301
using the app,3,9,3,2.7580,3.441,0.107
var function,2,6,3,2.7569,3.440,0.168
link on,2,10,3,2.7522,3.440,0.073
object key,2,18,2,2.7550,3.440,0.030
otherwise specified,2,14,3,2.7557,3.440,0.199
code clearer,2,6,3,2.7569,3.440,0.275
leading slash,2,6,3,2.7569,3.440,0.564
without writing,2,10,3,2.7522,3.440,0.174
backend server,2,10,3,2.7522,3.440,0.213
other request,2,6,3,2.7569,3.440,0.049
return data,2,18,2,2.7550,3.440,0.008
check password,2,18,2,2.7550,3.440,0.219
return self,2,10,3,2.7563,3.440,0.207
anti pattern,2,10,3,2.7522,3.440,0.522
content field,2,6,3,2.7569,3.440,0.177
call add,2,10,3,2.7563,3.440,0.054
create server,2,18,2,2.7550,3.440,0.039
own property descriptor,3,18,2,2.7550,3.440,0.511
work in parallel,3,6,3,2.7569,3.440,0.331
file was found,3,10,3,2.7522,3.440,0.344
using the pattern,3,6,3,2.7569,3.440,0.146
real world application,3,18,2,2.7550,3.440,0.350
using the state,3,6,3,2.7569,3.440,0.071
without stopping,2,11,3,2.7451,3.439,0.401
private git,2,19,3,2.7492,3.439,0.163
error format,2,11,3,2.7451,3.439,0.054
promise rejection,2,11,3,2.7464,3.439,0.570
map set,2,11,3,2.7451,3.439,0.138
full request,2,7,3,2.7458,3.439,0.188
without calling,2,19,3,2.7492,3.439,0.166
infinite recursion,2,19,3,2.7492,3.439,0.616
close over,2,11,3,2.7464,3.439,0.307
whole page,2,11,3,2.7464,3.439,0.279
total amount,2,15,3,2.7498,3.439,0.450
web application framework,3,7,3,2.7458,3.439,0.509
inside the class,3,11,3,2.7464,3.439,0.198
want to merge,3,11,3,2.7464,3.439,0.108
try to add,3,7,3,2.7470,3.439,0.165
over the other,3,7,3,2.7470,3.439,0.195
fully supported,2,12,3,2.7393,3.438,0.361
stop working,2,12,3,2.7393,3.438,0.268
object rather,2,12,3,2.7393,3.438,0.083
name variable,2,16,3,2.7428,3.438,0.034
occur due,2,8,4,2.7399,3.438,0.398
more error,2,12,3,2.7393,3.438,-0.042
await in,2,20,2,2.7422,3.438,0.017
first make,2,12,3,2.7393,3.438,0.042
default auto,2,20,2,2.7422,3.438,0.180
working directly,2,8,4,2.7399,3.438,0.190
single data,2,12,3,2.7434,3.438,0.048
start working,2,12,3,2.7434,3.438,0.169
production mode,2,12,3,2.7393,3.438,0.266
generic class,2,20,2,2.7422,3.438,0.183
python debugger,2,12,3,2.7393,3.438,0.285
multiple related,2,8,2,2.7440,3.438,0.212
sharing code,2,8,2,2.7440,3.438,0.209
compile code,2,8,2,2.7440,3.438,0.081
data copy,2,8,2,2.7440,3.438,0.091
child node,2,8,2,2.7440,3.438,0.245
file is loaded,3,12,3,2.7393,3.438,0.315
access the value,3,8,4,2.7399,3.438,0.141
fail to match,3,8,2,2.7440,3.438,0.389
come first,2,9,4,2.7329,3.437,0.223
ever use,2,9,4,2.7329,3.437,0.157
dependency management,2,13,3,2.7323,3.437,0.326
single module,2,13,3,2.7323,3.437,0.112
error check,2,13,3,2.7323,3.437,0.039
name url,2,9,4,2.7329,3.437,0.101
whole list,2,9,4,2.7329,3.437,0.220
non nullable,2,13,2,2.7335,3.437,0.434
request post,2,21,2,2.7364,3.437,0.162
usually means,2,13,2,2.7335,3.437,0.240
new password,2,21,2,2.7364,3.437,0.136
diff format,2,21,2,2.7364,3.437,0.247
docker support,2,21,2,2.7364,3.437,0.045
core web,2,13,2,2.7335,3.437,0.248
get value,2,13,2,2.7335,3.437,-0.044
raw format,2,21,2,2.7364,3.437,0.276
platform dependent,2,21,2,2.7364,3.437,0.436
debugging output,2,13,2,2.7335,3.437,0.221
exception invalid,2,21,2,2.7364,3.437,0.226
instance variable,2,13,2,2.7335,3.437,0.115
type to use,3,13,3,2.7323,3.437,-0.014
returned by get,3,13,3,2.7323,3.437,0.245
add an extra,3,13,3,2.7323,3.437,0.278
docker compose yaml,3,21,2,2.7364,3.437,0.316
used to use,3,21,2,2.7364,3.437,-0.003
version see,2,14,3,2.7265,3.436,0.013
other source,2,10,4,2.7271,3.436,0.076
loop iteration,2,10,4,2.7271,3.436,0.319
leading zero,2,22,2,2.7293,3.436,0.412
name parameter,2,18,3,2.7299,3.436,0.069
rendering on,2,14,3,2.7265,3.436,0.088
statement like,2,10,4,2.7271,3.436,0.079
integrity error,2,14,3,2.7265,3.436,0.334
type var,2,22,2,2.7293,3.436,0.184
simple list,2,10,4,2.7271,3.436,0.152
new app,2,14,3,2.7265,3.436,0.032
now successfully,2,18,3,2.7299,3.436,0.252
following section,2,22,2,2.7293,3.436,0.120
improved error,2,18,3,2.7299,3.436,0.245
own implementation,2,10,4,2.7271,3.436,0.208
forward in,2,14,2,2.7306,3.436,0.057
default hash,2,14,2,2.7306,3.436,0.160
table note,2,14,2,2.7306,3.436,0.103
code similar,2,6,3,2.7277,3.436,0.049
blank page,2,6,3,2.7277,3.436,0.362
accomplish the same,3,10,4,2.7271,3.436,0.337
command to start,3,22,2,2.7293,3.436,0.209
give the user,3,10,4,2.7271,3.436,0.260
first you need,3,14,3,2.7265,3.436,0.113
argument of type,3,18,3,2.7299,3.436,0.277
way of writing,3,10,4,2.7271,3.436,0.361
try to update,3,10,4,2.7271,3.436,0.207
sure your code,3,6,3,2.7277,3.436,0.247
want to copy,3,6,3,2.7277,3.436,0.132
see any output,3,6,3,2.7277,3.436,0.366
code calling,2,7,4,2.7207,3.435,0.059
use similar,2,11,4,2.7200,3.435,0.022
top to bottom,3,7,4,2.7207,3.435,0.639
grant access,2,24,2,2.7165,3.434,0.371
script name,2,15,3,2.7194,3.434,0.034
class syntax,2,15,3,2.7194,3.434,0.123
caught error,2,15,3,2.7194,3.434,0.237
auto detection,2,15,3,2.7194,3.434,0.486
boolean field,2,24,2,2.7165,3.434,0.239
current timestamp,2,24,2,2.7165,3.434,0.324
natural language,2,24,2,2.7165,3.434,0.442
wrong place,2,16,3,2.7136,3.434,0.313
local namespace,2,24,2,2.7165,3.434,0.290
test order,2,15,3,2.7194,3.434,0.089
name based,2,15,3,2.7194,3.434,0.086
turning on,2,16,3,2.7136,3.434,0.246
diff command,2,20,2,2.7171,3.434,0.180
last match,2,20,2,2.7171,3.434,0.197
api is used,3,15,3,2.7194,3.434,0.159
getting started guide,3,15,3,2.7194,3.434,0.526
running this command,3,12,3,2.7142,3.434,0.275
read only access,3,20,2,2.7171,3.434,0.328
main difference between,3,12,3,2.7142,3.434,0.312
additional info,2,8,2,2.7095,3.433,0.289
clear in,2,9,4,2.7078,3.433,0.002
whole application,2,8,2,2.7095,3.433,0.239
array list,2,8,3,2.7107,3.433,0.072
never want,2,8,3,2.7107,3.433,0.118
length constraint,2,8,2,2.7095,3.433,0.371
class def,2,8,3,2.7107,3.433,0.216
entire function,2,9,4,2.7078,3.433,0.122
specific project,2,9,4,2.7078,3.433,0.147
much shorter,2,9,4,2.7078,3.433,0.410
second call,2,9,4,2.7078,3.433,0.142
without giving,2,9,4,2.7078,3.433,0.301
test annotation,2,5,3,2.7084,3.433,0.240
look familiar,2,5,3,2.7084,3.433,0.360
collection type,2,5,3,2.7084,3.433,0.162
well organized,2,5,3,2.7084,3.433,0.438
get the response,3,8,3,2.7107,3.433,0.209
sure to remember,3,5,3,2.7084,3.433,0.407
change the implementation,3,5,3,2.7084,3.433,0.267
way we want,3,5,3,2.7084,3.433,0.160
function the code,3,5,3,2.7084,3.433,0.028
means the compiler,3,5,3,2.7084,3.433,0.249
use the move,3,5,3,2.7084,3.433,0.186
target flag,2,9,2,2.7025,3.432,0.197
target architecture,2,9,2,2.7025,3.432,0.362
other version,2,9,3,2.7037,3.432,0.015
scope type,2,9,2,2.7025,3.432,0.054
path base,2,9,2,2.7025,3.432,0.144
code text,2,9,2,2.7025,3.432,0.011
type scope,2,9,2,2.7025,3.432,0.054
script library,2,9,3,2.7037,3.432,0.120
body parameter,2,9,2,2.7025,3.432,0.214
management system,2,17,3,2.7066,3.432,0.280
custom validator,2,9,2,2.7025,3.432,0.369
post model,2,9,2,2.7025,3.432,0.177
based api,2,17,3,2.7066,3.432,0.128
setup cfg,2,9,2,2.7025,3.432,0.428
shared mutable,2,9,2,2.7025,3.432,0.360
compiler diagnostic,2,9,2,2.7025,3.432,0.424
slice function,2,9,2,2.7025,3.432,0.082
state counter,2,9,2,2.7025,3.432,0.236
src api,2,9,2,2.7025,3.432,0.225
particular resource,2,9,2,2.7025,3.432,0.312
env node,2,9,2,2.7025,3.432,0.254
code will need,3,9,2,2.7025,3.432,0.167
exclude the specified,3,9,2,2.7025,3.432,0.430
get and post,3,17,3,2.7066,3.432,0.428
used for validation,3,9,2,2.7025,3.432,0.322
global python,2,10,3,2.6967,3.431,0.146
parsing json,2,10,3,2.6967,3.431,0.290
image file,2,18,2,2.7007,3.431,0.030
application name,2,18,2,2.7007,3.431,0.042
many tables,2,11,3,2.6949,3.431,0.221
operate in,2,18,2,2.7007,3.431,0.116
git server,2,18,2,2.7007,3.431,0.020
message box,2,10,2,2.6979,3.431,0.251
later version,2,10,2,2.6979,3.431,0.108
sent across,2,11,3,2.6949,3.431,0.366
branch using,2,10,2,2.6979,3.431,0.054
use parentheses,2,11,3,2.6949,3.431,0.149
simply create,2,10,2,2.6979,3.431,0.176
use it directly,3,10,3,2.6967,3.431,0.262
function return type,3,10,3,2.6967,3.431,0.185
need to catch,3,10,2,2.6979,3.431,0.159
git to ignore,3,11,3,2.6949,3.431,0.255
remove the file,3,10,2,2.6979,3.431,0.182
target doc,2,7,2,2.6902,3.430,0.301
cargo subcommand,2,7,2,2.6902,3.430,0.342
fix code,2,11,2,2.6896,3.430,0.021
cannot update,2,19,3,2.6937,3.430,0.162
mostly equivalent,2,11,2,2.6896,3.430,0.434
entire workspace,2,7,2,2.6902,3.430,0.342
install cargo,2,7,2,2.6902,3.430,0.136
conditional compilation,2,11,2,2.6896,3.430,0.510
package metadata,2,11,2,2.6896,3.430,0.248
derivative works,2,7,2,2.6902,3.430,0.546
between array,2,11,2,2.6896,3.430,0.114
span multiple,2,19,3,2.6937,3.430,0.421
temporal dead,2,19,3,2.6937,3.430,0.576
multiple code,2,11,2,2.6896,3.430,-0.005
rule name,2,11,2,2.6896,3.430,0.031
comparison between,2,11,3,2.6909,3.430,0.296
now required,2,11,2,2.6896,3.430,0.136
now set,2,19,3,2.6937,3.430,0.006
client object,2,11,2,2.6896,3.430,0.064
differently depending,2,15,4,2.6943,3.430,0.449
reside in,2,15,4,2.6943,3.430,0.260
thinking in,2,11,3,2.6909,3.430,0.124
setup file,2,11,2,2.6896,3.430,0.128
component instance,2,11,3,2.6909,3.430,0.159
logic yourself,2,7,2,2.6902,3.430,0.341
sort on,2,7,4,2.6915,3.430,0.096
working code,2,7,4,2.6915,3.430,0.029
simple text,2,15,4,2.6943,3.430,0.196
longer exist,2,15,4,2.6943,3.430,0.289
use the cargo,3,7,2,2.6902,3.430,0.053
display an error,3,19,3,2.6937,3.430,0.246
written in rust,3,11,2,2.6896,3.430,0.300
error when using,3,11,3,2.6909,3.430,0.135
building the image,3,19,3,2.6937,3.430,0.356
need to see,3,11,3,2.6909,3.430,0.007
restart the server,3,11,3,2.6909,3.430,0.335
during compilation,2,8,4,2.6844,3.429,0.356
bin folder,2,8,4,2.6844,3.429,0.430
same connection,2,12,3,2.6838,3.429,0.121
code following,2,8,4,2.6844,3.429,-0.040
script implementation,2,8,4,2.6844,3.429,0.154
change this behavior,3,12,3,2.6838,3.429,0.294
function to generate,3,8,4,2.6844,3.429,0.184
able to detect,3,12,3,2.6838,3.429,0.350
logged into,2,13,3,2.6780,3.428,0.272
explicit type,2,13,3,2.6780,3.428,0.174
factor authentication,2,21,3,2.6809,3.428,0.542
operator precedence,2,21,3,2.6809,3.428,0.374
function otherwise,2,21,3,2.6809,3.428,0.082
other async,2,9,3,2.6774,3.428,0.092
test user,2,13,2,2.6768,3.428,0.038
combined together,2,9,3,2.6774,3.428,0.424
python runtime,2,21,3,2.6809,3.428,0.158
system default,2,21,3,2.6809,3.428,0.059
like state,2,13,2,2.6768,3.428,-0.008
best fit,2,21,3,2.6809,3.428,0.422
therefore more,2,21,3,2.6809,3.428,0.149
big deal,2,9,3,2.6786,3.428,0.457
filtering on,2,17,3,2.6815,3.428,0.181
accessible through,2,17,3,2.6815,3.428,0.359
baked into,2,9,3,2.6786,3.428,0.471
whole class,2,9,3,2.6786,3.428,0.223
pseudo code,2,9,3,2.6786,3.428,0.227
default shell,2,9,3,2.6786,3.428,0.126
execute multiple,2,17,3,2.6815,3.428,0.210
sending an email,3,9,3,2.6774,3.428,0.572
object or null,3,21,3,2.6809,3.428,0.294
check the documentation,3,9,3,2.6774,3.428,0.262
able to upgrade,3,13,2,2.6768,3.428,0.337
running the container,3,13,3,2.6780,3.428,0.221
page not found,3,13,2,2.6768,3.428,0.345
want to connect,3,13,3,2.6780,3.428,0.198
way to convert,3,9,3,2.6786,3.428,0.264
used to convert,3,17,3,2.6815,3.428,0.223
default number,2,14,3,2.6710,3.427,0.025
level package,2,14,3,2.6710,3.427,0.150
certain amount,2,10,4,2.6716,3.427,0.380
first variable,2,6,4,2.6722,3.427,0.054
looking like,2,10,4,2.6716,3.427,0.162
take full,2,10,4,2.6716,3.427,0.227
new model,2,14,3,2.6710,3.427,0.054
now want,2,6,4,2.6722,3.427,0.010
few small,2,6,4,2.6722,3.427,0.321
use whatever,2,10,4,2.6716,3.427,0.123
own type,2,6,4,2.6722,3.427,0.058
jump into,2,6,4,2.6722,3.427,0.347
different browser,2,6,4,2.6722,3.427,0.151
change the order,3,10,4,2.6716,3.427,0.229
use the more,3,10,4,2.6716,3.427,0.013
unless you want,3,10,4,2.6716,3.427,0.232
case the function,3,14,3,2.6710,3.427,0.115
need to generate,3,10,4,2.6716,3.427,0.181
needs to re,3,14,3,2.6710,3.427,0.267
avoid potential,2,15,2,2.6639,3.426,0.346
different configuration,2,15,2,2.6639,3.426,0.088
file url,2,15,2,2.6639,3.426,0.069
strict directive,2,15,2,2.6639,3.426,0.425
code automatically,2,7,3,2.6651,3.426,0.029
container management,2,15,2,2.6639,3.426,0.276
base user,2,15,2,2.6639,3.426,0.138
path info,2,15,2,2.6639,3.426,0.201
mutable state,2,7,3,2.6651,3.426,0.211
node struct,2,7,3,2.6651,3.426,0.222
site id,2,15,2,2.6639,3.426,0.269
best used,2,11,3,2.6645,3.426,0.120
run outside,2,23,2,2.6680,3.426,0.162
multi value,2,15,2,2.6651,3.426,0.157
tar archive,2,23,2,2.6680,3.426,0.577
another error,2,15,2,2.6651,3.426,0.042
fulfillment value,2,23,2,2.6680,3.426,0.409
string property,2,15,2,2.6651,3.426,0.081
standby mode,2,23,2,2.6680,3.426,0.346
fade in,2,15,2,2.6651,3.426,0.264
format your code,3,7,3,2.6651,3.426,0.214
use strict directive,3,15,2,2.6639,3.426,0.409
value of none,3,15,2,2.6639,3.426,0.253
start by defining,3,7,3,2.6651,3.426,0.425
order to prevent,3,23,2,2.6680,3.426,0.297
essentially the same,3,15,2,2.6651,3.426,0.309
within the docker,3,23,2,2.6680,3.426,0.148
docker compose run,3,23,2,2.6680,3.426,0.206
want to upgrade,3,15,2,2.6651,3.426,0.233
bit is set,3,23,2,2.6680,3.426,0.304
bit unsigned integer,3,23,2,2.6680,3.426,0.563
offset is set,3,23,2,2.6680,3.426,0.405
null is returned,3,23,2,2.6680,3.426,0.372
alter the owner,3,23,2,2.6680,3.426,0.557
own local,2,12,4,2.6587,3.425,0.182
default version,2,16,3,2.6581,3.425,0.015
variable set,2,12,4,2.6587,3.425,0.031
necessary information,2,16,3,2.6581,3.425,0.211
never used,2,16,3,2.6581,3.425,0.098
new attribute,2,16,3,2.6581,3.425,0.101
development team,2,16,3,2.6581,3.425,0.306
special handling,2,16,3,2.6581,3.425,0.295
over multiple,2,12,4,2.6587,3.425,0.152
commit using,2,12,4,2.6587,3.425,0.040
whole process,2,8,3,2.6593,3.425,0.272
version using,2,8,3,2.6593,3.425,-0.027
continue in,2,8,3,2.6593,3.425,-0.005
instead make,2,8,3,2.6593,3.425,0.052
another name,2,8,3,2.6593,3.425,0.059
such as file,3,12,4,2.6587,3.425,0.021
faster and more,3,16,3,2.6581,3.425,0.387
break your code,3,8,3,2.6593,3.425,0.326
use the add,3,8,3,2.6593,3.425,0.052
free the memory,3,8,3,2.6593,3.425,0.441
actual implementation,2,9,3,2.6523,3.424,0.274
major change,2,8,2,2.6540,3.424,0.241
original package,2,8,2,2.6540,3.424,0.206
prefix on,2,13,3,2.6517,3.424,0.088
file reading,2,5,3,2.6529,3.424,0.140
empty character,2,8,2,2.6540,3.424,0.255
local name,2,9,3,2.6523,3.424,0.082
optional query,2,8,2,2.6540,3.424,0.203
want something,2,8,3,2.6552,3.424,0.084
next part,2,5,3,2.6529,3.424,0.174
model serializer,2,8,2,2.6540,3.424,0.413
provide useful,2,13,3,2.6517,3.424,0.200
react context,2,8,2,2.6540,3.424,0.143
plain function,2,13,3,2.6517,3.424,0.133
transition between,2,5,3,2.6529,3.424,0.306
return the response,3,8,3,2.6552,3.424,0.236
ways to use,3,9,3,2.6523,3.424,0.126
like to run,3,8,3,2.6552,3.424,0.095
use it again,3,5,3,2.6529,3.424,0.253
code and data,3,9,3,2.6523,3.424,0.184
used to keep,3,9,3,2.6523,3.424,0.167
comma operator,2,17,2,2.6511,3.423,0.361
longer possible,2,17,2,2.6511,3.423,0.204
configured via,2,17,2,2.6511,3.423,0.294
last month,2,17,2,2.6511,3.423,0.325
logging log,2,17,2,2.6511,3.423,0.289
new expression,2,17,2,2.6511,3.423,0.072
array map,2,17,2,2.6511,3.423,0.185
rendering performance,2,17,2,2.6511,3.423,0.315
time between,2,14,3,2.6458,3.423,0.075
more helpful,2,14,3,2.6458,3.423,0.217
entire contents,2,14,3,2.6458,3.423,0.323
associated data,2,14,3,2.6458,3.423,0.145
commit id,2,14,3,2.6458,3.423,0.177
choosing between,2,14,3,2.6458,3.423,0.374
right to left,3,17,2,2.6511,3.423,0.548
create and return,3,17,2,2.6511,3.423,0.228
outside the component,3,17,2,2.6511,3.423,0.330
inside the component,3,17,2,2.6511,3.423,0.246
own scope,2,10,3,2.6412,3.422,0.179
matching against,2,11,3,2.6394,3.422,0.357
line statement,2,10,3,2.6412,3.422,0.125
really necessary,2,10,3,2.6424,3.422,0.314
differ slightly,2,11,3,2.6394,3.422,0.554
error stack,2,10,3,2.6424,3.422,0.099
passing data,2,18,3,2.6452,3.422,0.130
read function,2,10,3,2.6412,3.422,0.018
close method,2,18,3,2.6452,3.422,0.218
compatibility layer,2,10,3,2.6412,3.422,0.399
new stable,2,7,2,2.6400,3.422,0.186
new search,2,7,2,2.6400,3.422,0.117
sender side,2,7,2,2.6400,3.422,0.449
indentation error,2,7,2,2.6400,3.422,0.293
data race,2,7,2,2.6400,3.422,0.274
become ready,2,7,2,2.6400,3.422,0.407
method implemented,2,7,2,2.6400,3.422,0.179
something simple,2,6,2,2.6430,3.422,0.209
cannot catch,2,6,2,2.6430,3.422,0.235
anything wrong,2,6,2,2.6430,3.422,0.321
running the script,3,10,3,2.6424,3.422,0.258
mutate the state,3,10,3,2.6412,3.422,0.355
react will run,3,18,3,2.6452,3.422,0.277
code can use,3,7,2,2.6400,3.422,0.006
type the following,3,7,2,2.6400,3.422,-0.003
doing something like,3,6,2,2.6430,3.422,0.337
cause the error,3,6,2,2.6430,3.422,0.248
trying to compile,3,6,2,2.6430,3.422,0.276
specific way,2,11,3,2.6353,3.421,0.097
write custom,2,19,2,2.6382,3.421,0.161
base string,2,19,2,2.6382,3.421,0.114
python class,2,19,2,2.6382,3.421,0.052
good starting,2,11,3,2.6353,3.421,0.286
quickstart guide,2,19,2,2.6382,3.421,0.613
automatically call,2,15,3,2.6388,3.421,0.124
without re,2,15,3,2.6388,3.421,0.160
please consider,2,7,4,2.6360,3.421,0.318
difficult or impossible,3,7,4,2.6360,3.421,0.720
useful for debugging,3,19,2,2.6382,3.421,0.416
container is started,3,11,3,2.6353,3.421,0.426
code is correct,3,7,4,2.6360,3.421,0.255
text not null,3,19,2,2.6382,3.421,0.385
get an array,3,7,4,2.6360,3.421,0.152
trying to update,3,11,3,2.6353,3.421,0.196
dev build,2,12,3,2.6283,3.420,0.179
current target,2,12,3,2.6283,3.420,0.162
option instead,2,12,3,2.6283,3.420,0.039
used across,2,12,3,2.6283,3.420,0.152
cause confusion,2,12,3,2.6283,3.420,0.441
provided on,2,12,3,2.6283,3.420,0.014
single server,2,12,3,2.6283,3.420,0.096
received in,2,12,3,2.6283,3.420,0.052
separate package,2,12,3,2.6283,3.420,0.201
zero division,2,12,3,2.6283,3.420,0.508
reach out,2,12,3,2.6283,3.420,0.339
prevent such,2,20,2,2.6324,3.420,0.202
full object,2,12,2,2.6295,3.420,0.098
appropriate exception,2,20,2,2.6324,3.420,0.216
development machine,2,20,2,2.6324,3.420,0.305
image without,2,12,2,2.6295,3.420,0.108
cannot connect,2,12,2,2.6295,3.420,0.279
font size,2,12,2,2.6295,3.420,0.397
python dev,2,20,2,2.6324,3.420,0.168
value as well,3,8,4,2.6289,3.420,0.070
up and use,3,12,3,2.6283,3.420,0.189
read the documentation,3,12,2,2.6295,3.420,0.268
index only scan,3,20,2,2.6324,3.420,0.563
built in type,3,20,2,2.6324,3.420,0.114
local path,2,13,3,2.6225,3.419,0.120
following additional,2,21,2,2.6253,3.419,0.140
potentially dangerous,2,13,3,2.6225,3.419,0.573
instead create,2,13,3,2.6225,3.419,0.034
cannot contain,2,21,2,2.6253,3.419,0.236
more similar,2,9,4,2.6231,3.419,0.091
infinite number,2,21,2,2.6253,3.419,0.315
static url,2,21,2,2.6253,3.419,0.233
valid code,2,9,4,2.6231,3.419,0.056
same semantics,2,13,3,2.6225,3.419,0.240
input validation,2,13,3,2.6225,3.419,0.240
sometimes useful,2,17,3,2.6260,3.419,0.259
using normal,2,13,3,2.6225,3.419,0.118
common middleware,2,21,2,2.6253,3.419,0.234
manually set,2,13,3,2.6225,3.419,0.163
keep up,2,17,3,2.6260,3.419,0.155
double colon,2,5,2,2.6237,3.419,0.499
sleep in,2,5,2,2.6237,3.419,0.093
different people,2,5,2,2.6237,3.419,0.200
print anything,2,5,2,2.6237,3.419,0.285
use the appropriate,3,13,3,2.6225,3.419,0.164
option is given,3,21,2,2.6253,3.419,0.285
return an array,3,13,3,2.6225,3.419,0.181
now the default,3,21,2,2.6253,3.419,0.082
possible to change,3,13,3,2.6225,3.419,0.202
submit the form,3,13,3,2.6225,3.419,0.473
development and production,3,21,2,2.6253,3.419,0.505
becomes the value,3,13,2,2.6266,3.419,0.281
way to print,3,5,2,2.6237,3.419,0.226
code you want,3,5,2,2.6237,3.419,0.004
trying to fetch,3,5,2,2.6237,3.419,0.285
error on line,3,5,2,2.6237,3.419,0.318
show output,2,6,4,2.6167,3.418,0.132
send in,2,6,4,2.6167,3.418,-0.048
completely independent,2,14,3,2.6154,3.418,0.476
previous work,2,6,4,2.6167,3.418,0.173
dict like,2,14,3,2.6154,3.418,0.164
another system,2,14,3,2.6154,3.418,0.135
first loop,2,6,4,2.6167,3.418,0.111
technically possible,2,10,4,2.6161,3.418,0.399
new action,2,14,3,2.6154,3.418,0.064
entire array,2,14,3,2.6154,3.418,0.212
order function,2,6,4,2.6167,3.418,0.024
using git hub,3,14,3,2.6154,3.418,0.108
use the await,3,6,4,2.6167,3.418,0.230
used for other,3,10,4,2.6161,3.418,0.157
far the most,3,10,4,2.6161,3.418,0.359
going to create,3,6,4,2.6167,3.418,0.207
want to track,3,6,4,2.6167,3.418,0.214
executed without,2,15,3,2.6096,3.417,0.205
non capturing,2,23,2,2.6125,3.417,0.377
stop using,2,15,3,2.6096,3.417,0.119
call handler,2,23,2,2.6125,3.417,0.184
typing type,2,23,2,2.6125,3.417,0.195
backward incompatible,2,23,2,2.6125,3.417,0.560
given module,2,15,3,2.6096,3.417,0.127
change event,2,15,3,2.6096,3.417,0.168
typical usage,2,23,2,2.6125,3.417,0.424
now removed,2,15,3,2.6096,3.417,0.143
long standing,2,23,2,2.6125,3.417,0.580
unique value,2,15,3,2.6096,3.417,0.122
sloppy mode,2,23,2,2.6125,3.417,0.551
insert statement,2,11,3,2.6102,3.417,0.279
successfully installed,2,19,2,2.6131,3.417,0.365
positive number,2,19,2,2.6131,3.417,0.295
used anymore,2,11,3,2.6102,3.417,0.257
within the current,3,15,3,2.6096,3.417,0.180
during the installation,3,11,3,2.6102,3.417,0.414
want to let,3,11,3,2.6102,3.417,0.146
automatically run,2,12,4,2.6032,3.416,0.090
produce different,2,12,4,2.6032,3.416,0.227
throwing exception,2,7,2,2.6068,3.416,0.301
handle exception,2,7,2,2.6068,3.416,0.147
specific function,2,12,4,2.6032,3.416,0.025
good old,2,7,2,2.6068,3.416,0.277
used above,2,7,2,2.6068,3.416,0.063
special variable,2,8,4,2.6038,3.416,0.178
without mutating,2,12,4,2.6032,3.416,0.334
class type,2,7,2,2.6068,3.416,-0.003
method based,2,7,2,2.6068,3.416,0.098
second value,2,8,4,2.6038,3.416,0.060
work try,2,7,2,2.6068,3.416,0.109
relevant part,2,8,4,2.6038,3.416,0.296
grow in,2,8,4,2.6038,3.416,0.166
node module,2,7,2,2.6068,3.416,0.112
sometimes see,2,8,4,2.6038,3.416,0.148
class file,2,7,2,2.6068,3.416,-0.006
unit of work,3,7,2,2.6068,3.416,0.446
need to refer,3,8,4,2.6038,3.416,0.187
reloading the page,3,7,2,2.6068,3.416,0.558
string for built,3,7,2,2.6068,3.416,0.435
using build,2,16,3,2.6026,3.415,-0.024
assignment statement,2,16,3,2.6026,3.415,0.304
file flag,2,16,3,2.6026,3.415,0.057
chat server,2,16,3,2.6026,3.415,0.324
re raise,2,8,3,2.5997,3.415,0.312
configuration set,2,16,3,2.6026,3.415,0.045
cached in,2,16,3,2.6026,3.415,0.043
app build,2,8,3,2.5997,3.415,0.078
quite some time,3,16,3,2.6026,3.415,0.478
need to render,3,16,3,2.6026,3.415,0.153
against using,2,9,3,2.5927,3.414,0.113
hashed password,2,9,3,2.5927,3.414,0.555
model query,2,9,3,2.5927,3.414,0.127
official react,2,9,3,2.5927,3.414,0.280
splitting up,2,9,3,2.5927,3.414,0.362
debug page,2,17,2,2.5968,3.414,0.235
template directory,2,17,2,2.5968,3.414,0.154
include path,2,17,2,2.5968,3.414,0.130
use bcrypt,2,9,2,2.5939,3.414,0.270
normal code,2,9,2,2.5939,3.414,0.105
invariant violation,2,9,2,2.5939,3.414,0.690
hexadecimal string,2,17,2,2.5968,3.414,0.332
compare equal,2,17,2,2.5968,3.414,0.400
map file,2,17,2,2.5968,3.414,0.104
continue execution,2,9,2,2.5939,3.414,0.340
nested set,2,9,2,2.5939,3.414,0.169
pom xml file,3,9,2,2.5939,3.414,0.428
built in way,3,9,2,2.5939,3.414,0.166
see configuring,2,10,2,2.5857,3.413,0.267
package instead,2,10,2,2.5857,3.413,0.085
default run,2,10,2,2.5857,3.413,-0.013
different command,2,10,3,2.5869,3.413,0.041
null default,2,10,2,2.5857,3.413,0.091
dead zone,2,18,3,2.5897,3.413,0.556
following ways,2,18,3,2.5897,3.413,0.179
locally using,2,14,4,2.5903,3.413,0.153
now imagine,2,10,3,2.5869,3.413,0.287
current page,2,10,3,2.5869,3.413,0.147
given class,2,10,3,2.5869,3.413,0.120
same source,2,18,3,2.5897,3.413,0.074
pure function,2,18,3,2.5897,3.413,0.209
single state,2,10,2,2.5857,3.413,0.081
single root,2,10,2,2.5857,3.413,0.177
well written,2,10,3,2.5869,3.413,0.217
working together,2,10,2,2.5857,3.413,0.254
select current,2,10,2,2.5857,3.413,0.149
avoid doing,2,14,4,2.5903,3.413,0.261
times out,2,10,3,2.5869,3.413,0.178
server port,2,10,2,2.5857,3.413,0.184
set use,2,18,3,2.5897,3.413,-0.102
io library,2,10,3,2.5910,3.413,0.255
mentioned previously,2,10,3,2.5910,3.413,0.406
future use,2,10,3,2.5910,3.413,0.033
variable without,2,10,3,2.5910,3.413,0.080
variable to true,3,18,3,2.5897,3.413,0.253
temporal dead zone,3,18,3,2.5897,3.413,0.727
field or method,3,14,4,2.5903,3.413,0.369
pyproject toml file,3,10,2,2.5857,3.413,0.356
open id connect,3,10,2,2.5857,3.413,0.586
used to hold,3,18,3,2.5897,3.413,0.280
comes in handy,3,10,3,2.5910,3.413,0.662
result in data,3,10,3,2.5910,3.413,0.170
resulting file,2,11,3,2.5798,3.412,0.178
more compatible,2,11,3,2.5798,3.412,0.176
another rule,2,7,4,2.5804,3.412,0.102
time taken,2,11,3,2.5798,3.412,0.222
check like,2,7,4,2.5804,3.412,0.038
extra info,2,11,3,2.5798,3.412,0.296
under the assumption,3,7,4,2.5804,3.412,0.544
going to work,3,7,4,2.5804,3.412,0.231
number of worker,3,7,4,2.5804,3.412,0.272
configuration format,2,8,3,2.5734,3.411,0.130
following program,2,12,3,2.5740,3.411,0.099
response message,2,20,3,2.5769,3.411,0.164
keep reading,2,12,3,2.5740,3.411,0.297
fail silently,2,20,3,2.5769,3.411,0.451
function see,2,20,3,2.5769,3.411,-0.068
array first,2,12,3,2.5740,3.411,0.053
value rather,2,16,3,2.5775,3.411,0.061
service provider,2,16,3,2.5775,3.411,0.326
log on,2,8,3,2.5746,3.411,-0.003
two line,2,8,3,2.5746,3.411,0.064
new element,2,8,3,2.5746,3.411,0.077
method directly,2,16,3,2.5775,3.411,0.101
set which means,3,8,3,2.5734,3.411,0.229
cannot be executed,3,20,3,2.5769,3.411,0.329
full test suite,3,8,3,2.5734,3.411,0.418
want to reset,3,12,3,2.5740,3.411,0.224
convenient to use,3,16,3,2.5775,3.411,0.261
version field,2,12,2,2.5728,3.410,0.076
separated string,2,12,2,2.5728,3.410,0.224
cached value,2,12,2,2.5728,3.410,0.181
whitespace between,2,12,2,2.5728,3.410,0.297
more comprehensive,2,9,4,2.5676,3.410,0.327
execute select,2,12,2,2.5728,3.410,0.236
setup logic,2,12,2,2.5728,3.410,0.276
likely want,2,9,4,2.5676,3.410,0.187
know something,2,5,3,2.5682,3.410,0.164
last section,2,9,4,2.5676,3.410,0.201
automatically convert,2,9,4,2.5676,3.410,0.268
error console,2,5,3,2.5682,3.410,0.150
make it available,3,12,2,2.5728,3.410,0.264
function with two,3,5,3,2.5682,3.410,0.249
thing to notice,3,5,3,2.5682,3.410,0.486
add the code,3,5,3,2.5682,3.410,0.094
use to build,3,12,2,2.5728,3.410,0.098
set up on,3,5,3,2.5682,3.410,0.101
take full advantage,3,9,4,2.5676,3.410,0.567
data is sent,3,9,4,2.5676,3.410,0.287
more concise way,3,5,3,2.5682,3.410,0.400
build your project,3,5,3,2.5682,3.410,0.235
behavior such,2,13,3,2.5670,3.409,0.114
context using,2,13,3,2.5670,3.409,0.037
context instead,2,13,3,2.5670,3.409,0.115
view middleware,2,22,2,2.5640,3.409,0.226
commit msg,2,22,2,2.5640,3.409,0.442
set order,2,22,2,2.5640,3.409,0.065
now create,2,22,2,2.5640,3.409,0.019
service file,2,22,2,2.5640,3.409,0.087
sequence object,2,22,2,2.5640,3.409,0.137
same transaction,2,22,2,2.5640,3.409,0.165
space used,2,22,2,2.5640,3.409,0.135
docker cloud,2,22,2,2.5640,3.409,0.210
sleep mode,2,22,2,2.5640,3.409,0.362
wakes up,2,22,2,2.5640,3.409,0.526
network namespace,2,22,2,2.5640,3.409,0.320
default policy,2,22,2,2.5640,3.409,0.173
avoid ambiguity,2,22,2,2.5640,3.409,0.472
reset hard,2,22,2,2.5640,3.409,0.419
jeff king,2,22,2,2.5640,3.409,0.945
right operand,2,22,2,2.5640,3.409,0.426
data descriptor,2,22,2,2.5640,3.409,0.229
bit string,2,22,2,2.5640,3.409,0.128
object structure,2,22,2,2.5640,3.409,0.117
raised exception,2,22,2,2.5640,3.409,0.219
library reference,2,22,2,2.5640,3.409,0.134
order to run,3,13,3,2.5670,3.409,0.166
support the latest,3,22,2,2.5640,3.409,0.251
stop and remove,3,22,2,2.5640,3.409,0.506
stop the container,3,22,2,2.5640,3.409,0.329
edit and save,3,22,2,2.5640,3.409,0.517
execute this command,3,22,2,2.5640,3.409,0.360
path separator,2,14,2,2.5599,3.408,0.325
current node,2,14,2,2.5599,3.408,0.133
value false,2,10,3,2.5605,3.408,0.060
application level,2,14,2,2.5599,3.408,0.133
template inheritance,2,14,2,2.5599,3.408,0.356
string used,2,14,2,2.5599,3.408,-0.021
effects such,2,14,2,2.5599,3.408,0.205
normal string,2,14,2,2.5611,3.408,0.172
select query,2,14,2,2.5611,3.408,0.141
longer required,2,14,2,2.5611,3.408,0.250
multiple tables,2,14,2,2.5611,3.408,0.207
constant value,2,14,2,2.5611,3.408,0.186
pseudo random,2,14,2,2.5611,3.408,0.499
change in future,3,14,2,2.5599,3.408,0.384
easier to track,3,6,3,2.5612,3.408,0.396
side effects such,3,14,2,2.5599,3.408,0.279
support for multiple,3,14,2,2.5611,3.408,0.225
outside of docker,3,14,2,2.5611,3.408,0.215
format output,2,15,3,2.5541,3.407,0.095
lock json,2,7,2,2.5513,3.407,0.227
original commit,2,15,3,2.5541,3.407,0.233
edit text,2,7,2,2.5513,3.407,0.248
counter intuitive,2,11,4,2.5547,3.407,0.574
object means,2,7,2,2.5513,3.407,0.060
root node,2,15,3,2.5541,3.407,0.179
new way,2,15,3,2.5541,3.407,-0.004
shared among,2,15,3,2.5541,3.407,0.439
custom function,2,15,3,2.5541,3.407,0.038
need additional,2,15,3,2.5541,3.407,0.111
new token,2,11,4,2.5547,3.407,0.137
original post,2,7,2,2.5513,3.407,0.243
length limit,2,15,3,2.5541,3.407,0.331
python dictionary,2,15,3,2.5541,3.407,0.196
local error,2,15,3,2.5541,3.407,0.061
react re,2,15,3,2.5541,3.407,0.166
real data,2,11,4,2.5547,3.407,0.138
parameter like,2,7,2,2.5513,3.407,0.050
service layer,2,7,2,2.5513,3.407,0.334
using option,2,7,3,2.5553,3.407,-0.041
cpu core,2,7,3,2.5553,3.407,0.363
again until,2,7,3,2.5553,3.407,0.268
package lock json,3,7,2,2.5513,3.407,0.533
beginning or end,3,15,3,2.5541,3.407,0.553
store the result,3,11,4,2.5547,3.407,0.204
see the list,3,11,4,2.5547,3.407,0.111
place to start,3,11,4,2.5547,3.407,0.329
way to deal,3,7,3,2.5553,3.407,0.328
way to express,3,7,3,2.5553,3.407,0.335
time to get,3,7,3,2.5553,3.407,0.104
produce any output,3,7,3,2.5553,3.407,0.477
see the standard,3,7,3,2.5553,3.407,0.135
compilation time,2,8,3,2.5442,3.406,0.245
functionality such,2,12,3,2.5477,3.406,0.190
show progress,2,16,2,2.5471,3.406,0.329
field set,2,12,3,2.5477,3.406,0.041
merge into,2,16,2,2.5471,3.406,0.097
name string,2,12,3,2.5477,3.406,-0.007
added later,2,12,3,2.5477,3.406,0.170
method definition,2,8,3,2.5483,3.406,0.148
installed locally,2,8,3,2.5442,3.406,0.334
default data,2,16,2,2.5471,3.406,-0.038
file again,2,12,3,2.5477,3.406,0.086
dict attribute,2,16,2,2.5471,3.406,0.303
first test,2,8,3,2.5483,3.406,0.021
test string,2,8,3,2.5442,3.406,0.011
contents inside,2,8,3,2.5483,3.406,0.220
together using,2,12,3,2.5477,3.406,0.109
sure to set,3,8,3,2.5442,3.406,0.233
unless otherwise specified,3,12,3,2.5477,3.406,0.457
regular expression literal,3,16,2,2.5471,3.406,0.418
code more readable,3,8,3,2.5442,3.406,0.287
using the path,3,8,3,2.5483,3.406,0.083
see the next,3,16,2,2.5471,3.406,0.120
roughly the same,3,8,3,2.5483,3.406,0.331
show the name,3,8,3,2.5483,3.406,0.233
function is responsible,3,8,3,2.5483,3.406,0.262
likely cause,2,9,3,2.5384,3.405,0.328
known issue,2,17,3,2.5413,3.405,0.263
unexpected token,2,9,3,2.5384,3.405,0.408
good job,2,9,3,2.5384,3.405,0.369
package management,2,17,3,2.5413,3.405,0.266
without additional,2,17,3,2.5413,3.405,0.157
default port,2,17,3,2.5413,3.405,0.144
related model,2,17,3,2.5413,3.405,0.221
own enumerable,2,17,3,2.5413,3.405,0.415
configuration section,2,17,3,2.5413,3.405,0.146
following test,2,9,3,2.5384,3.405,0.030
up correctly,2,9,3,2.5384,3.405,0.187
sorted array,2,9,3,2.5384,3.405,0.295
copy over,2,9,3,2.5384,3.405,0.203
different result,2,17,3,2.5413,3.405,0.082
existing in,2,17,3,2.5413,3.405,-0.075
simply put,2,9,3,2.5384,3.405,0.299
output more,2,13,3,2.5419,3.405,-0.002
default action,2,13,3,2.5419,3.405,0.071
th element,2,13,3,2.5419,3.405,0.395
other set,2,13,3,2.5419,3.405,-0.023
entire table,2,13,3,2.5419,3.405,0.229
number of other,3,17,3,2.5413,3.405,0.069
want to render,3,17,3,2.5413,3.405,0.147
work in python,3,9,3,2.5384,3.405,0.205
used to return,3,13,3,2.5419,3.405,0.111
selected on,2,9,3,2.5372,3.404,0.084
available see,2,18,2,2.5342,3.404,0.053
order first,2,9,3,2.5372,3.404,0.087
global option,2,9,3,2.5372,3.404,0.136
variable data,2,10,3,2.5354,3.404,0.011
custom serialization,2,9,3,2.5372,3.404,0.316
required otherwise,2,9,3,2.5372,3.404,0.250
specified size,2,10,3,2.5354,3.404,0.179
reflect get,2,18,2,2.5342,3.404,0.293
tag function,2,18,2,2.5342,3.404,0.073
new session,2,18,2,2.5342,3.404,0.133
network request,2,18,2,2.5342,3.404,0.178
go forward,2,14,3,2.5348,3.404,0.352
result instead,2,10,3,2.5354,3.404,0.075
nested data,2,9,3,2.5372,3.404,0.151
first thread,2,6,2,2.5361,3.404,0.108
new future,2,6,2,2.5361,3.404,0.102
arrow pointing,2,6,2,2.5361,3.404,0.516
program now,2,6,2,2.5361,3.404,0.088
appear between,2,6,2,2.5361,3.404,0.241
other name,2,6,2,2.5361,3.404,-0.023
ice cream,2,6,2,2.5361,3.404,0.950
used when running,3,9,3,2.5372,3.404,0.228
want to contribute,3,9,3,2.5372,3.404,0.358
required when using,3,9,3,2.5372,3.404,0.277
writing your own,3,14,3,2.5348,3.404,0.303
match the number,3,10,3,2.5354,3.404,0.210
match the value,3,6,2,2.5361,3.404,0.155
bind the value,3,6,2,2.5361,3.404,0.284
break in,2,10,3,2.5314,3.403,0.001
set appropriately,2,10,3,2.5314,3.403,0.331
proxy url,2,10,3,2.5314,3.403,0.269
simply pass,2,10,3,2.5314,3.403,0.248
media url,2,19,2,2.5284,3.403,0.387
memory exhaustion,2,19,2,2.5284,3.403,0.538
up using,2,19,2,2.5284,3.403,-0.023
fix error,2,19,2,2.5284,3.403,0.055
root commit,2,19,2,2.5284,3.403,0.197
memory manager,2,19,2,2.5284,3.403,0.264
document object,2,19,2,2.5284,3.403,0.139
shebang line,2,19,2,2.5284,3.403,0.455
address the issue,3,10,3,2.5314,3.403,0.342
keep that in,3,6,3,2.5320,3.403,0.266
able to add,3,10,3,2.5314,3.403,0.136
good starting point,3,10,3,2.5314,3.403,0.468
get and set,3,19,2,2.5284,3.403,0.278
new to docker,3,19,2,2.5284,3.403,0.208
remove the container,3,19,2,2.5284,3.403,0.267
automatically include,2,11,3,2.5243,3.402,0.188
login command,2,16,3,2.5220,3.402,0.228
help guide,2,7,4,2.5249,3.402,0.272
especially true,2,11,3,2.5243,3.402,0.278
made using,2,20,2,2.5214,3.402,0.075
request handler,2,20,2,2.5214,3.402,0.206
data storage,2,20,2,2.5214,3.402,0.158
same request,2,7,4,2.5249,3.402,0.044
data during,2,11,3,2.5243,3.402,0.080
user list,2,11,3,2.5243,3.402,0.051
integer primary,2,20,2,2.5214,3.402,0.328
perform validation,2,11,3,2.5243,3.402,0.320
exposed in,2,20,2,2.5214,3.402,0.104
user login,2,11,3,2.5243,3.402,0.245
test support,2,20,2,2.5214,3.402,0.069
more widely,2,16,3,2.5220,3.402,0.294
logic out,2,11,3,2.5243,3.402,0.153
filter method,2,16,3,2.5220,3.402,0.170
similarity between,2,12,2,2.5226,3.402,0.413
now make,2,12,2,2.5226,3.402,0.035
table view,2,11,2,2.5255,3.402,0.150
push origin,2,12,2,2.5226,3.402,0.383
nothing wrong,2,11,2,2.5255,3.402,0.343
make in,2,11,2,2.5255,3.402,-0.163
variable goes,2,12,2,2.5226,3.402,0.239
function works,2,11,2,2.5255,3.402,0.040
value parameter,2,12,2,2.5226,3.402,0.024
path is used,3,20,2,2.5214,3.402,0.149
object define property,3,20,2,2.5214,3.402,0.407
key in object,3,11,3,2.5243,3.402,0.259
script and css,3,11,3,2.5243,3.402,0.446
integer primary key,3,20,2,2.5214,3.402,0.410
time to wait,3,12,2,2.5226,3.402,0.302
git push origin,3,12,2,2.5226,3.402,0.489
code to access,3,11,2,2.5255,3.402,0.111
variable goes out,3,12,2,2.5226,3.402,0.352
syntactically correct,2,8,4,2.5191,3.401,0.492
simple case,2,12,3,2.5185,3.401,0.144
browser extension,2,12,3,2.5185,3.401,0.247
flexible enough,2,8,4,2.5191,3.401,0.476
out using,2,8,4,2.5191,3.401,-0.014
use the class,3,12,3,2.5185,3.401,0.061
want to manage,3,8,4,2.5191,3.401,0.203
show an error,3,8,4,2.5191,3.401,0.208
use the api,3,12,3,2.5185,3.401,0.062
git configuration,2,9,4,2.5121,3.400,0.042
another case,2,9,4,2.5121,3.400,0.090
spot in,2,5,3,2.5127,3.400,0.145
second iteration,2,5,3,2.5127,3.400,0.319
duplicate data,2,9,4,2.5121,3.400,0.221
file needs,2,13,3,2.5115,3.400,0.070
extremely powerful,2,5,3,2.5127,3.400,0.572
different library,2,5,3,2.5127,3.400,0.107
easily add,2,9,4,2.5121,3.400,0.216
without much,2,9,4,2.5121,3.400,0.161
running async,2,5,3,2.5127,3.400,0.157
post type,2,5,3,2.5127,3.400,0.063
program name,2,18,2,2.5091,3.400,0.067
platform support,2,18,2,2.5091,3.400,0.238
certain number,2,18,2,2.5091,3.400,0.198
works as intended,3,5,3,2.5127,3.400,0.486
able to return,3,9,4,2.5121,3.400,0.145
running the test,3,13,3,2.5115,3.400,0.210
need some way,3,9,4,2.5121,3.400,0.353
command to create,3,18,2,2.5091,3.400,0.112
default text,2,14,3,2.5056,3.399,0.058
create context,2,22,2,2.5085,3.399,0.095
based view,2,22,2,2.5085,3.399,0.179
raised during,2,22,2,2.5085,3.399,0.288
component react,2,22,2,2.5085,3.399,0.131
calling array,2,22,2,2.5085,3.399,0.157
most convenient,2,14,3,2.5056,3.399,0.302
urllib request,2,22,2,2.5085,3.399,0.415
build using,2,22,2,2.5085,3.399,-0.026
dialog box,2,10,3,2.5063,3.399,0.447
python without,2,10,3,2.5063,3.399,0.057
heap memory,2,10,3,2.5063,3.399,0.303
another possibility,2,10,3,2.5063,3.399,0.333
memory corruption,2,10,3,2.5063,3.399,0.430
red green,2,10,3,2.5063,3.399,0.662
equal in,2,10,3,2.5063,3.399,0.006
key is specified,3,22,2,2.5085,3.399,0.286
prompt the user,3,14,3,2.5056,3.399,0.317
need to switch,3,10,3,2.5063,3.399,0.206
git to use,3,10,3,2.5063,3.399,0.005
system specific,2,11,4,2.4992,3.398,0.143
active development,2,11,4,2.4992,3.398,0.345
output instead,2,11,4,2.4992,3.398,0.042
without providing,2,15,3,2.4986,3.398,0.271
now start,2,11,4,2.4992,3.398,0.082
library such,2,11,4,2.4992,3.398,0.102
instance using,2,11,4,2.4992,3.398,0.015
started on,2,11,4,2.4992,3.398,0.064
same environment,2,15,3,2.4986,3.398,0.054
cause other,2,11,4,2.4992,3.398,0.122
goes back,2,7,4,2.4998,3.398,0.312
something useful,2,7,4,2.4998,3.398,0.179
name the function,3,11,4,2.4992,3.398,0.074
non empty string,3,15,3,2.4986,3.398,0.352
error will occur,3,15,3,2.4986,3.398,0.378
write and read,3,11,4,2.4992,3.398,0.424
replace the old,3,7,4,2.4998,3.398,0.373
until the new,3,11,4,2.4992,3.398,0.214
self referencing,2,7,2,2.4957,3.397,0.461
error invariant,2,7,2,2.4957,3.397,0.316
string interpolation,2,16,2,2.4928,3.397,0.377
next element,2,16,2,2.4928,3.397,0.181
without getting,2,16,2,2.4928,3.397,0.199
static field,2,16,2,2.4928,3.397,0.175
docker repository,2,16,2,2.4928,3.397,0.066
exactly match,2,16,2,2.4928,3.397,0.240
non integer,2,16,2,2.4928,3.397,0.224
access the database,3,16,2,2.4928,3.397,0.206
way to remove,3,16,2,2.4928,3.397,0.195
context request,2,8,3,2.4887,3.396,0.143
reducer code,2,8,3,2.4887,3.396,0.066
people using,2,13,4,2.4864,3.396,0.111
above method,2,8,2,2.4899,3.396,0.090
same change,2,9,3,2.4870,3.396,0.029
form element,2,8,2,2.4899,3.396,0.185
asynchronous method,2,8,2,2.4899,3.396,0.203
elegant way,2,8,2,2.4899,3.396,0.375
history command,2,9,3,2.4870,3.396,0.191
element inside,2,8,2,2.4899,3.396,0.166
launch json,2,8,2,2.4899,3.396,0.347
thus making,2,9,3,2.4870,3.396,0.336
branch now,2,9,3,2.4870,3.396,0.112
core editor,2,9,3,2.4870,3.396,0.313
help people,2,9,3,2.4870,3.396,0.262
stated above,2,8,2,2.4899,3.396,0.412
level language,2,9,3,2.4870,3.396,0.198
blow up,2,8,2,2.4899,3.396,0.499
close the file,3,13,4,2.4864,3.396,0.300
instead of taking,3,9,3,2.4870,3.396,0.309
using try catch,3,8,2,2.4899,3.396,0.220
needs to implement,3,9,3,2.4870,3.396,0.264
install the python,3,9,3,2.4870,3.396,0.268
version key,2,9,2,2.4817,3.395,0.076
normal test,2,9,2,2.4817,3.395,0.176
registry token,2,9,2,2.4817,3.395,0.300
package information,2,9,3,2.4829,3.395,0.109
above mentioned,2,9,3,2.4829,3.395,0.289
arg flag,2,9,2,2.4817,3.395,0.359
take priority,2,9,2,2.4817,3.395,0.392
existing rule,2,9,2,2.4817,3.395,0.144
const using,2,9,2,2.4817,3.395,0.161
value set,2,17,3,2.4857,3.395,-0.060
import default,2,9,2,2.4817,3.395,0.081
return await,2,9,2,2.4817,3.395,0.223
shared configuration,2,9,2,2.4817,3.395,0.210
remain unchanged,2,17,3,2.4857,3.395,0.579
use fast,2,9,2,2.4817,3.395,0.018
familiarize yourself,2,17,3,2.4857,3.395,0.711
directory app,2,9,2,2.4817,3.395,0.083
without removing,2,9,3,2.4829,3.395,0.262
client post,2,9,2,2.4817,3.395,0.188
fetching logic,2,9,2,2.4817,3.395,0.325
note below,2,9,3,2.4829,3.395,0.146
id index,2,9,2,2.4817,3.395,0.142
setup process,2,9,2,2.4817,3.395,0.241
single call,2,17,3,2.4857,3.395,0.096
specific commit,2,9,3,2.4829,3.395,0.165
server code,2,17,3,2.4857,3.395,-0.041
structured clone,2,9,3,2.4829,3.395,0.490
browser environment variable,3,9,2,2.4817,3.395,0.297
out the following,3,9,3,2.4829,3.395,0.069
class field initializer,3,9,2,2.4817,3.395,0.522
read and maintain,3,9,3,2.4829,3.395,0.460
import the module,3,17,3,2.4857,3.395,0.271
future major release,3,9,2,2.4817,3.395,0.488
prior to version,3,9,3,2.4829,3.395,0.292
put it into,3,9,3,2.4829,3.395,0.350
component to re,3,9,2,2.4817,3.395,0.350
using the module,3,9,3,2.4829,3.395,0.089
following json,2,10,3,2.4758,3.394,0.087
error rather,2,10,3,2.4758,3.394,0.078
receive data,2,10,3,2.4758,3.394,0.160
browser console,2,10,3,2.4758,3.394,0.290
react function,2,10,3,2.4758,3.394,-0.006
first project,2,6,3,2.4765,3.394,0.075
need explicit,2,6,3,2.4765,3.394,0.197
need to type,3,6,3,2.4765,3.394,-0.020
function is returning,3,6,3,2.4765,3.394,0.335
data you need,3,10,3,2.4758,3.394,0.067
toml configuration,2,7,3,2.4694,3.393,0.204
same meaning,2,19,3,2.4729,3.393,0.182
extra functionality,2,7,3,2.4694,3.393,0.289
old name,2,19,3,2.4729,3.393,0.137
request using,2,11,3,2.4700,3.393,-0.001
community member,2,7,3,2.4694,3.393,0.398
call internal,2,7,3,2.4694,3.393,0.187
first key,2,11,3,2.4700,3.393,0.064
generic classes,2,19,3,2.4729,3.393,0.278
set get,2,19,3,2.4729,3.393,-0.014
during runtime,2,11,3,2.4700,3.393,0.240
first bit,2,15,3,2.4735,3.393,0.134
hit enter,2,7,3,2.4706,3.393,0.510
diagram below,2,15,3,2.4735,3.393,0.425
conflict resolution,2,15,3,2.4735,3.393,0.490
using command,2,7,3,2.4706,3.393,-0.047
another problem,2,7,3,2.4706,3.393,0.146
except the last,3,11,3,2.4700,3.393,0.294
same as above,3,11,3,2.4700,3.393,0.270
built in data,3,19,3,2.4729,3.393,0.119
doing this in,3,7,3,2.4706,3.393,0.114
make any sense,3,7,3,2.4706,3.393,0.523
print the message,3,7,3,2.4706,3.393,0.340
pass the result,3,7,3,2.4706,3.393,0.215
set during,2,11,2,2.4688,3.392,0.094
case true,2,11,2,2.4688,3.392,0.094
own configuration,2,11,2,2.4688,3.392,0.141
use security,2,11,2,2.4688,3.392,0.030
own application,2,11,2,2.4688,3.392,0.134
dict instead,2,11,2,2.4688,3.392,0.206
behavior without,2,8,4,2.4636,3.392,0.125
id user,2,11,2,2.4688,3.392,0.106
service worker,2,11,2,2.4688,3.392,0.310
post form,2,11,2,2.4688,3.392,0.187
bit easier,2,8,4,2.4636,3.392,0.286
use nested,2,8,4,2.4636,3.392,0.082
new protocol,2,11,2,2.4688,3.392,0.165
used to link,3,11,2,2.4688,3.392,0.249
command will run,3,11,2,2.4688,3.392,0.256
included as part,3,11,2,2.4688,3.392,0.373
way to know,3,8,4,2.4636,3.392,0.162
use the return,3,8,4,2.4636,3.392,0.055
during the request,3,11,2,2.4688,3.392,0.274
type of file,3,8,4,2.4636,3.392,0.111
used with react,3,11,2,2.4688,3.392,0.257
version installed,2,12,3,2.4630,3.391,0.149
please keep,2,12,3,2.4630,3.391,0.276
required argument,2,12,3,2.4630,3.391,0.181
sending email,2,12,3,2.4630,3.391,0.370
text encoding,2,12,3,2.4630,3.391,0.253
numeric string,2,12,3,2.4630,3.391,0.221
object via,2,21,2,2.4600,3.391,0.079
mainly useful,2,21,2,2.4600,3.391,0.442
health check,2,21,2,2.4600,3.391,0.449
internal use,2,21,2,2.4600,3.391,0.065
network configuration,2,21,2,2.4600,3.391,0.174
name docker,2,21,2,2.4600,3.391,-0.034
alpine based,2,21,2,2.4600,3.391,0.410
variable substitution,2,21,2,2.4600,3.391,0.440
version specific,2,21,2,2.4600,3.391,0.097
docker data,2,21,2,2.4600,3.391,-0.050
leak in,2,21,2,2.4600,3.391,0.118
allocate memory,2,21,2,2.4600,3.391,0.402
userland proxy,2,21,2,2.4600,3.391,0.629
file merge,2,21,2,2.4600,3.391,0.044
mark up,2,21,2,2.4600,3.391,0.221
object first,2,21,2,2.4600,3.391,-0.021
escape character,2,21,2,2.4600,3.391,0.349
range error,2,21,2,2.4600,3.391,0.117
constructor property,2,21,2,2.4600,3.391,0.201
custom object,2,21,2,2.4600,3.391,0.057
time you need,3,12,3,2.4630,3.391,0.094
code you need,3,12,3,2.4630,3.391,0.027
app to use,3,12,3,2.4630,3.391,0.062
easy to create,3,12,3,2.4630,3.391,0.217
bit more complicated,3,12,3,2.4630,3.391,0.452
begun the deprecation,3,21,2,2.4600,3.391,0.762
clone the repository,3,21,2,2.4600,3.391,0.397
piece of memory,3,21,2,2.4600,3.391,0.343
use rustup,2,5,2,2.4572,3.390,0.152
multiple binary,2,5,2,2.4572,3.390,0.194
test help,2,5,2,2.4572,3.390,0.103
authentication information,2,13,2,2.4559,3.390,0.233
target release,2,5,2,2.4572,3.390,0.198
success response,2,5,2,2.4572,3.390,0.318
several built,2,9,3,2.4566,3.390,0.242
different rust,2,5,2,2.4572,3.390,0.075
file tree,2,5,2,2.4572,3.390,0.075
pattern such,2,9,3,2.4566,3.390,0.110
string number,2,13,2,2.4559,3.390,0.033
python data,2,13,2,2.4559,3.390,-0.011
almost identical,2,13,2,2.4559,3.390,0.480
other key,2,9,3,2.4566,3.390,0.039
proxy set,2,13,2,2.4559,3.390,0.152
possible case,2,5,2,2.4572,3.390,0.094
second test,2,5,2,2.4572,3.390,0.112
slice using,2,5,2,2.4572,3.390,0.073
other times,2,13,2,2.4572,3.390,0.120
single class,2,13,2,2.4572,3.390,0.097
output value,2,13,2,2.4572,3.390,-0.032
get full,2,13,2,2.4572,3.390,0.121
brute force,2,13,2,2.4572,3.390,0.688
second query,2,13,2,2.4572,3.390,0.158
existing container,2,13,2,2.4572,3.390,0.172
get docker,2,13,2,2.4572,3.390,-0.026
compatibility mode,2,13,2,2.4572,3.390,0.268
use cargo run,3,5,2,2.4572,3.390,0.191
cargo test help,3,5,2,2.4572,3.390,0.381
value of undefined,3,13,2,2.4559,3.390,0.274
async await syntax,3,13,2,2.4559,3.390,0.452
using the legacy,3,13,2,2.4559,3.390,0.282
desired behavior,2,14,3,2.4501,3.389,0.314
another node,2,10,4,2.4507,3.389,0.133
declared inside,2,14,3,2.4501,3.389,0.251
without further,2,14,3,2.4501,3.389,0.225
persist in,2,14,3,2.4501,3.389,0.142
user password,2,14,3,2.4501,3.389,0.173
up later,2,10,4,2.4507,3.389,0.107
most importantly,2,10,4,2.4507,3.389,0.458
recursive call,2,14,3,2.4501,3.389,0.276
currently defined,2,10,4,2.4507,3.389,0.219
error try,2,6,3,2.4514,3.389,0.045
sole purpose,2,6,3,2.4514,3.389,0.630
git manual,2,6,3,2.4514,3.389,0.221
test fail,2,6,3,2.4514,3.389,0.163
fairly common,2,6,3,2.4514,3.389,0.405
stream using,2,6,3,2.4514,3.389,0.103
possible to avoid,3,14,3,2.4501,3.389,0.219
user and group,3,14,3,2.4501,3.389,0.476
able to give,3,6,3,2.4514,3.389,0.254
get the code,3,6,3,2.4514,3.389,0.064
try to implement,3,6,3,2.4514,3.389,0.257
include the code,3,6,3,2.4514,3.389,0.167
changed the name,3,6,3,2.4514,3.389,0.253
value assigned,2,7,3,2.4443,3.388,0.165
support different,2,11,3,2.4437,3.388,0.088
reduce code,2,7,3,2.4443,3.388,0.147
regex pattern,2,15,2,2.4431,3.388,0.338
option now,2,15,2,2.4431,3.388,0.020
per project,2,7,3,2.4443,3.388,0.205
privileged port,2,15,2,2.4431,3.388,0.492
application based,2,15,2,2.4431,3.388,0.132
server key,2,15,2,2.4431,3.388,0.077
value again,2,7,3,2.4443,3.388,0.074
non test,2,7,3,2.4443,3.388,0.091
array returned,2,15,2,2.4431,3.388,0.152
reserve the right,3,11,3,2.4437,3.388,0.600
early as possible,3,11,3,2.4437,3.388,0.467
possible to define,3,15,2,2.4431,3.388,0.262
code under test,3,7,3,2.4443,3.388,0.342
help you get,3,15,2,2.4431,3.388,0.257
way to build,3,11,3,2.4437,3.388,0.112
vendor folder,2,7,2,2.4402,3.387,0.506
callback based,2,16,3,2.4373,3.387,0.242
other string,2,16,3,2.4373,3.387,-0.014
rest framework,2,7,2,2.4402,3.387,0.349
way more,2,7,2,2.4402,3.387,-0.007
security exception,2,7,2,2.4402,3.387,0.157
hover over,2,16,3,2.4373,3.387,0.489
improved performance,2,16,3,2.4373,3.387,0.387
under heavy,2,16,3,2.4373,3.387,0.491
persistent storage,2,16,3,2.4373,3.387,0.510
further processing,2,16,3,2.4373,3.387,0.395
using add,2,12,3,2.4379,3.387,-0.039
directly rather,2,12,3,2.4379,3.387,0.196
new remote,2,12,3,2.4379,3.387,0.105
produce more,2,12,3,2.4379,3.387,0.170
different character,2,12,3,2.4379,3.387,0.160
new memory,2,12,3,2.4379,3.387,0.064
used to avoid,3,16,3,2.4373,3.387,0.125
transitive dependency,2,8,3,2.4332,3.386,0.508
user needs,2,17,2,2.4302,3.386,0.132
configure git,2,8,3,2.4344,3.386,0.143
possible try,2,8,3,2.4332,3.386,0.141
source directory,2,17,2,2.4302,3.386,0.116
discord server,2,17,2,2.4302,3.386,0.388
name main,2,17,2,2.4302,3.386,0.081
function foo,2,17,2,2.4302,3.386,0.101
octal escape,2,17,2,2.4302,3.386,0.566
react create,2,8,3,2.4344,3.386,0.053
get page,2,8,3,2.4332,3.386,0.079
allow using,2,17,2,2.4302,3.386,0.035
code accordingly,2,8,3,2.4344,3.386,0.249
globally installed,2,8,3,2.4344,3.386,0.413
team behind,2,8,3,2.4332,3.386,0.392
correct place,2,8,3,2.4332,3.386,0.229
admin email,2,17,2,2.4302,3.386,0.332
other parameter,2,13,3,2.4308,3.386,0.056
great tool,2,8,3,2.4332,3.386,0.381
table model,2,8,3,2.4332,3.386,0.127
get logger,2,17,2,2.4302,3.386,0.255
add type,2,9,3,2.4315,3.386,-0.022
particularly helpful,2,9,3,2.4315,3.386,0.480
new plugin,2,8,3,2.4332,3.386,0.098
ascii letter,2,13,3,2.4308,3.386,0.514
test infrastructure,2,8,3,2.4332,3.386,0.306
overall performance,2,9,3,2.4315,3.386,0.402
final state,2,17,2,2.4302,3.386,0.198
user clicking,2,8,3,2.4332,3.386,0.307
change handler,2,17,2,2.4302,3.386,0.188
brief overview,2,13,3,2.4308,3.386,0.635
working version,2,8,3,2.4344,3.386,0.110
starting index,2,5,2,2.4321,3.386,0.214
condition within,2,5,2,2.4321,3.386,0.275
drop on,2,5,2,2.4321,3.386,0.075
using ref,2,5,2,2.4321,3.386,0.098
char type,2,5,2,2.4321,3.386,0.190
pattern within,2,5,2,2.4321,3.386,0.176
async keyword,2,5,2,2.4321,3.386,0.246
non method,2,5,2,2.4321,3.386,0.089
child module,2,5,2,2.4321,3.386,0.201
value against,2,5,2,2.4321,3.386,0.114
bit number,2,5,2,2.4321,3.386,0.154
whole pattern,2,5,2,2.4321,3.386,0.269
width field,2,5,2,2.4321,3.386,0.250
reference returned,2,5,2,2.4321,3.386,0.168
new mock,2,5,2,2.4321,3.386,0.211
lock method,2,5,2,2.4321,3.386,0.162
slice type,2,5,2,2.4321,3.386,0.090
explicitly opt,2,5,2,2.4321,3.386,0.387
box value,2,5,2,2.4321,3.386,0.127
used to disable,3,17,2,2.4302,3.386,0.222
use this feature,3,17,2,2.4302,3.386,0.166
used as part,3,13,3,2.4308,3.386,0.195
between the client,3,13,3,2.4308,3.386,0.225
use the request,3,8,3,2.4332,3.386,0.082
instead of json,3,8,3,2.4332,3.386,0.138
able to catch,3,8,3,2.4344,3.386,0.249
read the contents,3,9,3,2.4315,3.386,0.266
create and update,3,9,3,2.4315,3.386,0.313
starting and ending,3,13,3,2.4308,3.386,0.586
suppose we want,3,9,3,2.4315,3.386,0.370
get the number,3,8,3,2.4344,3.386,0.122
such as select,3,9,3,2.4315,3.386,0.140
know the number,3,5,2,2.4321,3.386,0.200
turn the string,3,5,2,2.4321,3.386,0.338
told to send,3,5,2,2.4321,3.386,0.507
grow or shrink,3,5,2,2.4321,3.386,0.847
value at index,3,5,2,2.4321,3.386,0.317
using the variable,3,5,2,2.4321,3.386,0.086
needs to store,3,5,2,2.4321,3.386,0.213
inside the parentheses,3,5,2,2.4321,3.386,0.391
debugging code,2,9,3,2.4274,3.385,0.126
another alternative,2,9,3,2.4274,3.385,0.277
instead run,2,9,3,2.4274,3.385,0.018
better ways,2,9,3,2.4274,3.385,0.280
more nested,2,9,3,2.4274,3.385,0.153
reference see,2,9,3,2.4274,3.385,0.037
malicious user,2,18,2,2.4244,3.385,0.358
referencing table,2,18,2,2.4244,3.385,0.346
update server,2,18,2,2.4244,3.385,0.082
up docker,2,18,2,2.4244,3.385,0.006
latest image,2,18,2,2.4244,3.385,0.227
database management,2,18,2,2.4244,3.385,0.262
disk size,2,18,2,2.4244,3.385,0.316
committer name,2,18,2,2.4244,3.385,0.337
group id,2,18,2,2.4244,3.385,0.237
more error prone,3,9,3,2.4274,3.385,0.325
primary key value,3,18,2,2.4244,3.385,0.218
go to docker,3,18,2,2.4244,3.385,0.188
source and destination,3,18,2,2.4244,3.385,0.562
support this method,3,18,2,2.4244,3.385,0.267
available version,2,10,3,2.4203,3.384,0.089
using plain,2,10,3,2.4203,3.384,0.124
error due,2,10,3,2.4203,3.384,0.130
scope object,2,10,3,2.4203,3.384,0.051
option use,2,10,3,2.4203,3.384,-0.084
another section,2,6,3,2.4209,3.384,0.153
site using,2,10,3,2.4203,3.384,0.123
simply add,2,10,2,2.4215,3.384,0.177
probably best,2,10,2,2.4215,3.384,0.291
node app,2,10,2,2.4215,3.384,0.115
other directory,2,10,2,2.4215,3.384,0.020
search on,2,10,2,2.4215,3.384,0.030
calling on,2,10,2,2.4215,3.384,0.013
standard deviation,2,11,2,2.4186,3.384,0.558
now you know,3,6,3,2.4209,3.384,0.247
easier to debug,3,10,3,2.4203,3.384,0.342
better off using,3,10,2,2.4215,3.384,0.338
using the array,3,10,2,2.4215,3.384,0.088
setting the property,3,10,2,2.4215,3.384,0.302
like normal,2,11,3,2.4145,3.383,0.141
exact version,2,11,3,2.4145,3.383,0.217
correctly set,2,11,3,2.4145,3.383,0.141
see manage,2,19,2,2.4174,3.383,0.168
works better,2,11,3,2.4145,3.383,0.217
decimal number,2,19,2,2.4174,3.383,0.254
script interpreter,2,11,3,2.4145,3.383,0.236
same group,2,11,3,2.4145,3.383,0.143
first object,2,11,3,2.4145,3.383,-0.023
synchronous function,2,7,4,2.4151,3.383,0.192
exception using,2,11,3,2.4145,3.383,-0.022
take two,2,15,3,2.4180,3.383,0.129
depth first,2,19,2,2.4174,3.383,0.278
info see,2,11,3,2.4145,3.383,0.146
error invalid,2,11,3,2.4145,3.383,0.151
argument name,2,19,2,2.4174,3.383,0.051
mix in,2,15,3,2.4180,3.383,0.111
react community,2,19,2,2.4174,3.383,0.264
biggest difference,2,7,4,2.4151,3.383,0.546
following diagram,2,15,3,2.4180,3.383,0.334
mac book,2,7,4,2.4151,3.383,0.387
enter in,2,7,4,2.4151,3.383,0.021
used to obtain,3,19,2,2.4174,3.383,0.296
content type text,3,19,2,2.4174,3.383,0.380
try to find,3,11,3,2.4145,3.383,0.224
built with react,3,19,2,2.4174,3.383,0.380
use it on,3,7,4,2.4151,3.383,0.063
need to initialize,3,7,4,2.4151,3.383,0.266
changed between,2,12,3,2.4075,3.382,0.200
works similarly,2,12,3,2.4075,3.382,0.325
happen during,2,12,3,2.4075,3.382,0.287
fine tune,2,12,3,2.4075,3.382,0.621
few extra,2,8,4,2.4081,3.382,0.264
retrieve data,2,12,3,2.4075,3.382,0.218
per directory,2,12,3,2.4075,3.382,0.176
switch over,2,12,3,2.4075,3.382,0.275
double or single,3,12,3,2.4075,3.382,0.562
break and continue,3,8,4,2.4081,3.382,0.559
value is assigned,3,8,4,2.4081,3.382,0.289
currently not possible,3,12,3,2.4075,3.382,0.427
used to update,3,12,3,2.4075,3.382,0.139
binary floating,2,21,2,2.4045,3.381,0.396
property instead,2,13,3,2.4017,3.381,0.094
python image,2,21,2,2.4045,3.381,0.077
python using,2,13,3,2.4017,3.381,-0.041
namespace object,2,21,2,2.4045,3.381,0.160
new view,2,13,3,2.4017,3.381,0.065
json see,2,21,2,2.4045,3.381,0.047
rendering logic,2,21,2,2.4045,3.381,0.291
push action,2,21,2,2.4045,3.381,0.234
command such,2,13,3,2.4017,3.381,0.031
start time,2,21,2,2.4045,3.381,0.070
fast enough,2,13,3,2.4017,3.381,0.289
shell session,2,9,3,2.4023,3.381,0.282
code first,2,9,3,2.4023,3.381,-0.058
error text,2,9,3,2.4023,3.381,0.039
commit command,2,17,2,2.4051,3.381,0.094
general tab,2,17,2,2.4051,3.381,0.369
readable way,2,9,3,2.4023,3.381,0.234
long line,2,9,3,2.4023,3.381,0.141
read beyond,2,17,2,2.4051,3.381,0.321
web site,2,9,3,2.4023,3.381,0.289
first string,2,9,3,2.4023,3.381,0.010
stream api,2,9,3,2.4023,3.381,0.187
easy to get,3,13,3,2.4017,3.381,0.206
minimum and maximum,3,21,2,2.4045,3.381,0.667
property whose key,3,21,2,2.4045,3.381,0.488
binary floating point,3,21,2,2.4045,3.381,0.400
create and manage,3,21,2,2.4045,3.381,0.369
out the form,3,21,2,2.4045,3.381,0.240
want to load,3,13,3,2.4017,3.381,0.168
using the above,3,9,3,2.4023,3.381,0.109
quite the same,3,9,3,2.4023,3.381,0.205
set the content,3,9,3,2.4023,3.381,0.206
using the wrong,3,9,3,2.4023,3.381,0.218
calling this function,3,17,2,2.4051,3.381,0.292
surrounding text,2,6,4,2.3958,3.379,0.420
de duplicate,2,14,3,2.3946,3.379,0.536
another location,2,10,4,2.3952,3.379,0.219
script guide,2,14,3,2.3946,3.379,0.208
more discussion,2,10,4,2.3952,3.379,0.241
script module,2,14,3,2.3946,3.379,0.072
entire module,2,10,4,2.3952,3.379,0.203
literal notation,2,14,3,2.3946,3.379,0.431
cannot guarantee,2,14,3,2.3946,3.379,0.352
long form,2,14,3,2.3946,3.379,0.205
readable code,2,6,4,2.3958,3.379,0.152
error status,2,14,3,2.3946,3.379,0.118
different scope,2,6,4,2.3958,3.379,0.111
code completion,2,6,4,2.3958,3.379,0.179
arbitrary object,2,14,3,2.3946,3.379,0.178
define multiple,2,14,3,2.3946,3.379,0.159
different context,2,10,4,2.3952,3.379,0.115
path argument,2,10,4,2.3952,3.379,0.090
insert method,2,6,4,2.3958,3.379,0.181
print statement,2,10,4,2.3952,3.379,0.226
render pass,2,14,3,2.3946,3.379,0.212
well enough,2,10,4,2.3952,3.379,0.259
type something,2,6,4,2.3958,3.379,0.045
level deep,2,10,4,2.3952,3.379,0.350
build and test,3,14,3,2.3946,3.379,0.289
version to use,3,14,3,2.3946,3.379,0.035
use the async,3,6,4,2.3958,3.379,0.125
possible to call,3,6,4,2.3958,3.379,0.182
server to send,3,10,4,2.3952,3.379,0.247
piece of software,3,6,4,2.3958,3.379,0.443
need to open,3,6,4,2.3958,3.379,0.104
level module,2,15,2,2.3888,3.378,0.119
similar question,2,7,2,2.3859,3.378,0.249
another question,2,7,2,2.3859,3.378,0.206
below error,2,7,2,2.3859,3.378,0.078
child thread,2,7,2,2.3859,3.378,0.257
crash using,2,7,2,2.3859,3.378,0.030
source string,2,15,2,2.3888,3.378,0.081
initially set,2,15,2,2.3888,3.378,0.281
more space,2,15,2,2.3888,3.378,0.132
progress dialog,2,7,2,2.3859,3.378,0.480
use visual,2,7,2,2.3859,3.378,0.117
remote name,2,15,2,2.3888,3.378,0.115
gitconfig file,2,15,2,2.3888,3.378,0.377
never throw,2,7,2,2.3859,3.378,0.280
same row,2,15,2,2.3888,3.378,0.119
new dictionary,2,15,2,2.3888,3.378,0.151
derived type,2,7,2,2.3859,3.378,0.205
error mean,2,7,2,2.3859,3.378,0.157
elegant solution,2,7,2,2.3859,3.378,0.493
really know,2,7,2,2.3859,3.378,0.226
action method,2,7,2,2.3859,3.378,0.084
selection process,2,7,2,2.3859,3.378,0.339
native version,2,7,2,2.3859,3.378,0.201
equally well,2,7,2,2.3859,3.378,0.440
find an answer,3,7,2,2.3859,3.378,0.436
match is found,3,15,2,2.3888,3.378,0.383
non thread safe,3,7,2,2.3859,3.378,0.420
kind of object,3,15,2,2.3888,3.378,0.168
create an exception,3,15,2,2.3888,3.378,0.148
response from daemon,3,7,2,2.3859,3.378,0.572
function is declared,3,15,2,2.3888,3.378,0.292
get the stack,3,7,2,2.3859,3.378,0.198
solution that works,3,7,2,2.3859,3.378,0.436
ways to accomplish,3,7,2,2.3859,3.378,0.504
outside the loop,3,7,2,2.3859,3.378,0.334
string url,2,7,2,2.3847,3.377,0.101
more user,2,12,4,2.3824,3.377,-0.000
default name,2,16,3,2.3818,3.377,-0.026
require function,2,7,2,2.3847,3.377,0.086
module code,2,12,4,2.3824,3.377,-0.032
first four,2,12,4,2.3824,3.377,0.249
another directory,2,12,4,2.3824,3.377,0.096
upgrade node,2,7,2,2.3847,3.377,0.278
address instead,2,12,4,2.3824,3.377,0.155
never call,2,16,3,2.3818,3.377,0.142
json request,2,7,2,2.3847,3.377,0.118
json module,2,16,3,2.3818,3.377,0.101
behavior using,2,12,4,2.3824,3.377,0.028
valid python,2,16,3,2.3818,3.377,0.131
error recovery,2,16,3,2.3818,3.377,0.264
whole state,2,7,2,2.3847,3.377,0.193
async flow,2,7,2,2.3847,3.377,0.304
logic such,2,7,2,2.3847,3.377,0.133
take multiple,2,12,4,2.3824,3.377,0.146
specific string,2,16,3,2.3818,3.377,0.074
written like,2,12,4,2.3824,3.377,0.103
step further,2,8,3,2.3830,3.377,0.340
use the format,3,12,4,2.3824,3.377,0.100
condition is false,3,12,4,2.3824,3.377,0.422
means the same,3,12,4,2.3824,3.377,0.081
return the next,3,16,3,2.3818,3.377,0.158
until you explicitly,3,8,3,2.3830,3.377,0.467
two different ways,3,8,3,2.3830,3.377,0.337
create an iterator,3,8,3,2.3830,3.377,0.274
info json,2,8,2,2.3777,3.376,0.228
host platform,2,8,2,2.3777,3.376,0.292
local version,2,8,2,2.3777,3.376,0.105
credential manager,2,8,3,2.3789,3.376,0.410
tree ast,2,8,2,2.3777,3.376,0.313
ignore class,2,8,2,2.3777,3.376,0.156
false ignore,2,8,2,2.3777,3.376,0.232
parser instead,2,8,2,2.3777,3.376,0.191
performance hit,2,8,3,2.3789,3.376,0.421
false allow,2,8,2,2.3777,3.376,0.194
ignore function,2,8,2,2.3777,3.376,0.071
evaluated relative,2,8,2,2.3777,3.376,0.406
database model,2,8,2,2.3777,3.376,0.125
compare digest,2,8,2,2.3777,3.376,0.506
model configuration,2,8,2,2.3777,3.376,0.119
app instance,2,8,2,2.3777,3.376,0.113
get exactly,2,8,3,2.3789,3.376,0.152
application setup,2,8,2,2.3777,3.376,0.203
setup method,2,8,2,2.3777,3.376,0.163
validate against,2,8,2,2.3777,3.376,0.356
code elimination,2,8,2,2.3777,3.376,0.398
fixture path,2,8,2,2.3777,3.376,0.213
error detail,2,8,2,2.3777,3.376,0.163
range start,2,8,2,2.3777,3.376,0.213
store into,2,8,2,2.3777,3.376,0.075
props function,2,8,2,2.3777,3.376,0.138
api object,2,8,2,2.3777,3.376,-0.003
full bundle,2,8,2,2.3777,3.376,0.342
request header,2,8,3,2.3789,3.376,0.201
build the local,3,8,2,2.3777,3.376,0.219
change to add,3,8,2,2.3777,3.376,0.165
syntax tree ast,3,8,2,2.3777,3.376,0.582
practice to avoid,3,8,2,2.3777,3.376,0.350
sure to add,3,8,3,2.3789,3.376,0.230
affect the most,3,8,2,2.3777,3.376,0.357
update your configuration,3,8,2,2.3777,3.376,0.342
api is based,3,8,2,2.3777,3.376,0.335
get the result,3,8,3,2.3789,3.376,0.125
showing an error,3,8,3,2.3789,3.376,0.305
user is logged,3,8,3,2.3789,3.376,0.448
type error cannot,3,8,3,2.3789,3.376,0.371
dead code elimination,3,8,2,2.3777,3.376,0.820
referencing the function,3,8,2,2.3777,3.376,0.360
sure you understand,3,8,3,2.3789,3.376,0.403
using this approach,3,8,3,2.3789,3.376,0.212
os level,2,18,3,2.3689,3.375,0.229
two factor,2,18,3,2.3689,3.375,0.381
maximum amount,2,18,3,2.3689,3.375,0.400
point arithmetic,2,18,3,2.3689,3.375,0.395
path used,2,18,3,2.3689,3.375,0.001
manager like,2,9,3,2.3719,3.375,0.146
cpu memory,2,18,3,2.3689,3.375,0.316
app like,2,9,3,2.3719,3.375,0.019
command instead,2,18,3,2.3689,3.375,0.027
rendering in,2,18,3,2.3689,3.375,-0.008
format see,2,18,3,2.3689,3.375,0.054
allow access,2,18,3,2.3689,3.375,0.148
node application,2,9,3,2.3719,3.375,0.112
extra step,2,9,3,2.3719,3.375,0.280
new tab,2,18,3,2.3689,3.375,0.180
multi part,2,18,3,2.3689,3.375,0.279
following form,2,18,3,2.3689,3.375,0.105
same port,2,14,3,2.3695,3.375,0.140
graphical interface,2,14,3,2.3695,3.375,0.513
more careful,2,14,3,2.3695,3.375,0.235
need to show,3,9,3,2.3719,3.375,0.123
return an iterator,3,14,3,2.3695,3.375,0.294
run rustc,2,6,2,2.3654,3.374,0.212
automatically fix,2,6,2,2.3654,3.374,0.167
cargo needs,2,6,2,2.3654,3.374,0.122
via cargo,2,6,2,2.3654,3.374,0.124
please ask,2,6,2,2.3654,3.374,0.358
get syntax,2,10,3,2.3660,3.374,0.078
look more,2,10,3,2.3660,3.374,0.059
literal type,2,6,2,2.3654,3.374,0.137
incoming data,2,10,2,2.3648,3.374,0.290
static directory,2,10,2,2.3648,3.374,0.156
task object,2,10,3,2.3660,3.374,0.136
digest authentication,2,10,2,2.3648,3.374,0.485
hub git,2,10,2,2.3648,3.374,0.113
warning filter,2,10,2,2.3648,3.374,0.307
return err,2,6,2,2.3654,3.374,0.252
builder build,2,10,2,2.3648,3.374,0.262
output mode,2,6,2,2.3654,3.374,0.097
code yourself,2,6,2,2.3654,3.374,0.150
actual state,2,10,2,2.3648,3.374,0.164
mock api,2,10,2,2.3648,3.374,0.262
state function,2,10,2,2.3648,3.374,-0.047
next middleware,2,10,2,2.3648,3.374,0.213
desired effect,2,10,3,2.3660,3.374,0.347
think in,2,10,3,2.3660,3.374,-0.037
single run,2,10,2,2.3648,3.374,0.059
server implementation,2,6,2,2.3654,3.374,0.131
state otherwise,2,10,2,2.3648,3.374,0.136
recently started,2,10,3,2.3660,3.374,0.438
time trying,2,6,3,2.3667,3.374,0.122
big question,2,6,3,2.3667,3.374,0.332
feature is enabled,3,10,2,2.3648,3.374,0.358
package the binary,3,6,2,2.3654,3.374,0.321
package is installed,3,10,2,2.3648,3.374,0.356
use the executable,3,6,2,2.3654,3.374,0.225
attempt to modify,3,10,3,2.3660,3.374,0.378
unless you need,3,10,3,2.3660,3.374,0.248
change the message,3,10,3,2.3660,3.374,0.209
way to take,3,6,3,2.3667,3.374,0.177
find the error,3,6,3,2.3667,3.374,0.171
initialize an array,3,6,3,2.3667,3.374,0.395
want the default,3,6,3,2.3667,3.374,0.057
get this output,3,6,3,2.3667,3.374,0.283
finished running,2,7,4,2.3596,3.373,0.308
framework like,2,11,3,2.3590,3.373,0.141
file modification,2,11,3,2.3590,3.373,0.259
exec form,2,11,3,2.3590,3.373,0.317
post method,2,11,3,2.3590,3.373,0.100
other library,2,7,4,2.3596,3.373,0.058
url method,2,11,3,2.3590,3.373,0.105
means less,2,7,4,2.3596,3.373,0.233
per field,2,11,3,2.3590,3.373,0.188
few special,2,7,4,2.3596,3.373,0.272
use option,2,7,4,2.3596,3.373,-0.086
note when using,3,11,3,2.3590,3.373,0.188
file to run,3,11,3,2.3590,3.373,0.070
look the same,3,7,4,2.3596,3.373,0.076
rather than waiting,3,11,3,2.3590,3.373,0.349
use this approach,3,11,3,2.3590,3.373,0.173
achieve the desired,3,7,4,2.3596,3.373,0.514
make the function,3,7,4,2.3596,3.373,0.102
add some additional,3,7,4,2.3596,3.373,0.354
easily use,2,8,3,2.3526,3.372,0.100
more state,2,8,3,2.3526,3.372,-0.015
query expression,2,20,2,2.3560,3.372,0.137
never need,2,12,2,2.3532,3.372,0.105
using select,2,12,2,2.3532,3.372,0.026
configured correctly,2,12,2,2.3532,3.372,0.326
null constraint,2,20,2,2.3560,3.372,0.311
process exception,2,12,2,2.3532,3.372,0.110
intermediate level,2,20,2,2.3560,3.372,0.352
other event,2,12,2,2.3532,3.372,0.105
file sync,2,12,2,2.3532,3.372,0.179
compose project,2,20,2,2.3560,3.372,0.186
start over,2,12,2,2.3532,3.372,0.157
client authentication,2,20,2,2.3560,3.372,0.267
specific image,2,20,2,2.3560,3.372,0.134
git history,2,12,2,2.3532,3.372,0.167
remote host,2,20,2,2.3560,3.372,0.242
git editor,2,20,2,2.3560,3.372,0.170
actual number,2,20,2,2.3560,3.372,0.185
value corresponding,2,20,2,2.3560,3.372,0.129
semantically equivalent,2,20,2,2.3560,3.372,0.552
non writable,2,20,2,2.3560,3.372,0.392
parse float,2,20,2,2.3560,3.372,0.416
time specified,2,20,2,2.3560,3.372,0.056
optimize away,2,12,2,2.3532,3.372,0.496
render prop,2,12,2,2.3532,3.372,0.369
rather than writing,3,8,3,2.3526,3.372,0.240
number of significant,3,20,2,2.3560,3.372,0.327
using the specified,3,20,2,2.3560,3.372,0.107
message from git,3,20,2,2.3560,3.372,0.355
wrapping it in,3,12,2,2.3532,3.372,0.291
event is fired,3,12,2,2.3532,3.372,0.592
component will unmount,3,20,2,2.3560,3.372,0.567
metadata such,2,12,2,2.3520,3.371,0.203
considered valid,2,12,2,2.3520,3.371,0.296
const let,2,12,2,2.3520,3.371,0.338
automatically add,2,12,2,2.3520,3.371,0.102
longer available,2,12,2,2.3520,3.371,0.192
unnecessary re,2,12,2,2.3520,3.371,0.353
other middleware,2,12,2,2.3520,3.371,0.114
more idiomatic,2,5,3,2.3474,3.371,0.291
time around,2,5,3,2.3474,3.371,0.132
second reason,2,5,3,2.3474,3.371,0.234
real program,2,5,3,2.3474,3.371,0.233
almost anything,2,5,3,2.3474,3.371,0.362
async programming,2,5,3,2.3474,3.371,0.268
rich text,2,5,3,2.3474,3.371,0.428
use the env,3,12,2,2.3520,3.371,0.200
marked as such,3,12,2,2.3520,3.371,0.308
option to false,3,12,2,2.3520,3.371,0.249
using and await,3,12,2,2.3520,3.371,0.292
during the last,3,12,2,2.3520,3.371,0.243
encoding to use,3,12,2,2.3520,3.371,0.194
state in response,3,12,2,2.3520,3.371,0.310
want to bind,3,5,3,2.3474,3.371,0.219
new to programming,3,5,3,2.3474,3.371,0.413
subtle difference between,3,5,3,2.3474,3.371,0.537
rather than calling,3,5,3,2.3474,3.371,0.232
print the result,3,5,3,2.3474,3.371,0.260
needs more,2,9,4,2.3468,3.370,0.083
machine using,2,13,3,2.3461,3.370,0.102
say in,2,9,4,2.3468,3.370,-0.034
separate line,2,9,4,2.3468,3.370,0.157
first table,2,9,4,2.3468,3.370,0.064
long way,2,9,4,2.3468,3.370,0.131
configuration setting,2,13,3,2.3461,3.370,0.147
functionally equivalent,2,13,3,2.3461,3.370,0.590
field using,2,9,4,2.3468,3.370,-0.009
support many,2,9,4,2.3468,3.370,0.118
own set,2,13,3,2.3461,3.370,0.073
progress indicator,2,13,3,2.3461,3.370,0.567
less memory,2,13,3,2.3461,3.370,0.231
three separate,2,9,4,2.3468,3.370,0.270
time based,2,13,3,2.3461,3.370,0.084
time out,2,13,3,2.3461,3.370,0.036
command is run,3,13,3,2.3461,3.370,0.255
ready to go,3,13,3,2.3461,3.370,0.386
able to take,3,9,4,2.3468,3.370,0.207
forget to use,3,9,4,2.3468,3.370,0.231
much more complicated,3,9,4,2.3468,3.370,0.443
code will continue,3,9,4,2.3468,3.370,0.231
set of data,3,13,3,2.3461,3.370,0.127
needs to call,3,9,4,2.3468,3.370,0.169
metadata file,2,14,2,2.3391,3.369,0.137
ensure compatibility,2,14,2,2.3391,3.369,0.323
return different,2,14,2,2.3391,3.369,0.051
numeric literal,2,14,2,2.3391,3.369,0.391
resulting object,2,14,2,2.3391,3.369,0.177
pattern used,2,10,3,2.3397,3.369,0.056
syntactically valid,2,14,2,2.3391,3.369,0.504
now considered,2,6,3,2.3403,3.369,0.188
like now,2,6,3,2.3403,3.369,-0.018
secret name,2,14,2,2.3391,3.369,0.214
logger name,2,14,2,2.3391,3.369,0.244
list field,2,6,3,2.3403,3.369,0.071
help prevent,2,10,3,2.3397,3.369,0.262
welcome message,2,14,2,2.3391,3.369,0.381
usage pattern,2,14,2,2.3391,3.369,0.230
output the following,3,6,3,2.3403,3.369,0.042
text or binary,3,14,2,2.3391,3.369,0.491
lead to security,3,6,3,2.3403,3.369,0.351
attempt to provide,3,14,2,2.3391,3.369,0.306
included by default,3,14,2,2.3391,3.369,0.233
create the new,3,10,3,2.3397,3.369,0.097
need to customize,3,14,2,2.3391,3.369,0.247
possible to put,3,6,3,2.3403,3.369,0.285
primary use,2,15,3,2.3333,3.368,0.089
running multiple,2,15,3,2.3333,3.368,0.107
python see,2,15,3,2.3333,3.368,-0.005
python method,2,15,3,2.3333,3.368,0.017
url scheme,2,15,3,2.3333,3.368,0.368
put on,2,15,3,2.3333,3.368,0.027
message instead,2,15,3,2.3333,3.368,0.083
chain in,2,15,3,2.3333,3.368,0.017
many relationship,2,15,3,2.3333,3.368,0.356
same day,2,15,3,2.3333,3.368,0.177
increase in,2,15,3,2.3333,3.368,0.077
installation directory,2,11,3,2.3339,3.368,0.234
push on,2,11,3,2.3339,3.368,0.048
see the description,3,15,3,2.3333,3.368,0.254
class to use,3,15,3,2.3333,3.368,0.042
avoid this problem,3,15,3,2.3333,3.368,0.348
starting with python,3,15,3,2.3333,3.368,0.279
need to allocate,3,11,3,2.3339,3.368,0.327
make several,2,7,2,2.3292,3.367,0.160
key used,2,16,2,2.3262,3.367,0.023
push access,2,16,2,2.3262,3.367,0.210
fixed code,2,7,2,2.3292,3.367,0.029
allow separate,2,7,2,2.3292,3.367,0.223
hard time,2,7,3,2.3304,3.367,0.204
context protocol,2,16,2,2.3262,3.367,0.269
handle large,2,8,3,2.3275,3.367,0.260
previously defined,2,12,3,2.3269,3.367,0.266
previously known,2,7,2,2.3292,3.367,0.360
local network,2,16,2,2.3262,3.367,0.202
most database,2,8,3,2.3275,3.367,0.112
explicitly add,2,8,3,2.3275,3.367,0.158
using query,2,16,2,2.3262,3.367,-0.006
special object,2,16,2,2.3262,3.367,0.100
write async,2,7,2,2.3292,3.367,0.160
upload folder,2,7,2,2.3292,3.367,0.423
bug free,2,7,3,2.3304,3.367,0.301
type list,2,8,3,2.3275,3.367,-0.016
field order,2,16,2,2.3262,3.367,0.119
fully understand,2,7,3,2.3304,3.367,0.367
remains valid,2,8,3,2.3275,3.367,0.399
recent call,2,16,2,2.3262,3.367,0.246
thread exception,2,7,3,2.3304,3.367,0.125
monkey patch,2,7,3,2.3304,3.367,0.608
compatible string,2,7,2,2.3292,3.367,0.190
component using,2,16,2,2.3262,3.367,0.022
help simplify,2,7,2,2.3292,3.367,0.362
function create,2,16,2,2.3262,3.367,-0.053
app listening,2,7,2,2.3292,3.367,0.348
closer look,2,8,3,2.3275,3.367,0.443
enough space,2,8,3,2.3275,3.367,0.332
operation instead,2,8,3,2.3275,3.367,0.148
change made,2,8,3,2.3275,3.367,0.162
env production,2,7,2,2.3292,3.367,0.342
disable the rule,3,7,2,2.3292,3.367,0.333
remain the same,3,16,2,2.3262,3.367,0.253
name by default,3,8,3,2.3275,3.367,0.072
data is invalid,3,7,2,2.3292,3.367,0.294
deploy to other,3,7,2,2.3292,3.367,0.418
expected to return,3,16,2,2.3262,3.367,0.274
over the wire,3,16,2,2.3262,3.367,0.528
call the handler,3,7,2,2.3292,3.367,0.331
most recent call,3,16,2,2.3262,3.367,0.329
lot of code,3,7,3,2.3304,3.367,0.118
library to use,3,8,3,2.3275,3.367,0.087
more succinct,2,8,3,2.3234,3.366,0.436
debug in,2,8,3,2.3234,3.366,-0.044
message property,2,8,3,2.3234,3.366,0.133
fetch mode,2,17,2,2.3204,3.366,0.225
select on,2,17,2,2.3204,3.366,-0.022
scientific notation,2,17,2,2.3204,3.366,0.669
official docker,2,17,2,2.3204,3.366,0.199
block size,2,17,2,2.3204,3.366,0.199
other branch,2,17,2,2.3204,3.366,0.082
buffer in,2,17,2,2.3204,3.366,0.000
memory area,2,17,2,2.3204,3.366,0.328
react developer,2,17,2,2.3204,3.366,0.260
convert the object,3,8,3,2.3234,3.366,0.261
using the second,3,8,3,2.3234,3.366,0.080
system user name,3,17,2,2.3204,3.366,0.370
package version,2,9,3,2.3163,3.365,0.075
help improve,2,9,3,2.3163,3.365,0.309
build dependency,2,9,3,2.3163,3.365,0.132
method get,2,9,3,2.3163,3.365,-0.002
development branch,2,9,3,2.3163,3.365,0.232
next available,2,9,3,2.3163,3.365,0.147
support legacy,2,9,3,2.3163,3.365,0.284
explicitly use,2,9,3,2.3163,3.365,0.047
post build,2,9,3,2.3163,3.365,0.120
next action,2,9,3,2.3163,3.365,0.160
correct syntax,2,9,2,2.3176,3.365,0.175
blog entry,2,9,2,2.3176,3.365,0.370
error unless,2,9,2,2.3176,3.365,0.125
same situation,2,9,2,2.3176,3.365,0.193
object representation,2,9,2,2.3176,3.365,0.169
container like,2,9,2,2.3176,3.365,0.034
record into,2,9,2,2.3176,3.365,0.199
following simple,2,9,2,2.3176,3.365,0.132
name lookup,2,9,2,2.3176,3.365,0.212
first array,2,9,2,2.3176,3.365,0.044
similar error,2,9,2,2.3176,3.365,0.074
simple program,2,9,2,2.3176,3.365,0.188
render props,2,9,2,2.3176,3.365,0.320
used as well,3,9,3,2.3163,3.365,0.083
easy to test,3,9,3,2.3163,3.365,0.213
type of function,3,9,3,2.3163,3.365,0.092
specific use case,3,9,3,2.3163,3.365,0.310
up the application,3,9,3,2.3163,3.365,0.180
returning the value,3,9,3,2.3163,3.365,0.245
use this in,3,9,2,2.3176,3.365,-0.002
sort of thing,3,9,2,2.3176,3.365,0.454
promise to settle,3,9,2,2.3176,3.365,0.667
use curly braces,3,9,2,2.3176,3.365,0.236
script see,2,10,3,2.3105,3.364,0.015
using see,2,10,3,2.3105,3.364,-0.077
default profile,2,18,2,2.3134,3.364,0.167
optional configuration,2,18,2,2.3134,3.364,0.190
first function,2,10,3,2.3105,3.364,-0.048
message text,2,18,2,2.3134,3.364,0.129
bit floating,2,18,2,2.3134,3.364,0.376
closing parenthesis,2,10,3,2.3105,3.364,0.634
simply remove,2,10,3,2.3105,3.364,0.264
python packaging,2,18,2,2.3134,3.364,0.311
view instead,2,10,3,2.3105,3.364,0.107
directory instead,2,14,3,2.3140,3.364,0.053
same instance,2,10,3,2.3105,3.364,0.052
filesystem path,2,14,3,2.3140,3.364,0.235
hot reload,2,10,3,2.3105,3.364,0.562
easier way,2,10,3,2.3105,3.364,0.173
big part,2,6,4,2.3111,3.364,0.268
different semantics,2,14,3,2.3140,3.364,0.269
hash method,2,10,2,2.3146,3.364,0.164
way to extend,3,10,3,2.3105,3.364,0.327
use an object,3,10,3,2.3105,3.364,0.021
typical use case,3,10,3,2.3105,3.364,0.475
want to assign,3,10,3,2.3105,3.364,0.224
bit floating point,3,18,2,2.3134,3.364,0.379
include them in,3,10,3,2.3105,3.364,0.295
create the database,3,10,3,2.3105,3.364,0.145
change the type,3,6,4,2.3111,3.364,0.105
see the python,3,18,2,2.3134,3.364,0.093
pending deprecation warning,3,18,2,2.3134,3.364,0.594
note that unlike,3,18,2,2.3134,3.364,0.295
second and third,3,10,2,2.3146,3.364,0.552
command to check,3,10,2,2.3146,3.364,0.175
null the result,3,10,2,2.3146,3.364,0.225
library using,2,7,4,2.3041,3.363,0.015
better alternative,2,7,4,2.3041,3.363,0.336
intended behavior,2,7,4,2.3041,3.363,0.269
make it hard,3,7,4,2.3041,3.363,0.393
lot of different,3,7,4,2.3041,3.363,0.212
want to report,3,7,4,2.3041,3.363,0.170
reading the code,3,7,4,2.3041,3.363,0.223
test will fail,3,7,4,2.3041,3.363,0.283
list as well,3,7,4,2.3041,3.363,0.133
gnu make,2,11,3,2.3035,3.362,0.342
first level,2,20,2,2.3005,3.362,0.090
case folding,2,20,2,2.3005,3.362,0.475
enable support,2,11,3,2.3035,3.362,0.194
create task,2,20,2,2.3005,3.362,0.171
statement level,2,20,2,2.3005,3.362,0.174
core cache,2,20,2,2.3005,3.362,0.238
os user,2,11,3,2.3035,3.362,0.166
single change,2,20,2,2.3005,3.362,0.100
call root,2,20,2,2.3005,3.362,0.129
edit form,2,20,2,2.3005,3.362,0.257
commit amend,2,20,2,2.3005,3.362,0.509
meta resolve,2,20,2,2.3005,3.362,0.407
migrate command,2,16,2,2.3011,3.362,0.278
case set,2,16,2,2.3011,3.362,0.008
minimum required,2,16,2,2.3011,3.362,0.356
return exactly,2,16,2,2.3011,3.362,0.178
local development environment,3,20,2,2.3005,3.362,0.426
anyone can add,3,20,2,2.3005,3.362,0.414
important to add,3,20,2,2.3005,3.362,0.255
match the specified,3,11,3,2.3035,3.362,0.256
using the format,3,20,2,2.3005,3.362,0.119
option is enabled,3,11,3,2.3035,3.362,0.263
want to generate,3,11,3,2.3035,3.362,0.164
used to execute,3,20,2,2.3005,3.362,0.201
start or end,3,20,2,2.3005,3.362,0.465
read the same,3,11,3,2.3035,3.362,0.056
import meta resolve,3,20,2,2.3005,3.362,0.520
unlike most other,3,16,2,2.3011,3.362,0.402
value to another,3,16,2,2.3011,3.362,0.181
run via,2,12,3,2.2977,3.361,0.101
manually remove,2,12,3,2.2977,3.361,0.270
triggered in,2,12,3,2.2977,3.361,0.090
main loop,2,12,3,2.2977,3.361,0.182
timezone aware,2,12,3,2.2977,3.361,0.501
laid out,2,12,3,2.2977,3.361,0.526
most obvious,2,12,3,2.2977,3.361,0.337
non local,2,12,3,2.2977,3.361,0.164
control in,2,8,3,2.2983,3.361,-0.076
look good,2,8,3,2.2983,3.361,0.202
way out,2,8,3,2.2983,3.361,0.049
worked out,2,8,3,2.2983,3.361,0.273
like something,2,8,3,2.2983,3.361,0.054
stream into,2,8,3,2.2983,3.361,0.161
work well in,3,12,3,2.2977,3.361,0.133
need to connect,3,12,3,2.2977,3.361,0.188
likely to get,3,12,3,2.2977,3.361,0.276
same is true,3,12,3,2.2977,3.361,0.223
through the array,3,12,3,2.2977,3.361,0.210
against each other,3,8,3,2.2983,3.361,0.393
get the effect,3,8,3,2.2983,3.361,0.247
gone through,2,13,3,2.2906,3.360,0.404
disable auto,2,13,3,2.2906,3.360,0.339
type mismatch,2,9,4,2.2912,3.360,0.331
type see,2,13,3,2.2906,3.360,-0.060
return multiple,2,13,3,2.2906,3.360,0.075
server without,2,9,4,2.2912,3.360,0.058
see exactly,2,9,4,2.2912,3.360,0.135
way without,2,5,4,2.2919,3.360,0.049
bin python,2,13,3,2.2906,3.360,0.251
request such,2,5,4,2.2919,3.360,0.073
get list,2,13,3,2.2906,3.360,0.016
post processing,2,13,3,2.2906,3.360,0.301
now print,2,5,4,2.2919,3.360,0.138
current number,2,5,4,2.2919,3.360,0.086
organized into,2,9,4,2.2912,3.360,0.347
component inside,2,13,3,2.2906,3.360,0.144
want to pay,3,5,4,2.2919,3.360,0.325
using the version,3,13,3,2.2906,3.360,0.067
want to commit,3,5,4,2.2919,3.360,0.096
string is used,3,13,3,2.2906,3.360,0.113
using the iterator,3,5,4,2.2919,3.360,0.161
instead of reading,3,13,3,2.2906,3.360,0.239
able to evaluate,3,5,4,2.2919,3.360,0.370
store them in,3,9,4,2.2912,3.360,0.276
control the order,3,13,3,2.2906,3.360,0.325
provide your own,3,13,3,2.2906,3.360,0.269
type to represent,3,5,4,2.2919,3.360,0.258
type in order,3,5,4,2.2919,3.360,0.110
media root,2,14,2,2.2848,3.359,0.380
brew install,2,14,2,2.2848,3.359,0.496
other language,2,14,2,2.2848,3.359,0.092
call without,2,14,2,2.2848,3.359,0.061
now able,2,14,2,2.2848,3.359,0.119
installation process,2,14,2,2.2848,3.359,0.275
everything inside,2,14,2,2.2848,3.359,0.226
host os,2,14,2,2.2848,3.359,0.259
out branch,2,14,2,2.2848,3.359,0.134
ascii character,2,14,2,2.2848,3.359,0.372
main advantage,2,14,2,2.2848,3.359,0.325
select into,2,14,2,2.2848,3.359,0.087
last error,2,14,2,2.2848,3.359,0.072
generator expression,2,14,2,2.2848,3.359,0.282
parser module,2,14,2,2.2848,3.359,0.202
top level module,3,14,2,2.2848,3.359,0.237
given the following,3,14,2,2.2848,3.359,0.107
using docker in,3,14,2,2.2848,3.359,0.075
checked out branch,3,14,2,2.2848,3.359,0.440
top level code,3,14,2,2.2848,3.359,0.134
name specified,2,15,3,2.2778,3.358,0.042
new build,2,15,3,2.2778,3.358,-0.001
other kind,2,11,4,2.2784,3.358,0.147
expression using,2,11,4,2.2784,3.358,0.027
previous command,2,11,4,2.2784,3.358,0.138
time during,2,15,3,2.2778,3.358,0.100
timed out,2,15,3,2.2778,3.358,0.476
model classes,2,15,3,2.2778,3.358,0.198
tried in,2,15,3,2.2778,3.358,-0.038
run until,2,15,3,2.2778,3.358,0.131
error info,2,15,3,2.2778,3.358,0.130
otherwise return,2,15,3,2.2778,3.358,0.148
generic way,2,11,4,2.2784,3.358,0.151
previously returned,2,11,4,2.2784,3.358,0.302
data other,2,7,3,2.2790,3.358,-0.047
absolutely nothing,2,7,3,2.2790,3.358,0.483
file given,2,7,3,2.2790,3.358,0.038
recursive data,2,7,3,2.2790,3.358,0.214
way to recover,3,7,3,2.2790,3.358,0.370
access and modify,3,7,3,2.2790,3.358,0.459
function by using,3,7,3,2.2790,3.358,0.107
work this way,3,7,3,2.2790,3.358,0.236
supposed to return,3,7,3,2.2790,3.358,0.296
really easy,2,7,3,2.2749,3.357,0.309
new standard,2,7,3,2.2749,3.357,0.053
code less,2,7,3,2.2749,3.357,0.075
really bad,2,7,3,2.2749,3.357,0.358
scroll down,2,7,3,2.2749,3.357,0.467
simplified version,2,7,3,2.2749,3.357,0.332
went through,2,7,3,2.2749,3.357,0.389
different exception,2,7,3,2.2749,3.357,0.058
create class,2,7,3,2.2749,3.357,0.030
hierarchical data,2,7,3,2.2749,3.357,0.383
deep clone,2,7,3,2.2749,3.357,0.438
value map,2,7,3,2.2749,3.357,0.084
trying to debug,3,7,3,2.2749,3.357,0.270
make the app,3,7,3,2.2749,3.357,0.188
package without,2,8,3,2.2679,3.356,0.090
home user,2,8,3,2.2679,3.356,0.215
external library,2,8,3,2.2679,3.356,0.224
taking into,2,8,3,2.2679,3.356,0.236
simple function,2,8,3,2.2679,3.356,0.057
iteration order,2,8,3,2.2679,3.356,0.278
new id,2,8,3,2.2679,3.356,0.053
project run,2,8,3,2.2679,3.356,0.053
add an additional,3,8,3,2.2679,3.356,0.283
script using,2,17,3,2.2649,3.355,-0.025
such thing,2,9,3,2.2621,3.355,0.180
removed support,2,17,3,2.2649,3.355,0.179
given pattern,2,17,3,2.2649,3.355,0.162
without doing,2,17,3,2.2649,3.355,0.170
new page,2,17,3,2.2649,3.355,0.053
configured on,2,17,3,2.2649,3.355,0.066
see object,2,17,3,2.2649,3.355,-0.055
simply ignore,2,9,3,2.2621,3.355,0.282
cfg file,2,17,3,2.2649,3.355,0.209
new compose,2,17,3,2.2649,3.355,0.097
key file,2,17,3,2.2649,3.355,0.006
simple command,2,9,3,2.2621,3.355,0.118
dictionary key,2,17,3,2.2649,3.355,0.221
see commit,2,9,3,2.2621,3.355,0.065
different port,2,9,3,2.2621,3.355,0.177
css classes,2,17,3,2.2649,3.355,0.270
non browser,2,17,3,2.2649,3.355,0.192
non native,2,17,3,2.2649,3.355,0.258
take more,2,13,3,2.2655,3.355,0.066
up code,2,13,3,2.2655,3.355,-0.043
commit without,2,13,3,2.2655,3.355,0.121
option git,2,13,3,2.2655,3.355,-0.007
perfectly safe,2,5,2,2.2627,3.355,0.446
wrong version,2,5,2,2.2627,3.355,0.183
particular key,2,5,2,2.2627,3.355,0.174
reference like,2,5,2,2.2627,3.355,0.024
overloading in,2,5,2,2.2627,3.355,0.176
python console,2,5,2,2.2627,3.355,0.183
two factor authentication,3,17,3,2.2649,3.355,0.519
floating point arithmetic,3,17,3,2.2649,3.355,0.560
most efficient way,3,9,3,2.2621,3.355,0.449
used to describe,3,17,3,2.2649,3.355,0.303
way to force,3,9,3,2.2621,3.355,0.279
remove the first,3,9,3,2.2621,3.355,0.160
see the first,3,5,2,2.2627,3.355,0.036
like the code,3,5,2,2.2627,3.355,0.043
out the documentation,3,5,2,2.2627,3.355,0.226
code is trying,3,5,2,2.2627,3.355,0.274
supposed to happen,3,5,2,2.2627,3.355,0.452
app data local,3,5,2,2.2627,3.355,0.527
readable metadata,2,9,2,2.2608,3.354,0.393
spec argument,2,9,2,2.2608,3.354,0.269
joined together,2,9,2,2.2608,3.354,0.494
multiple configuration,2,9,2,2.2608,3.354,0.100
good first,2,9,2,2.2608,3.354,0.127
default except,2,9,2,2.2608,3.354,0.131
dump method,2,9,2,2.2608,3.354,0.225
next request,2,9,2,2.2608,3.354,0.131
proxy support,2,9,2,2.2608,3.354,0.215
model definition,2,9,2,2.2608,3.354,0.202
serialize data,2,9,2,2.2608,3.354,0.257
sys platform,2,9,2,2.2608,3.354,0.373
method self,2,9,2,2.2608,3.354,0.168
src app,2,9,2,2.2608,3.354,0.223
fetch base,2,9,2,2.2608,3.354,0.247
machine readable metadata,3,9,2,2.2608,3.354,0.535
global configuration file,3,9,2,2.2608,3.354,0.315
boolean default false,3,9,2,2.2608,3.354,0.501
var let const,3,9,2,2.2608,3.354,0.651
set to warn,3,9,2,2.2608,3.354,0.363
option to enable,3,9,2,2.2608,3.354,0.205
need to disable,3,9,2,2.2608,3.354,0.172
process of building,3,9,2,2.2608,3.354,0.462
hub git lab,3,9,2,2.2608,3.354,0.510
sync or async,3,9,2,2.2608,3.354,0.591
import it into,3,9,2,2.2608,3.354,0.342
way data flow,3,9,2,2.2608,3.354,0.357
better understand,2,10,3,2.2550,3.353,0.269
finish in,2,6,4,2.2556,3.353,0.059
error above,2,6,4,2.2556,3.353,0.048
strange behavior,2,6,4,2.2556,3.353,0.402
code during,2,10,3,2.2550,3.353,0.032
parameter declaration,2,6,4,2.2556,3.353,0.241
use later,2,10,3,2.2550,3.353,-0.023
most flexible,2,10,3,2.2550,3.353,0.343
different server,2,10,3,2.2550,3.353,0.047
relatively expensive,2,10,3,2.2550,3.353,0.584
existing database,2,19,2,2.2521,3.353,0.160
string use,2,19,2,2.2521,3.353,-0.099
extremely slow,2,19,2,2.2521,3.353,0.520
set custom,2,19,2,2.2521,3.353,0.070
returning clause,2,19,2,2.2521,3.353,0.375
specified command,2,19,2,2.2521,3.353,0.060
within docker,2,19,2,2.2521,3.353,0.062
retired on,2,19,2,2.2521,3.353,0.333
add option,2,19,2,2.2521,3.353,0.020
allow git,2,19,2,2.2521,3.353,0.072
server info,2,19,2,2.2521,3.353,0.181
api function,2,19,2,2.2521,3.353,-0.030
local timezone,2,19,2,2.2521,3.353,0.374
line terminator,2,19,2,2.2521,3.353,0.474
short long,2,19,2,2.2521,3.353,0.267
object value,2,19,2,2.2521,3.353,-0.087
setter function,2,19,2,2.2521,3.353,0.250
note most,2,19,2,2.2521,3.353,0.088
decimal value,2,19,2,2.2521,3.353,0.166
flag bit,2,19,2,2.2521,3.353,0.207
function added,2,19,2,2.2521,3.353,0.028
click function,2,19,2,2.2521,3.353,0.111
section of code,3,10,3,2.2550,3.353,0.183
inside of another,3,6,4,2.2556,3.353,0.273
name but different,3,6,4,2.2556,3.353,0.382
open the app,3,10,3,2.2550,3.353,0.254
sure you use,3,10,3,2.2550,3.353,0.155
try to select,3,6,4,2.2556,3.353,0.215
way you want,3,6,4,2.2556,3.353,0.074
going to look,3,6,4,2.2556,3.353,0.272
function is intended,3,19,2,2.2521,3.353,0.217
during the first,3,19,2,2.2521,3.353,0.157
build documentation,2,7,3,2.2486,3.352,0.102
flow into,2,7,3,2.2486,3.352,0.209
modifying existing,2,7,3,2.2486,3.352,0.367
line between,2,7,3,2.2486,3.352,0.085
force color,2,11,2,2.2480,3.352,0.361
remote api,2,11,2,2.2480,3.352,0.152
reading data,2,11,2,2.2480,3.352,0.138
dict class,2,11,2,2.2480,3.352,0.205
authentication scheme,2,11,2,2.2480,3.352,0.443
field specific,2,11,2,2.2480,3.352,0.118
division error,2,11,2,2.2480,3.352,0.305
rust based,2,7,3,2.2486,3.352,0.126
loading data,2,11,2,2.2480,3.352,0.160
slice instead,2,7,3,2.2486,3.352,0.143
specific point,2,7,3,2.2486,3.352,0.159
module replacement,2,11,2,2.2480,3.352,0.292
large project,2,11,2,2.2492,3.352,0.212
anonymous user,2,11,2,2.2492,3.352,0.279
exist exception,2,11,2,2.2492,3.352,0.178
semi colon,2,11,2,2.2492,3.352,0.629
own class,2,11,2,2.2492,3.352,0.111
last method,2,11,2,2.2492,3.352,0.105
handler method,2,11,2,2.2492,3.352,0.147
ordered list,2,11,2,2.2492,3.352,0.302
volume using,2,11,2,2.2492,3.352,0.160
high sierra,2,11,2,2.2492,3.352,0.668
same statement,2,11,2,2.2492,3.352,0.075
non alphanumeric,2,11,2,2.2492,3.352,0.450
such as use,3,11,2,2.2480,3.352,-0.045
use the database,3,11,2,2.2480,3.352,0.044
able to serve,3,7,3,2.2486,3.352,0.363
free to make,3,7,3,2.2486,3.352,0.255
argument is provided,3,11,2,2.2480,3.352,0.312
zero division error,3,11,2,2.2480,3.352,0.456
reference the same,3,11,2,2.2480,3.352,0.042
share state between,3,7,3,2.2486,3.352,0.537
hot module replacement,3,11,2,2.2480,3.352,0.737
restart the application,3,11,2,2.2492,3.352,0.356
quite large,2,8,4,2.2428,3.351,0.361
another user,2,12,3,2.2422,3.351,0.080
help ensure,2,12,3,2.2422,3.351,0.230
different function,2,12,3,2.2422,3.351,-0.032
generating code,2,8,4,2.2428,3.351,0.180
last case,2,12,3,2.2422,3.351,0.123
executing code,2,12,3,2.2422,3.351,0.134
alternative approach,2,8,4,2.2428,3.351,0.368
link text,2,12,3,2.2422,3.351,0.228
same view,2,12,3,2.2422,3.351,0.070
size using,2,8,4,2.2428,3.351,0.054
own project,2,12,3,2.2422,3.351,0.144
next number,2,8,4,2.2428,3.351,0.108
several useful,2,8,4,2.2428,3.351,0.226
data rather,2,8,4,2.2428,3.351,0.071
written code,2,8,4,2.2428,3.351,0.057
best to avoid,3,12,3,2.2422,3.351,0.280
file on disk,3,8,4,2.2428,3.351,0.270
get more information,3,8,4,2.2428,3.351,0.133
use the term,3,12,3,2.2422,3.351,0.157
find it useful,3,8,4,2.2428,3.351,0.403
works just like,3,8,4,2.2428,3.351,0.329
handle this case,3,8,4,2.2428,3.351,0.236
important functionality,2,5,3,2.2363,3.350,0.286
now going,2,5,3,2.2363,3.350,0.147
value by using,3,5,3,2.2363,3.350,0.110
hard to tell,3,5,3,2.2363,3.350,0.425
code to execute,3,5,3,2.2363,3.350,0.158
option is none,3,5,3,2.2363,3.350,0.319
another special,2,9,3,2.2357,3.349,0.192
use select,2,13,2,2.2351,3.349,-0.016
highest priority,2,13,2,2.2351,3.349,0.626
run method,2,9,3,2.2357,3.349,-0.005
mode set,2,13,2,2.2351,3.349,0.063
module function,2,13,2,2.2351,3.349,-0.025
directly through,2,9,3,2.2357,3.349,0.174
multiple different,2,13,2,2.2351,3.349,0.076
like const,2,13,2,2.2351,3.349,0.182
system security,2,9,3,2.2357,3.349,0.181
special function,2,9,3,2.2357,3.349,0.074
default app,2,13,2,2.2351,3.349,0.026
put more,2,9,3,2.2357,3.349,0.104
directly via,2,9,3,2.2357,3.349,0.193
non privileged,2,13,2,2.2351,3.349,0.412
str type,2,13,2,2.2351,3.349,0.143
set frozenset,2,13,2,2.2351,3.349,0.376
sequence type,2,13,2,2.2351,3.349,0.120
used to sign,3,13,2,2.2351,3.349,0.258
flag was used,3,13,2,2.2351,3.349,0.396
code to keep,3,9,3,2.2357,3.349,0.111
used to validate,3,9,3,2.2357,3.349,0.268
during the test,3,9,3,2.2357,3.349,0.218
important to remember,3,9,3,2.2357,3.349,0.415
two distinct,2,14,3,2.2293,3.348,0.286
adjacent sibling,2,6,2,2.2264,3.348,0.720
using set,2,14,3,2.2293,3.348,-0.074
corresponding object,2,14,3,2.2293,3.348,0.142
empty constructor,2,6,2,2.2264,3.348,0.234
return zero,2,14,3,2.2293,3.348,0.174
compose in,2,14,3,2.2293,3.348,-0.068
same username,2,14,3,2.2293,3.348,0.174
more simply,2,6,2,2.2264,3.348,0.131
using utf,2,14,3,2.2293,3.348,0.142
logging output,2,14,3,2.2293,3.348,0.193
synchronous version,2,6,2,2.2264,3.348,0.260
using keyword,2,14,3,2.2293,3.348,0.085
parsed in,2,14,3,2.2293,3.348,0.062
isolated environment,2,14,3,2.2293,3.348,0.359
reference semantics,2,6,2,2.2264,3.348,0.291
same array,2,14,3,2.2293,3.348,0.019
common misconception,2,6,2,2.2264,3.348,0.553
clear function,2,14,3,2.2293,3.348,0.118
better option,2,6,2,2.2264,3.348,0.129
semi transparent,2,6,2,2.2264,3.348,0.665
specific object,2,14,3,2.2293,3.348,0.035
given above,2,14,3,2.2293,3.348,0.159
chrome extension,2,6,2,2.2264,3.348,0.333
value less,2,10,3,2.2299,3.348,0.091
first iteration,2,10,3,2.2299,3.348,0.214
getting out,2,10,3,2.2299,3.348,0.189
output line,2,10,3,2.2299,3.348,0.034
without copying,2,10,3,2.2299,3.348,0.282
type cannot,2,10,3,2.2299,3.348,0.050
able to generate,3,6,2,2.2264,3.348,0.263
new line character,3,6,2,2.2264,3.348,0.437
enable this in,3,6,2,2.2264,3.348,0.168
variable is bound,3,6,2,2.2264,3.348,0.393
trying to handle,3,6,2,2.2264,3.348,0.229
inside that directory,3,10,3,2.2299,3.348,0.409
ways to get,3,10,3,2.2299,3.348,0.201
save the current,3,10,3,2.2299,3.348,0.239
way to think,3,10,3,2.2299,3.348,0.229
existing entry,2,15,2,2.2223,3.347,0.251
level setting,2,7,3,2.2235,3.347,0.175
following environment,2,15,2,2.2223,3.347,0.076
type signature,2,7,3,2.2235,3.347,0.146
path foo,2,15,2,2.2223,3.347,0.176
special name,2,7,3,2.2235,3.347,0.117
react ecosystem,2,15,2,2.2223,3.347,0.290
model context,2,15,2,2.2223,3.347,0.149
configure option,2,15,2,2.2223,3.347,0.157
program needs,2,7,3,2.2235,3.347,0.175
set count,2,15,2,2.2223,3.347,0.146
recurse into,2,15,2,2.2223,3.347,0.357
make test,2,15,2,2.2223,3.347,0.022
section name,2,15,2,2.2223,3.347,0.072
doctest module,2,15,2,2.2223,3.347,0.338
full explanation,2,7,3,2.2235,3.347,0.375
matching pattern,2,7,3,2.2235,3.347,0.260
try typing,2,7,3,2.2235,3.347,0.290
another state,2,7,3,2.2235,3.347,0.066
pre rendering,2,15,2,2.2223,3.347,0.363
message is printed,3,7,3,2.2235,3.347,0.416
syntax is similar,3,11,3,2.2229,3.347,0.326
want to control,3,15,2,2.2223,3.347,0.120
let or const,3,15,2,2.2223,3.347,0.619
list of other,3,7,3,2.2235,3.347,0.087
model context protocol,3,15,2,2.2223,3.347,0.562
using your docker,3,15,2,2.2223,3.347,0.204
fast as possible,3,11,3,2.2229,3.347,0.343
contain the data,3,7,3,2.2235,3.347,0.234
needs to keep,3,7,3,2.2235,3.347,0.254
select the right,3,7,3,2.2235,3.347,0.259
connection is established,3,15,2,2.2223,3.347,0.557
needs in,2,7,3,2.2194,3.346,-0.086
src folder,2,7,3,2.2194,3.346,0.352
out git,2,7,3,2.2194,3.346,0.019
code back,2,7,3,2.2194,3.346,0.036
more simple,2,7,3,2.2194,3.346,0.087
non throwing,2,7,3,2.2194,3.346,0.334
folder structure,2,7,3,2.2194,3.346,0.313
last thing,2,7,3,2.2194,3.346,0.259
string form,2,16,2,2.2164,3.346,0.081
variable interpolation,2,16,2,2.2164,3.346,0.399
repository see,2,16,2,2.2164,3.346,0.062
connect using,2,16,2,2.2164,3.346,0.113
memory used,2,16,2,2.2164,3.346,0.053
time value,2,16,2,2.2164,3.346,-0.056
big database,2,16,2,2.2164,3.346,0.239
truth value,2,16,2,2.2164,3.346,0.326
bit float,2,16,2,2.2164,3.346,0.362
underlying type,2,16,2,2.2164,3.346,0.169
wide character,2,16,2,2.2164,3.346,0.387
react version,2,16,2,2.2164,3.346,0.062
get the idea,3,7,3,2.2194,3.346,0.293
version like,2,8,3,2.2124,3.345,-0.011
existing functionality,2,8,3,2.2124,3.345,0.261
specific url,2,8,3,2.2124,3.345,0.168
improve code,2,8,3,2.2124,3.345,0.143
modern browser,2,8,3,2.2124,3.345,0.322
latest python,2,9,2,2.2106,3.345,0.172
nd edition,2,8,2,2.2136,3.345,0.573
method above,2,8,2,2.2136,3.345,0.080
class list,2,8,2,2.2136,3.345,0.047
async method,2,8,2,2.2136,3.345,0.095
shared hosting,2,8,2,2.2136,3.345,0.410
avoid getting,2,9,2,2.2106,3.345,0.266
giving up,2,9,2,2.2106,3.345,0.272
fix incorrect,2,9,2,2.2106,3.345,0.220
recursive option,2,9,2,2.2106,3.345,0.249
diff merge,2,8,2,2.2136,3.345,0.238
optional value,2,9,2,2.2106,3.345,0.085
compound assignment,2,8,2,2.2136,3.345,0.548
identifier syntax,2,9,2,2.2106,3.345,0.248
common error,2,8,2,2.2136,3.345,0.058
different sizes,2,8,2,2.2136,3.345,0.329
type box,2,9,2,2.2106,3.345,0.131
prepared query,2,9,2,2.2106,3.345,0.295
existing type,2,9,2,2.2106,3.345,0.063
iter method,2,9,2,2.2106,3.345,0.282
signal sigsegv,2,8,2,2.2136,3.345,0.631
scroll bar,2,8,2,2.2136,3.345,0.518
use the parameter,3,8,3,2.2124,3.345,0.091
access to get,3,8,3,2.2124,3.345,0.147
during build time,3,8,3,2.2124,3.345,0.370
inside the method,3,8,2,2.2136,3.345,0.153
tracked by git,3,8,2,2.2136,3.345,0.425
read up on,3,8,2,2.2136,3.345,0.376
output of git,3,9,2,2.2106,3.345,0.196
method will return,3,9,2,2.2106,3.345,0.216
chrome and safari,3,8,2,2.2136,3.345,0.641
value is available,3,9,2,2.2106,3.345,0.153
macro is defined,3,9,2,2.2106,3.345,0.365
create the class,3,8,2,2.2136,3.345,0.171
add change,2,13,3,2.2100,3.344,0.048
server see,2,17,2,2.2094,3.344,-0.001
now enabled,2,17,2,2.2094,3.344,0.143
line utility,2,9,3,2.2065,3.344,0.270
file manually,2,5,3,2.2072,3.344,0.118
system such,2,13,3,2.2100,3.344,0.082
direct eval,2,17,2,2.2094,3.344,0.498
unreachable code,2,9,3,2.2065,3.344,0.279
three new,2,13,3,2.2100,3.344,0.106
case using,2,9,3,2.2065,3.344,-0.038
database like,2,9,3,2.2065,3.344,0.025
main point,2,9,3,2.2065,3.344,0.175
best possible,2,13,3,2.2100,3.344,0.197
other path,2,9,3,2.2065,3.344,0.006
same site,2,13,3,2.2100,3.344,0.158
particular version,2,13,3,2.2100,3.344,0.141
request exception,2,9,3,2.2065,3.344,0.079
another command,2,13,3,2.2100,3.344,0.063
set alias,2,17,2,2.2094,3.344,0.165
support partial,2,17,2,2.2094,3.344,0.277
file mode,2,17,2,2.2094,3.344,0.034
file usually,2,5,3,2.2072,3.344,0.091
skip list,2,17,2,2.2094,3.344,0.208
avoid repeated,2,17,2,2.2094,3.344,0.404
help explain,2,5,3,2.2072,3.344,0.320
default react,2,17,2,2.2094,3.344,0.026
data value,2,17,2,2.2094,3.344,-0.084
approach works,2,17,2,2.2094,3.344,0.244
other server,2,13,3,2.2100,3.344,0.002
command line utility,3,9,3,2.2065,3.344,0.355
able to reproduce,3,5,3,2.2072,3.344,0.424
use to check,3,9,3,2.2065,3.344,0.070
using the test,3,13,3,2.2100,3.344,0.050
used to declare,3,17,2,2.2094,3.344,0.224
directly to create,3,17,2,2.2094,3.344,0.185
sooner or later,3,5,3,2.2072,3.344,0.569
value to set,3,17,2,2.2094,3.344,0.107
update and delete,3,13,3,2.2100,3.344,0.391
directory specified,2,10,3,2.1995,3.342,0.085
platform flag,2,19,2,2.1965,3.342,0.259
during normal,2,19,2,2.1965,3.342,0.262
false impression,2,6,4,2.2001,3.342,0.529
set schema,2,19,2,2.1965,3.342,0.114
several common,2,10,3,2.1995,3.342,0.227
two identical,2,6,4,2.2001,3.342,0.282
json input,2,10,3,2.1995,3.342,0.144
language used,2,19,2,2.1965,3.342,0.078
line separated,2,10,3,2.1995,3.342,0.232
str int,2,10,3,2.1995,3.342,0.336
url using,2,10,3,2.1995,3.342,0.039
other security,2,10,3,2.1995,3.342,0.100
storage system,2,19,2,2.1965,3.342,0.238
serve static,2,10,3,2.1995,3.342,0.368
additional argument,2,6,4,2.2001,3.342,0.168
different user,2,19,2,2.1965,3.342,0.044
document create,2,19,2,2.1965,3.342,0.164
user edit,2,10,3,2.1995,3.342,0.189
interactive prompt,2,19,2,2.1965,3.342,0.418
gradual adoption,2,19,2,2.1965,3.342,0.801
lifecycle method,2,10,3,2.1995,3.342,0.288
same underlying,2,19,2,2.1965,3.342,0.194
lifecycle management,2,19,2,2.1965,3.342,0.486
common parent,2,19,2,2.1965,3.342,0.214
server render,2,19,2,2.1965,3.342,0.145
non boolean,2,15,2,2.1972,3.342,0.253
minus sign,2,15,2,2.1972,3.342,0.537
existing variable,2,15,2,2.1972,3.342,0.136
matching element,2,15,2,2.1972,3.342,0.270
cannot fail,2,15,2,2.1972,3.342,0.240
keep an eye,3,10,3,2.1995,3.342,0.598
handle the request,3,6,4,2.2001,3.342,0.276
access the file,3,6,4,2.2001,3.342,0.143
constructor is used,3,10,3,2.1995,3.342,0.236
easier to reason,3,6,4,2.2001,3.342,0.319
useful in many,3,6,4,2.2001,3.342,0.331
data you want,3,6,4,2.2001,3.342,0.029
layer on top,3,10,3,2.1995,3.342,0.458
easy to implement,3,6,4,2.2001,3.342,0.319
integer not null,3,19,2,2.1965,3.342,0.434
use it inside,3,6,4,2.2001,3.342,0.226
hard to reproduce,3,6,4,2.2001,3.342,0.554
version or higher,3,15,2,2.1972,3.342,0.387
reading or writing,3,15,2,2.1972,3.342,0.605
least three,2,11,3,2.1937,3.341,0.289
same block,2,11,3,2.1937,3.341,0.067
higher value,2,11,3,2.1937,3.341,0.157
under different,2,11,3,2.1937,3.341,0.161
call like,2,11,3,2.1937,3.341,-0.005
reliable way,2,11,3,2.1937,3.341,0.318
specific order,2,11,3,2.1937,3.341,0.139
custom class,2,11,3,2.1937,3.341,0.110
following way,2,11,3,2.1937,3.341,0.027
inline function,2,11,3,2.1937,3.341,0.153
push force,2,11,3,2.1937,3.341,0.345
content addressable,2,11,3,2.1937,3.341,0.604
common base,2,11,3,2.1937,3.341,0.191
using mac,2,7,3,2.1943,3.341,0.096
becomes much,2,7,3,2.1943,3.341,0.312
more traditional,2,7,3,2.1943,3.341,0.279
folder using,2,7,3,2.1943,3.341,0.113
more documentation,2,7,3,2.1943,3.341,0.052
use rather,2,7,3,2.1943,3.341,0.003
own memory,2,7,3,2.1943,3.341,0.165
first find,2,7,3,2.1943,3.341,0.089
private state,2,7,3,2.1943,3.341,0.166
random integer,2,7,3,2.1943,3.341,0.336
able to pass,3,11,3,2.1937,3.341,0.190
instead of waiting,3,11,3,2.1937,3.341,0.295
synchronous and asynchronous,3,11,3,2.1937,3.341,0.645
use this technique,3,7,3,2.1943,3.341,0.221
want to increase,3,7,3,2.1943,3.341,0.271
kind of like,3,7,3,2.1943,3.341,0.168
upper right corner,3,7,3,2.1943,3.341,0.652
home environment,2,12,3,2.1866,3.340,0.252
create method,2,12,3,2.1866,3.340,0.002
ignore certain,2,12,3,2.1866,3.340,0.281
path using,2,12,3,2.1866,3.340,-0.035
simple api,2,12,3,2.1866,3.340,0.139
client request,2,8,4,2.1873,3.340,0.133
added using,2,12,3,2.1866,3.340,0.025
new section,2,8,4,2.1873,3.340,0.059
tuple instead,2,8,4,2.1873,3.340,0.175
contain information,2,12,3,2.1866,3.340,0.174
using nested,2,8,4,2.1873,3.340,0.111
specified via,2,12,3,2.1866,3.340,0.159
same cache,2,12,3,2.1866,3.340,0.097
top level package,3,12,3,2.1866,3.340,0.253
quickly as possible,3,12,3,2.1866,3.340,0.485
unless the user,3,12,3,2.1866,3.340,0.259
edit or delete,3,8,4,2.1873,3.340,0.529
proof of concept,3,12,3,2.1866,3.340,0.708
radio button,2,13,2,2.1808,3.339,0.606
other output,2,13,2,2.1808,3.339,-0.006
last row,2,13,2,2.1808,3.339,0.228
zone aware,2,13,2,2.1808,3.339,0.426
log data,2,13,2,2.1808,3.339,0.060
rolling back,2,13,2,2.1808,3.339,0.523
standard time,2,13,2,2.1808,3.339,0.072
output buffer,2,13,2,2.1808,3.339,0.198
simple string,2,13,2,2.1808,3.339,0.109
error file,2,13,2,2.1808,3.339,-0.078
variable declared,2,13,2,2.1808,3.339,0.208
query output,2,13,2,2.1808,3.339,0.061
old row,2,13,2,2.1808,3.339,0.268
time zone aware,3,13,2,2.1808,3.339,0.435
thread pool executor,3,13,2,2.1808,3.339,0.552
later date,2,10,4,2.1744,3.337,0.172
new folder,2,6,2,2.1709,3.337,0.145
instance state,2,6,2,2.1709,3.337,0.069
document mode,2,6,2,2.1709,3.337,0.239
array indices,2,14,3,2.1738,3.337,0.330
installed globally,2,6,2,2.1709,3.337,0.401
again using,2,10,4,2.1744,3.337,0.058
list like,2,10,4,2.1744,3.337,-0.009
client using,2,14,3,2.1738,3.337,0.024
use raw,2,10,4,2.1744,3.337,0.088
directly access,2,14,3,2.1738,3.337,0.141
same server,2,14,3,2.1738,3.337,0.003
browser using,2,6,2,2.1709,3.337,0.050
super class,2,14,3,2.1738,3.337,0.282
other command,2,10,4,2.1744,3.337,-0.016
produce output,2,10,4,2.1744,3.337,0.198
practical use,2,10,4,2.1744,3.337,0.217
never know,2,6,2,2.1709,3.337,0.181
folder inside,2,6,2,2.1709,3.337,0.236
upper left,2,10,4,2.1744,3.337,0.417
complete successfully,2,10,4,2.1744,3.337,0.378
release schedule,2,14,3,2.1738,3.337,0.444
incognito mode,2,6,2,2.1709,3.337,0.538
required on,2,10,4,2.1744,3.337,0.005
almost exactly,2,6,3,2.1750,3.337,0.368
change data,2,6,3,2.1750,3.337,0.003
look different,2,6,3,2.1750,3.337,0.103
well tested,2,6,3,2.1750,3.337,0.317
come into,2,6,3,2.1750,3.337,0.199
first select,2,6,3,2.1750,3.337,0.085
line prompt,2,6,3,2.1750,3.337,0.216
operator used,2,6,3,2.1750,3.337,0.080
check using,2,6,3,2.1750,3.337,-0.005
placeholder type,2,6,3,2.1750,3.337,0.242
build user,2,6,3,2.1750,3.337,0.041
never be used,3,14,3,2.1738,3.337,0.165
making it easy,3,10,4,2.1744,3.337,0.448
time the function,3,10,4,2.1744,3.337,0.073
render the component,3,14,3,2.1738,3.337,0.339
rather than setting,3,6,3,2.1750,3.337,0.208
command not found,3,6,3,2.1750,3.337,0.250
know how much,3,6,3,2.1750,3.337,0.352
code to see,3,6,3,2.1750,3.337,0.071
command line prompt,3,6,3,2.1750,3.337,0.301
defined in other,3,6,3,2.1750,3.337,0.166
test for equality,3,6,3,2.1750,3.337,0.398
access or modify,3,6,3,2.1750,3.337,0.437
function as well,3,6,3,2.1750,3.337,0.049
exact time,2,16,3,2.1609,3.335,0.185
written back,2,16,3,2.1609,3.335,0.229
package installed,2,7,3,2.1639,3.335,0.173
declaration statement,2,7,3,2.1639,3.335,0.260
request without,2,16,3,2.1609,3.335,0.082
client error,2,7,3,2.1639,3.335,0.050
create such,2,16,3,2.1609,3.335,0.020
mixed in,2,16,3,2.1609,3.335,0.121
directly like,2,7,3,2.1639,3.335,0.056
web storm,2,7,3,2.1639,3.335,0.574
default python,2,16,3,2.1609,3.335,-0.007
relatively new,2,7,3,2.1639,3.335,0.276
resource intensive,2,16,3,2.1609,3.335,0.593
call render,2,16,3,2.1609,3.335,0.148
search box,2,16,3,2.1609,3.335,0.298
binary mode,2,16,3,2.1609,3.335,0.210
most part,2,16,3,2.1609,3.335,0.131
app folder,2,7,3,2.1639,3.335,0.213
absolutely necessary,2,16,3,2.1609,3.335,0.459
unknown type,2,16,3,2.1609,3.335,0.188
static web,2,7,3,2.1639,3.335,0.224
database such,2,12,3,2.1615,3.335,0.073
referential integrity,2,12,3,2.1615,3.335,0.781
explicitly call,2,12,3,2.1615,3.335,0.163
whole file,2,12,3,2.1615,3.335,0.133
update script,2,12,3,2.1615,3.335,0.084
concatenation operator,2,12,3,2.1615,3.335,0.439
same text,2,12,3,2.1615,3.335,0.047
taking into account,3,7,3,2.1639,3.335,0.547
request to get,3,7,3,2.1639,3.335,0.142
use in production,3,16,3,2.1609,3.335,0.170
suitable for use,3,16,3,2.1609,3.335,0.210
version you want,3,12,3,2.1615,3.335,0.076
sure to specify,3,12,3,2.1615,3.335,0.261
separated by whitespace,3,12,3,2.1615,3.335,0.504
enable debug,2,8,2,2.1569,3.334,0.275
request sent,2,8,2,2.1569,3.334,0.226
root package,2,8,2,2.1569,3.334,0.152
commercial support,2,8,2,2.1569,3.334,0.437
please create,2,8,2,2.1569,3.334,0.150
plugin needs,2,8,2,2.1569,3.334,0.217
dev branch,2,8,2,2.1569,3.334,0.235
script ecosystem,2,8,2,2.1569,3.334,0.276
inside function,2,8,2,2.1569,3.334,0.005
per function,2,8,2,2.1569,3.334,0.077
case option,2,8,2,2.1569,3.334,0.025
allow object,2,8,2,2.1569,3.334,0.048
path join,2,8,2,2.1569,3.334,0.193
assignment pattern,2,8,2,2.1569,3.334,0.275
default state,2,8,2,2.1569,3.334,-0.013
around object,2,8,2,2.1569,3.334,0.093
colorized output,2,8,2,2.1569,3.334,0.490
build upon,2,8,2,2.1569,3.334,0.257
additional validation,2,8,2,2.1569,3.334,0.248
def index,2,8,2,2.1569,3.334,0.223
per application,2,8,2,2.1569,3.334,0.175
pretty easy,2,8,3,2.1581,3.334,0.372
none return,2,8,2,2.1569,3.334,0.150
whole lot,2,8,3,2.1581,3.334,0.331
data argument,2,8,2,2.1569,3.334,0.026
alias default,2,8,3,2.1581,3.334,0.161
best case,2,8,3,2.1581,3.334,0.151
actual test,2,8,2,2.1569,3.334,0.153
run successfully,2,8,3,2.1581,3.334,0.215
made sure,2,8,3,2.1581,3.334,0.220
parameter set,2,8,2,2.1569,3.334,0.049
module inside,2,8,3,2.1581,3.334,0.095
counter app,2,8,2,2.1569,3.334,0.250
wrapper component,2,8,3,2.1581,3.334,0.279
fake server,2,8,2,2.1569,3.334,0.316
use proper,2,8,3,2.1581,3.334,0.141
tree shaking,2,8,2,2.1569,3.334,0.609
variable or use,3,8,2,2.1569,3.334,0.199
argument to create,3,8,2,2.1569,3.334,0.155
non exhaustive list,3,8,2,2.1569,3.334,0.399
through the rest,3,8,2,2.1569,3.334,0.288
used in type,3,8,2,2.1569,3.334,0.098
pass the file,3,8,2,2.1569,3.334,0.169
convert it into,3,8,3,2.1581,3.334,0.348
converted to json,3,8,2,2.1569,3.334,0.290
replace the existing,3,8,2,2.1569,3.334,0.370
use to send,3,8,3,2.1581,3.334,0.120
built in debugger,3,8,2,2.1569,3.334,0.390
database to use,3,8,3,2.1581,3.334,0.063
used to format,3,8,2,2.1569,3.334,0.144
string that cannot,3,8,2,2.1569,3.334,0.325
inside the callback,3,8,3,2.1581,3.334,0.299
need to learn,3,8,3,2.1581,3.334,0.177
eliminate the need,3,8,2,2.1569,3.334,0.364
copying the existing,3,8,2,2.1569,3.334,0.459
log the error,3,8,3,2.1581,3.334,0.205
figure it out,3,8,3,2.1581,3.334,0.525
want to extract,3,8,3,2.1581,3.334,0.224
manually fix,2,9,3,2.1510,3.333,0.236
error without,2,9,3,2.1510,3.333,0.000
send error,2,5,3,2.1516,3.333,0.095
stop executing,2,5,3,2.1516,3.333,0.363
other popular,2,9,3,2.1510,3.333,0.253
direct result,2,5,3,2.1516,3.333,0.266
put everything,2,5,3,2.1516,3.333,0.284
big problem,2,5,3,2.1516,3.333,0.260
model like,2,9,3,2.1510,3.333,0.034
module class,2,9,3,2.1510,3.333,0.057
bad news,2,5,3,2.1516,3.333,0.494
solid understanding,2,5,3,2.1516,3.333,0.581
works as well,3,5,3,2.1516,3.333,0.193
needs to get,3,5,3,2.1516,3.333,0.130
needs to change,3,9,3,2.1510,3.333,0.172
source of confusion,3,9,3,2.1510,3.333,0.518
get the best,3,9,3,2.1510,3.333,0.180
need to export,3,9,3,2.1510,3.333,0.201
per process,2,18,2,2.1481,3.332,0.209
middleware classes,2,18,2,2.1481,3.332,0.255
python core,2,18,2,2.1481,3.332,0.130
generic view,2,18,2,2.1481,3.332,0.219
app registry,2,18,2,2.1481,3.332,0.177
time period,2,18,2,2.1481,3.332,0.265
null input,2,18,2,2.1481,3.332,0.175
authenticate using,2,18,2,2.1481,3.332,0.236
service account,2,18,2,2.1481,3.332,0.301
local database,2,18,2,2.1481,3.332,0.133
docker community,2,18,2,2.1481,3.332,0.182
signature verification,2,18,2,2.1481,3.332,0.494
short form,2,18,2,2.1481,3.332,0.231
compose version,2,18,2,2.1481,3.332,0.136
unprivileged user,2,18,2,2.1481,3.332,0.435
automated build,2,18,2,2.1481,3.332,0.316
given commit,2,18,2,2.1481,3.332,0.161
hunk header,2,18,2,2.1481,3.332,0.482
url library,2,18,2,2.1481,3.332,0.166
empty message,2,18,2,2.1481,3.332,0.168
entire tree,2,18,2,2.1481,3.332,0.270
cannot appear,2,18,2,2.1481,3.332,0.252
number conversion,2,18,2,2.1481,3.332,0.242
statement execution,2,18,2,2.1481,3.332,0.240
construction time,2,18,2,2.1481,3.332,0.344
getter function,2,18,2,2.1481,3.332,0.245
simple query,2,18,2,2.1481,3.332,0.158
clone element,2,18,2,2.1481,3.332,0.261
user is present,3,18,2,2.1481,3.332,0.312
python package index,3,18,2,2.1481,3.332,0.434
create an index,3,18,2,2.1481,3.332,0.249
build the docker,3,18,2,2.1481,3.332,0.139
cpu and memory,3,18,2,2.1481,3.332,0.507
git log graph,3,18,2,2.1481,3.332,0.451
use patch,2,10,2,2.1440,3.331,0.075
optional string,2,10,2,2.1440,3.331,0.132
provide better,2,10,2,2.1440,3.331,0.215
logging level,2,10,2,2.1440,3.331,0.256
given feature,2,10,2,2.1440,3.331,0.176
tightly coupled,2,10,2,2.1440,3.331,0.845
version option,2,10,2,2.1440,3.331,0.022
workspace section,2,6,3,2.1446,3.331,0.242
please open,2,6,3,2.1446,3.331,0.232
configuration like,2,10,2,2.1440,3.331,0.017
upgrade path,2,10,2,2.1440,3.331,0.227
use global,2,10,2,2.1440,3.331,0.018
particular style,2,6,3,2.1446,3.331,0.255
value explicitly,2,6,3,2.1446,3.331,0.085
eval function,2,10,2,2.1440,3.331,0.213
clear error,2,10,2,2.1440,3.331,0.141
extremely easy,2,6,3,2.1446,3.331,0.459
image png,2,10,2,2.1440,3.331,0.418
previous chapter,2,10,2,2.1440,3.331,0.243
well established,2,6,3,2.1446,3.331,0.398
run build,2,10,2,2.1440,3.331,0.013
add metadata,2,10,2,2.1440,3.331,0.186
level using,2,10,2,2.1440,3.331,0.019
page url,2,6,3,2.1446,3.331,0.173
json type,2,10,2,2.1440,3.331,0.018
hello name,2,6,3,2.1446,3.331,0.165
try clicking,2,10,2,2.1440,3.331,0.343
true instead,2,10,2,2.1440,3.331,0.080
directory location,2,10,2,2.1440,3.331,0.180
start tutorial,2,10,2,2.1440,3.331,0.260
needs access,2,10,2,2.1440,3.331,0.156
src index,2,10,2,2.1440,3.331,0.231
like get,2,10,2,2.1440,3.331,-0.038
type schema,2,6,3,2.1446,3.331,0.086
way through,2,10,2,2.1452,3.331,0.095
swap out,2,10,2,2.1452,3.331,0.322
another server,2,10,2,2.1452,3.331,0.077
another possible,2,10,2,2.1452,3.331,0.121
simply write,2,10,2,2.1452,3.331,0.215
explicit value,2,10,2,2.1452,3.331,0.142
daemon running,2,10,2,2.1452,3.331,0.234
same parent,2,10,2,2.1452,3.331,0.106
subtree merge,2,10,2,2.1452,3.331,0.427
valid object,2,10,2,2.1452,3.331,0.074
exception value,2,10,2,2.1452,3.331,-0.025
thrown error,2,10,2,2.1452,3.331,0.144
previous line,2,10,2,2.1452,3.331,0.149
name prop,2,10,2,2.1452,3.331,0.220
number of important,3,6,3,2.1446,3.331,0.202
want to configure,3,10,2,2.1440,3.331,0.157
authentication and authorization,3,10,2,2.1440,3.331,0.659
guide to learn,3,10,2,2.1440,3.331,0.386
non empty value,3,10,2,2.1440,3.331,0.304
following the same,3,10,2,2.1440,3.331,0.004
field and model,3,10,2,2.1440,3.331,0.352
quick start tutorial,3,10,2,2.1440,3.331,0.628
going to change,3,6,3,2.1446,3.331,0.223
use it correctly,3,6,3,2.1446,3.331,0.308
way to see,3,10,2,2.1452,3.331,0.057
instead of crashing,3,10,2,2.1452,3.331,0.331
remote git repository,3,10,2,2.1452,3.331,0.392
ways to specify,3,10,2,2.1452,3.331,0.293
behavior is undefined,3,10,2,2.1452,3.331,0.364
automatically assigned,2,7,4,2.1388,3.330,0.290
additional command,2,11,3,2.1382,3.330,0.110
loop without,2,7,4,2.1388,3.330,0.122
second problem,2,7,4,2.1388,3.330,0.174
never reach,2,7,4,2.1388,3.330,0.394
syntax instead,2,11,3,2.1382,3.330,0.095
use number,2,7,4,2.1388,3.330,-0.072
skip ahead,2,7,4,2.1388,3.330,0.465
reset on,2,11,3,2.1382,3.330,0.092
additional parameter,2,11,3,2.1382,3.330,0.173
standard syntax,2,11,3,2.1382,3.330,0.153
much higher,2,11,3,2.1382,3.330,0.322
system package,2,11,3,2.1382,3.330,0.112
certain way,2,7,4,2.1388,3.330,0.167
path instead,2,11,3,2.1382,3.330,0.040
particular set,2,7,4,2.1388,3.330,0.105
generally more,2,7,4,2.1388,3.330,0.156
own directory,2,11,3,2.1382,3.330,0.112
single test,2,11,3,2.1382,3.330,0.062
other user,2,11,3,2.1382,3.330,-0.001
cannot hold,2,7,4,2.1388,3.330,0.293
set instead,2,7,4,2.1388,3.330,0.001
type inside,2,7,4,2.1388,3.330,0.021
more familiar,2,7,4,2.1388,3.330,0.230
able to provide,3,7,4,2.1388,3.330,0.204
able to specify,3,7,4,2.1388,3.330,0.197
affect the way,3,7,4,2.1388,3.330,0.303
docker swarm mode,3,11,3,2.1382,3.330,0.344
use the second,3,11,3,2.1382,3.330,0.034
help command,2,8,3,2.1317,3.329,0.092
display information,2,8,3,2.1317,3.329,0.179
build now,2,8,3,2.1317,3.329,0.026
value option,2,8,3,2.1317,3.329,-0.049
off between,2,12,2,2.1311,3.329,0.212
using import,2,12,2,2.1311,3.329,0.027
particular module,2,12,2,2.1311,3.329,0.153
use specific,2,8,3,2.1317,3.329,-0.029
using array,2,12,2,2.1311,3.329,-0.027
instead using,2,8,3,2.1317,3.329,-0.043
first pass,2,8,3,2.1317,3.329,0.082
development cycle,2,12,2,2.1311,3.329,0.376
first see,2,12,2,2.1311,3.329,-0.018
provide support,2,12,2,2.1311,3.329,0.147
like list,2,12,2,2.1311,3.329,-0.010
using get,2,12,2,2.1311,3.329,-0.068
see security,2,12,2,2.1311,3.329,0.094
communicate between,2,8,3,2.1317,3.329,0.345
multiple independent,2,12,2,2.1311,3.329,0.299
existing array,2,12,2,2.1311,3.329,0.135
source address,2,12,2,2.1311,3.329,0.204
attempt to update,3,12,2,2.1311,3.329,0.255
run the build,3,12,2,2.1311,3.329,0.146
trade off between,3,12,2,2.1311,3.329,0.456
mutating the original,3,12,2,2.1311,3.329,0.429
many useful,2,9,3,2.1259,3.328,0.143
never run,2,9,3,2.1259,3.328,0.100
first file,2,9,3,2.1259,3.328,-0.041
more commonly,2,9,3,2.1259,3.328,0.216
add other,2,9,3,2.1259,3.328,-0.009
server connection,2,9,3,2.1259,3.328,0.137
four times,2,9,3,2.1259,3.328,0.360
last position,2,9,3,2.1259,3.328,0.309
get name,2,9,3,2.1259,3.328,-0.025
system function,2,9,3,2.1259,3.328,0.000
whatever you want,3,9,3,2.1259,3.328,0.260
using the add,3,9,3,2.1259,3.328,0.056
apply the same,3,9,3,2.1259,3.328,0.110
turn it on,3,9,3,2.1259,3.328,0.270
fix this code,3,9,3,2.1259,3.328,0.190
looping over,2,13,3,2.1253,3.327,0.435
common practice,2,13,3,2.1253,3.327,0.283
own image,2,13,3,2.1253,3.327,0.139
same input,2,13,3,2.1253,3.327,0.063
run within,2,13,3,2.1253,3.327,0.076
special purpose,2,13,3,2.1253,3.327,0.331
usually more,2,13,3,2.1253,3.327,0.106
case expression,2,13,3,2.1253,3.327,0.100
now work,2,13,3,2.1253,3.327,0.029
high cpu,2,13,3,2.1253,3.327,0.428
time to run,3,13,3,2.1253,3.327,0.102
using the old,3,13,3,2.1253,3.327,0.133
use binary,2,6,3,2.1195,3.326,0.034
surface area,2,14,2,2.1183,3.326,0.588
version info,2,14,2,2.1183,3.326,0.173
over other,2,14,2,2.1183,3.326,0.064
like syntax,2,10,3,2.1189,3.326,0.047
existing value,2,10,3,2.1189,3.326,0.048
see build,2,14,2,2.1183,3.326,-0.002
format flag,2,14,2,2.1183,3.326,0.153
using version,2,10,3,2.1189,3.326,-0.044
first release,2,14,2,2.1183,3.326,0.100
section header,2,10,3,2.1189,3.326,0.227
like rust,2,6,3,2.1195,3.326,0.009
full support,2,14,2,2.1183,3.326,0.170
true set,2,14,2,2.1183,3.326,0.046
find index,2,14,2,2.1183,3.326,0.134
detect such,2,10,3,2.1189,3.326,0.235
option cannot,2,14,2,2.1183,3.326,0.093
sorted alphabetically,2,10,3,2.1189,3.326,0.675
api instead,2,14,2,2.1183,3.326,0.042
unique across,2,14,2,2.1183,3.326,0.321
same interface,2,14,2,2.1183,3.326,0.134
large file,2,10,3,2.1189,3.326,0.104
distributed across,2,10,3,2.1189,3.326,0.456
cached property,2,14,2,2.1183,3.326,0.284
interactive python,2,14,2,2.1183,3.326,0.229
usually require,2,6,3,2.1195,3.326,0.269
string hello,2,6,3,2.1195,3.326,0.176
manually instead,2,6,3,2.1195,3.326,0.178
fully featured,2,10,3,2.1189,3.326,0.654
concurrent code,2,6,3,2.1195,3.326,0.164
commit git,2,6,3,2.1195,3.326,0.065
two command,2,6,3,2.1195,3.326,0.031
similar manner,2,6,3,2.1195,3.326,0.401
class expression,2,14,2,2.1183,3.326,0.106
bottom up,2,14,2,2.1183,3.326,0.280
duplicate code,2,6,3,2.1195,3.326,0.166
put inside,2,6,3,2.1195,3.326,0.189
select id,2,14,2,2.1183,3.326,0.153
go language,2,6,3,2.1195,3.326,0.211
full control,2,14,2,2.1183,3.326,0.226
via an environment,3,6,3,2.1195,3.326,0.406
ready to publish,3,6,3,2.1195,3.326,0.493
determine how many,3,6,3,2.1195,3.326,0.432
type of value,3,6,3,2.1195,3.326,0.090
without an argument,3,10,3,2.1189,3.326,0.255
designed to help,3,10,3,2.1189,3.326,0.340
ways to access,3,10,3,2.1189,3.326,0.259
code to create,3,6,3,2.1195,3.326,0.025
such as list,3,14,2,2.1183,3.326,0.069
recent call last,3,14,2,2.1183,3.326,0.593
considered the same,3,10,3,2.1189,3.326,0.164
support for react,3,14,2,2.1183,3.326,0.201
use the raw,3,6,3,2.1195,3.326,0.197
node start,2,6,2,2.1154,3.325,0.127
define global,2,6,2,2.1154,3.325,0.215
passing around,2,6,2,2.1154,3.325,0.272
get application,2,6,2,2.1154,3.325,0.030
error self,2,6,2,2.1154,3.325,0.128
flat table,2,6,2,2.1154,3.325,0.293
editor window,2,15,2,2.1125,3.325,0.348
phone number,2,15,2,2.1125,3.325,0.331
new form,2,15,2,2.1125,3.325,0.053
existing table,2,15,2,2.1125,3.325,0.153
certificate chain,2,15,2,2.1125,3.325,0.416
conditional operator,2,15,2,2.1125,3.325,0.358
container process,2,15,2,2.1125,3.325,0.129
global flag,2,15,2,2.1125,3.325,0.200
create docker,2,15,2,2.1125,3.325,-0.029
error use,2,15,2,2.1125,3.325,-0.132
git process,2,15,2,2.1125,3.325,0.055
string returned,2,15,2,2.1125,3.325,0.103
multi dimensional,2,15,2,2.1125,3.325,0.560
quote character,2,15,2,2.1125,3.325,0.377
existing function,2,15,2,2.1125,3.325,0.043
row value,2,15,2,2.1125,3.325,0.071
argument form,2,15,2,2.1125,3.325,0.138
mapping object,2,15,2,2.1125,3.325,0.173
selected item,2,15,2,2.1125,3.325,0.297
now the problem,3,6,2,2.1154,3.325,0.151
set the variable,3,15,2,2.1125,3.325,0.149
implemented in python,3,15,2,2.1125,3.325,0.317
per target,2,7,3,2.1084,3.324,0.224
right order,2,7,3,2.1084,3.324,0.172
split on,2,7,3,2.1084,3.324,0.106
single rule,2,7,3,2.1084,3.324,0.087
further use,2,7,3,2.1084,3.324,0.079
explicit return,2,7,3,2.1084,3.324,0.215
reading through,2,7,3,2.1084,3.324,0.250
directory except,2,7,3,2.1084,3.324,0.173
battle tested,2,7,3,2.1084,3.324,0.691
field inside,2,7,3,2.1084,3.324,0.106
warm up,2,7,3,2.1084,3.324,0.478
try setting,2,7,2,2.1096,3.324,0.159
specific range,2,7,2,2.1096,3.324,0.206
usually use,2,7,2,2.1096,3.324,0.035
safe mode,2,7,2,2.1096,3.324,0.224
now shown,2,8,2,2.1066,3.324,0.140
much cpu,2,8,2,2.1066,3.324,0.337
system information,2,8,2,2.1066,3.324,0.103
dropdown menu,2,7,2,2.1096,3.324,0.579
guest os,2,7,2,2.1096,3.324,0.571
non recursive,2,8,2,2.1066,3.324,0.317
mounted volume,2,7,2,2.1096,3.324,0.498
got rid,2,7,2,2.1096,3.324,0.483
chrome browser,2,7,2,2.1096,3.324,0.313
previous code,2,7,2,2.1096,3.324,0.058
instead return,2,8,2,2.1066,3.324,0.037
utility method,2,7,2,2.1096,3.324,0.247
insert multiple,2,7,2,2.1096,3.324,0.218
bit faster,2,7,2,2.1096,3.324,0.302
key length,2,7,2,2.1096,3.324,0.184
error syntax,2,7,2,2.1096,3.324,0.043
package hierarchy,2,7,2,2.1096,3.324,0.315
concurrent modification,2,7,2,2.1096,3.324,0.529
handling mechanism,2,7,2,2.1096,3.324,0.352
zero overhead,2,8,2,2.1066,3.324,0.397
actual exception,2,7,2,2.1096,3.324,0.178
explicit relative,2,7,2,2.1096,3.324,0.363
pretty good,2,7,2,2.1096,3.324,0.330
built in json,3,7,3,2.1084,3.324,0.198
whenever you need,3,7,3,2.1084,3.324,0.274
simple to use,3,7,3,2.1084,3.324,0.120
up to now,3,7,3,2.1084,3.324,0.184
use the client,3,7,3,2.1084,3.324,0.052
access the request,3,7,3,2.1084,3.324,0.224
add this line,3,7,2,2.1096,3.324,0.311
able to log,3,7,2,2.1096,3.324,0.199
differ only in,3,8,2,2.1066,3.324,0.293
know how many,3,8,2,2.1066,3.324,0.292
run the app,3,7,2,2.1096,3.324,0.156
rather than returning,3,8,2,2.1066,3.324,0.284
save the output,3,7,2,2.1096,3.324,0.271
try to start,3,7,2,2.1096,3.324,0.195
release the lock,3,8,2,2.1066,3.324,0.352
back to normal,3,7,2,2.1096,3.324,0.331
catching an exception,3,7,2,2.1096,3.324,0.433
change the text,3,7,2,2.1096,3.324,0.203
call the set,3,8,2,2.1066,3.324,0.162
setup code,2,16,2,2.1054,3.323,0.081
debug logging,2,16,2,2.1054,3.323,0.316
os open,2,12,3,2.1060,3.323,0.222
support more,2,12,3,2.1060,3.323,0.025
install command,2,12,3,2.1060,3.323,0.106
field default,2,16,2,2.1054,3.323,0.024
dependency list,2,16,2,2.1054,3.323,0.122
type generic,2,16,2,2.1054,3.323,0.092
lowercase letter,2,16,2,2.1054,3.323,0.545
generally considered,2,8,3,2.1026,3.323,0.356
runtime using,2,12,3,2.1060,3.323,0.066
see create,2,16,2,2.1054,3.323,-0.023
using inline,2,8,3,2.1026,3.323,0.148
longer present,2,12,3,2.1060,3.323,0.287
use pip,2,8,3,2.1026,3.323,0.152
another thing,2,8,3,2.1026,3.323,0.211
affect other,2,12,3,2.1060,3.323,0.193
style line,2,12,3,2.1060,3.323,0.150
core error,2,8,3,2.1026,3.323,0.084
large language,2,12,3,2.1060,3.323,0.255
test stage,2,16,2,2.1054,3.323,0.228
main python,2,12,3,2.1060,3.323,0.096
externally visible,2,8,3,2.1026,3.323,0.634
public or private,3,12,3,2.1060,3.323,0.629
ways to fix,3,8,3,2.1026,3.323,0.279
try and catch,3,8,3,2.1026,3.323,0.472
without this option,3,16,2,2.1054,3.323,0.193
want to import,3,8,3,2.1026,3.323,0.093
able to start,3,12,3,2.1060,3.323,0.173
personal account,2,18,2,2.0926,3.321,0.463
installed binary,2,5,3,2.0961,3.321,0.251
package such,2,9,3,2.0955,3.321,0.070
merged together,2,9,3,2.0955,3.321,0.393
user running,2,18,2,2.0926,3.321,0.067
compile times,2,5,3,2.0961,3.321,0.257
once more,2,9,3,2.0955,3.321,0.060
empty set,2,18,2,2.0926,3.321,0.090
continue reading,2,9,3,2.0955,3.321,0.333
value indicating,2,18,2,2.0926,3.321,0.204
more input,2,9,3,2.0955,3.321,0.052
braces around,2,9,3,2.0955,3.321,0.414
capital letter,2,18,2,2.0926,3.321,0.639
case block,2,18,2,2.0926,3.321,0.099
regex literal,2,18,2,2.0926,3.321,0.414
least significant,2,18,2,2.0926,3.321,0.395
automatically installed,2,9,3,2.0955,3.321,0.202
id name,2,9,3,2.0955,3.321,0.058
string str,2,18,2,2.0926,3.321,0.175
accept language,2,18,2,2.0926,3.321,0.290
login form,2,9,3,2.0955,3.321,0.291
security advisory,2,18,2,2.0926,3.321,0.506
test helper,2,18,2,2.0926,3.321,0.223
during setup,2,9,3,2.0955,3.321,0.251
immutable object,2,9,3,2.0955,3.321,0.134
individual tables,2,18,2,2.0926,3.321,0.329
typically defined,2,9,3,2.0955,3.321,0.242
request pull,2,18,2,2.0926,3.321,0.190
init function,2,18,2,2.0926,3.321,0.128
cursor execute,2,14,2,2.0932,3.321,0.376
level rather,2,14,2,2.0932,3.321,0.176
provide safe,2,14,2,2.0932,3.321,0.241
self hosted,2,14,2,2.0932,3.321,0.495
rate limit,2,14,2,2.0932,3.321,0.516
logical line,2,14,2,2.0932,3.321,0.226
python release,2,14,2,2.0932,3.321,0.104
field width,2,14,2,2.0932,3.321,0.235
shell window,2,14,2,2.0932,3.321,0.294
free to ask,3,5,3,2.0961,3.321,0.467
latest available version,3,9,3,2.0955,3.321,0.464
want to rebuild,3,5,3,2.0961,3.321,0.285
using an external,3,9,3,2.0955,3.321,0.206
ready to implement,3,5,3,2.0961,3.321,0.374
ignore everything in,3,5,3,2.0961,3.321,0.246
available to other,3,9,3,2.0955,3.321,0.236
json configuration file,3,18,2,2.0926,3.321,0.252
going to need,3,9,3,2.0955,3.321,0.174
solve the same,3,5,3,2.0961,3.321,0.203
access the current,3,9,3,2.0955,3.321,0.129
request is made,3,9,3,2.0955,3.321,0.336
work with data,3,5,3,2.0961,3.321,0.168
object in place,3,18,2,2.0926,3.321,0.204
string is returned,3,18,2,2.0926,3.321,0.249
built in file,3,14,2,2.0932,3.321,0.092
value is true,3,14,2,2.0932,3.321,0.177
algorithm to use,3,14,2,2.0932,3.321,0.225
next statement,2,10,3,2.0897,3.320,0.164
relevant information,2,10,3,2.0897,3.320,0.242
exception instead,2,10,3,2.0897,3.320,0.044
another database,2,10,3,2.0897,3.320,0.108
valid input,2,10,3,2.0897,3.320,0.189
portable way,2,10,3,2.0897,3.320,0.335
function execution,2,10,3,2.0897,3.320,0.090
different time,2,10,3,2.0897,3.320,0.017
higher up,2,10,3,2.0897,3.320,0.231
much code,2,10,3,2.0897,3.320,0.040
other module,2,10,3,2.0897,3.320,0.010
try making,2,6,3,2.0903,3.320,0.213
waste time,2,6,3,2.0903,3.320,0.370
related in,2,6,3,2.0903,3.320,-0.051
search using,2,6,3,2.0903,3.320,0.065
up without,2,6,3,2.0903,3.320,0.056
second method,2,6,3,2.0903,3.320,0.096
wrong way,2,6,3,2.0903,3.320,0.170
like to share,3,10,3,2.0897,3.320,0.244
error when running,3,10,3,2.0897,3.320,0.206
unless you know,3,10,3,2.0897,3.320,0.321
idea to use,3,10,3,2.0897,3.320,0.183
longer the case,3,10,3,2.0897,3.320,0.298
outside the function,3,10,3,2.0897,3.320,0.172
way to call,3,10,3,2.0897,3.320,0.100
check it out,3,10,3,2.0897,3.320,0.372
via the command,3,10,3,2.0897,3.320,0.195
using this technique,3,6,3,2.0903,3.320,0.255
put this code,3,6,3,2.0903,3.320,0.275
easier to remember,3,6,3,2.0903,3.320,0.374
run the file,3,6,3,2.0903,3.320,0.087
variable to hold,3,6,3,2.0903,3.320,0.320
using the code,3,6,3,2.0903,3.320,-0.028
want to iterate,3,6,3,2.0903,3.320,0.260
set to main,3,6,3,2.0903,3.320,0.215
behavior like,2,7,4,2.0833,3.319,0.048
explicitly enabled,2,11,3,2.0827,3.319,0.272
fix on,2,11,3,2.0827,3.319,-0.034
using file,2,11,3,2.0827,3.319,-0.107
undefined null,2,11,3,2.0827,3.319,0.247
key like,2,7,4,2.0833,3.319,0.015
using such,2,11,3,2.0827,3.319,-0.042
number string,2,11,3,2.0827,3.319,0.020
run automatically,2,11,3,2.0827,3.319,0.072
through another,2,7,4,2.0833,3.319,0.140
data table,2,7,4,2.0833,3.319,0.017
directory level,2,7,4,2.0833,3.319,0.106
short term,2,11,3,2.0827,3.319,0.355
second delay,2,11,3,2.0827,3.319,0.378
extra work,2,11,3,2.0827,3.319,0.142
live inside,2,7,4,2.0833,3.319,0.294
following signature,2,7,4,2.0833,3.319,0.197
home environment variable,3,11,3,2.0827,3.319,0.362
information you need,3,7,4,2.0833,3.319,0.130
change your code,3,7,4,2.0833,3.319,0.157
use to define,3,11,3,2.0827,3.319,0.086
tried to make,3,7,4,2.0833,3.319,0.233
font awesome,2,12,2,2.0768,3.317,0.607
json serializer,2,12,2,2.0768,3.317,0.383
chrome dev,2,12,2,2.0768,3.317,0.342
oracle database,2,12,2,2.0768,3.317,0.317
now fixed,2,12,2,2.0768,3.317,0.095
party code,2,12,2,2.0768,3.317,0.147
functional dependency,2,12,2,2.0768,3.317,0.356
running application,2,12,2,2.0768,3.317,0.087
build execution,2,12,2,2.0768,3.317,0.170
free up,2,12,2,2.0768,3.317,0.184
bit better,2,12,2,2.0768,3.317,0.234
another array,2,12,2,2.0768,3.317,0.088
statement cannot,2,12,2,2.0768,3.317,0.175
python reference,2,12,2,2.0768,3.317,0.057
inside the directory,3,12,2,2.0768,3.317,0.177
sometimes you need,3,12,2,2.0768,3.317,0.237
variable is declared,3,12,2,2.0768,3.317,0.367
delete the branch,3,12,2,2.0768,3.317,0.365
object in python,3,12,2,2.0768,3.317,0.125
new in python,3,12,2,2.0768,3.317,0.134
component did catch,3,12,2,2.0768,3.317,0.509
library file,2,13,3,2.0698,3.316,0.021
another field,2,9,4,2.0704,3.316,0.099
more frequent,2,9,4,2.0704,3.316,0.353
classes such,2,9,4,2.0704,3.316,0.145
initialized in,2,13,3,2.0698,3.316,0.036
python based,2,13,3,2.0698,3.316,0.089
command use,2,9,4,2.0704,3.316,-0.098
message using,2,9,4,2.0704,3.316,-0.003
function becomes,2,9,4,2.0704,3.316,0.134
stay on,2,13,3,2.0698,3.316,0.178
turn into,2,13,3,2.0698,3.316,0.179
detailed error,2,9,4,2.0704,3.316,0.199
default test,2,9,4,2.0704,3.316,-0.019
null use,2,13,3,2.0698,3.316,-0.007
new block,2,9,4,2.0704,3.316,0.051
across three,2,9,4,2.0704,3.316,0.291
direct use,2,13,3,2.0698,3.316,0.121
repetitive code,2,9,4,2.0704,3.316,0.289
menu bar,2,5,3,2.0710,3.316,0.431
mean anything,2,5,3,2.0710,3.316,0.315
catch everything,2,5,3,2.0710,3.316,0.280
careful thought,2,5,3,2.0710,3.316,0.500
error more,2,5,3,2.0710,3.316,-0.063
structure rather,2,5,3,2.0710,3.316,0.234
bit tedious,2,5,3,2.0710,3.316,0.464
application programming,2,5,3,2.0710,3.316,0.202
reading in,2,5,3,2.0710,3.316,-0.027
wrap up,2,5,3,2.0710,3.316,0.235
match the current,3,13,3,2.0698,3.316,0.148
want to export,3,13,3,2.0698,3.316,0.194
evaluate to false,3,9,4,2.0704,3.316,0.450
support for using,3,13,3,2.0698,3.316,0.097
use the get,3,9,4,2.0704,3.316,0.012
using the git,3,9,4,2.0704,3.316,0.026
add an explicit,3,9,4,2.0704,3.316,0.288
using the environment,3,13,3,2.0698,3.316,0.101
git to track,3,5,3,2.0710,3.316,0.268
use the state,3,5,3,2.0710,3.316,0.026
write your code,3,5,3,2.0710,3.316,0.183
modify the list,3,5,3,2.0710,3.316,0.253
code is doing,3,5,3,2.0710,3.316,0.270
covered in detail,3,5,3,2.0710,3.316,0.515
list the contents,3,5,3,2.0710,3.316,0.209
comes into play,3,5,3,2.0710,3.316,0.646
ability to change,3,5,3,2.0710,3.316,0.257
shell command line,3,5,3,2.0710,3.316,0.226
way of saying,3,5,3,2.0710,3.316,0.467
code is invalid,3,5,3,2.0710,3.316,0.244
space to store,3,5,3,2.0710,3.316,0.353
address in memory,3,5,3,2.0710,3.316,0.380
different every time,3,5,3,2.0710,3.316,0.233
tables like,2,6,2,2.0599,3.314,0.109
legacy peer,2,6,2,2.0599,3.314,0.533
callback pattern,2,6,2,2.0599,3.314,0.223
linebreak style,2,6,2,2.0599,3.314,0.543
short summary,2,6,2,2.0599,3.314,0.354
es syntax,2,6,2,2.0599,3.314,0.268
suggest reading,2,6,2,2.0599,3.314,0.426
like redux thunk,3,6,2,2.0599,3.314,0.293
create local,2,7,3,2.0541,3.313,0.077
structure like,2,7,3,2.0541,3.313,0.105
following method,2,7,3,2.0541,3.313,0.011
standard built,2,15,3,2.0569,3.313,0.165
other alternative,2,7,3,2.0541,3.313,0.184
slow operation,2,7,3,2.0541,3.313,0.331
site request,2,15,3,2.0569,3.313,0.216
get confused,2,15,3,2.0569,3.313,0.282
algorithm used,2,15,3,2.0569,3.313,0.183
dictionary like,2,15,3,2.0569,3.313,0.136
please take,2,7,3,2.0541,3.313,0.234
single piece,2,7,3,2.0541,3.313,0.292
snippet below,2,7,3,2.0541,3.313,0.406
size option,2,15,3,2.0569,3.313,0.112
special rule,2,7,3,2.0541,3.313,0.155
insensitive filesystem,2,15,3,2.0569,3.313,0.481
hub page,2,11,3,2.0576,3.313,0.195
resource identifier,2,11,3,2.0576,3.313,0.330
create many,2,11,3,2.0576,3.313,0.054
repository data,2,11,3,2.0576,3.313,0.046
second string,2,11,3,2.0576,3.313,0.091
unwind the stack,3,7,3,2.0541,3.313,0.598
reproduce the issue,3,7,3,2.0541,3.313,0.447
cross site request,3,15,3,2.0569,3.313,0.470
production and development,3,15,3,2.0569,3.313,0.553
case insensitive filesystem,3,15,3,2.0569,3.313,0.486
file for more,3,15,3,2.0569,3.313,0.053
want to view,3,11,3,2.0576,3.313,0.088
use an index,3,11,3,2.0576,3.313,0.147
benchmarking framework,2,7,2,2.0529,3.312,0.569
flag use,2,7,2,2.0529,3.312,-0.015
documentation using,2,7,2,2.0529,3.312,0.014
checkout without,2,7,2,2.0529,3.312,0.260
name token,2,7,2,2.0529,3.312,0.130
net git,2,7,2,2.0529,3.312,0.171
environment specific,2,7,2,2.0529,3.312,0.124
path string,2,7,2,2.0529,3.312,0.016
index url,2,7,2,2.0529,3.312,0.146
enum repr,2,7,2,2.0529,3.312,0.450
software provided,2,7,2,2.0529,3.312,0.284
version property,2,7,2,2.0529,3.312,0.080
api usage,2,7,2,2.0529,3.312,0.165
identifier length,2,7,2,2.0529,3.312,0.301
specified regular,2,7,2,2.0529,3.312,0.197
body option,2,7,2,2.0529,3.312,0.129
apply default,2,7,2,2.0529,3.312,0.099
warn in,2,7,2,2.0529,3.312,0.051
gitignore style,2,7,2,2.0529,3.312,0.413
declare multiple,2,7,2,2.0529,3.312,0.204
tester now,2,7,2,2.0529,3.312,0.293
rest element,2,7,2,2.0529,3.312,0.259
schema definition,2,7,2,2.0529,3.312,0.258
original request,2,7,2,2.0529,3.312,0.179
data field,2,7,2,2.0529,3.312,0.009
response parameter,2,7,2,2.0529,3.312,0.150
json compatible,2,7,2,2.0529,3.312,0.243
computer program,2,7,2,2.0529,3.312,0.279
external component,2,7,2,2.0529,3.312,0.220
other deployment,2,7,2,2.0529,3.312,0.242
input model,2,7,2,2.0529,3.312,0.141
update data,2,7,2,2.0529,3.312,0.017
entire response,2,7,2,2.0529,3.312,0.246
web worker,2,7,2,2.0529,3.312,0.280
serialization behavior,2,7,2,2.0529,3.312,0.291
out err,2,7,2,2.0529,3.312,0.251
manifest json,2,7,2,2.0529,3.312,0.220
certain test,2,7,2,2.0529,3.312,0.155
type print,2,7,2,2.0529,3.312,0.081
script compiler,2,7,2,2.0529,3.312,0.119
binding data,2,7,2,2.0529,3.312,0.206
id scope,2,7,2,2.0529,3.312,0.150
memo cache,2,7,2,2.0529,3.312,0.393
expression reference,2,7,2,2.0529,3.312,0.127
map reference,2,7,2,2.0529,3.312,0.179
store subscribe,2,7,2,2.0529,3.312,0.382
undo history,2,7,2,2.0529,3.312,0.455
dynamic value,2,7,2,2.0529,3.312,0.169
native es,2,7,2,2.0529,3.312,0.364
shout out,2,7,2,2.0529,3.312,0.532
command will generate,3,7,2,2.0529,3.312,0.325
default is null,3,7,2,2.0529,3.312,0.252
wrapped in parentheses,3,7,2,2.0529,3.312,0.524
single line statement,3,7,2,2.0529,3.312,0.379
specified regular expression,3,7,2,2.0529,3.312,0.278
want to notify,3,7,2,2.0529,3.312,0.327
index of na,3,7,2,2.0529,3.312,0.535
use the model,3,7,2,2.0529,3.312,0.083
extract the data,3,7,2,2.0529,3.312,0.270
run the development,3,7,2,2.0529,3.312,0.267
user is none,3,7,2,2.0529,3.312,0.325
post by id,3,7,2,2.0529,3.312,0.413
store as well,3,7,2,2.0529,3.312,0.166
scale up,2,8,3,2.0470,3.311,0.301
different times,2,8,3,2.0470,3.311,0.147
api request,2,8,3,2.0470,3.311,0.070
primary reason,2,8,3,2.0470,3.311,0.303
more predictable,2,8,3,2.0470,3.311,0.301
using fetch,2,8,3,2.0470,3.311,0.078
error field,2,8,3,2.0470,3.311,0.007
his work,2,8,3,2.0470,3.311,0.300
keep them in,3,8,3,2.0470,3.311,0.220
store and retrieve,3,8,3,2.0470,3.311,0.478
use the legacy,3,8,3,2.0470,3.311,0.242
executing the code,3,8,3,2.0470,3.311,0.255
state in render,3,8,3,2.0470,3.311,0.383
world data,2,5,2,2.0406,3.310,0.155
dropping support,2,9,2,2.0400,3.310,0.380
break existing,2,9,2,2.0400,3.310,0.277
multiple concurrent,2,9,2,2.0400,3.310,0.280
another crate,2,5,2,2.0406,3.310,0.165
invoke cargo,2,5,2,2.0406,3.310,0.260
other build,2,9,2,2.0400,3.310,-0.002
using nightly,2,5,2,2.0406,3.310,0.152
cfg attribute,2,5,2,2.0406,3.310,0.354
workspace cargo,2,5,2,2.0406,3.310,0.165
module url,2,9,2,2.0400,3.310,0.124
def function,2,9,2,2.0400,3.310,0.106
type python,2,9,2,2.0400,3.310,-0.035
dependency needs,2,5,2,2.0406,3.310,0.201
registered on,2,9,2,2.0400,3.310,0.147
return result,2,5,2,2.0406,3.310,0.060
connect method,2,9,2,2.0400,3.310,0.166
format using,2,9,2,2.0400,3.310,0.004
use plain,2,9,2,2.0400,3.310,0.071
usage error,2,9,2,2.0400,3.310,0.105
test setup,2,9,2,2.0400,3.310,0.152
doctest report,2,9,2,2.0400,3.310,0.453
complex logic,2,9,2,2.0400,3.310,0.260
full pipeline,2,5,2,2.0406,3.310,0.368
id range,2,9,2,2.0400,3.310,0.210
boolean flag,2,9,2,2.0400,3.310,0.254
usage guide,2,9,2,2.0400,3.310,0.305
automatically try,2,5,2,2.0406,3.310,0.146
static asset,2,9,2,2.0400,3.310,0.434
list display,2,17,2,2.0441,3.310,0.150
class see,2,9,2,2.0412,3.310,-0.001
column type,2,17,2,2.0441,3.310,0.069
subject line,2,17,2,2.0441,3.310,0.254
multi table,2,17,2,2.0441,3.310,0.239
other class,2,9,2,2.0412,3.310,0.002
use open,2,17,2,2.0441,3.310,-0.018
hidden form,2,9,2,2.0412,3.310,0.333
locale dependent,2,17,2,2.0441,3.310,0.424
raise system,2,9,2,2.0412,3.310,0.240
remove old,2,9,2,2.0412,3.310,0.237
image view,2,9,2,2.0412,3.310,0.136
application model,2,17,2,2.0441,3.310,0.099
package repository,2,17,2,2.0441,3.310,0.130
kernel module,2,17,2,2.0441,3.310,0.283
docker plugin,2,17,2,2.0441,3.310,0.083
cannot perform,2,9,2,2.0412,3.310,0.249
external storage,2,9,2,2.0412,3.310,0.320
implementation specific,2,17,2,2.0441,3.310,0.169
depending upon,2,9,2,2.0412,3.310,0.392
old file,2,9,2,2.0412,3.310,0.091
non printable,2,9,2,2.0412,3.310,0.501
constructor body,2,9,2,2.0412,3.310,0.244
standard array,2,17,2,2.0441,3.310,0.104
script without,2,9,2,2.0412,3.310,0.060
cleanup callback,2,17,2,2.0441,3.310,0.376
table row,2,17,2,2.0441,3.310,0.174
display none,2,9,2,2.0412,3.310,0.258
object repr,2,17,2,2.0441,3.310,0.248
real world data,3,5,2,2.0406,3.310,0.248
using the cargo,3,5,2,2.0406,3.310,0.053
feature is added,3,5,2,2.0406,3.310,0.342
using nightly rust,3,5,2,2.0406,3.310,0.382
test will run,3,5,2,2.0406,3.310,0.237
field for more,3,9,2,2.0400,3.310,0.141
top level scope,3,9,2,2.0400,3.310,0.273
boolean to specify,3,9,2,2.0400,3.310,0.329
top level function,3,5,2,2.0406,3.310,0.136
rule is more,3,9,2,2.0400,3.310,0.211
find the python,3,9,2,2.0400,3.310,0.202
declare the parameter,3,5,2,2.0406,3.310,0.349
want to validate,3,9,2,2.0400,3.310,0.192
state to make,3,5,2,2.0406,3.310,0.089
component that needs,3,9,2,2.0400,3.310,0.378
using the tag,3,9,2,2.0412,3.310,0.159
change it in,3,9,2,2.0412,3.310,0.119
over the same,3,9,2,2.0412,3.310,0.069
check the return,3,9,2,2.0412,3.310,0.220
trying to send,3,9,2,2.0412,3.310,0.247
copy the contents,3,9,2,2.0412,3.310,0.291
attempt is made,3,17,2,2.0441,3.310,0.470
benefit of using,3,9,2,2.0412,3.310,0.293
using json stringify,3,9,2,2.0412,3.310,0.331
same data type,3,17,2,2.0441,3.310,0.202
instead of use,3,9,2,2.0412,3.310,-0.035
thing using,2,6,4,2.0348,3.309,0.091
say something,2,6,4,2.0348,3.309,0.224
related issue,2,6,4,2.0348,3.309,0.219
completely ignore,2,6,4,2.0348,3.309,0.320
different method,2,6,4,2.0348,3.309,0.020
several people,2,6,4,2.0348,3.309,0.288
use inheritance,2,6,4,2.0348,3.309,0.127
save in,2,6,4,2.0348,3.309,-0.035
code together,2,6,4,2.0348,3.309,0.078
slow in,2,6,4,2.0348,3.309,0.018
significantly different,2,6,4,2.0348,3.309,0.307
something new,2,6,4,2.0348,3.309,0.047
code thanks,2,6,4,2.0348,3.309,0.152
error handling logic,3,6,4,2.0348,3.309,0.358
use to avoid,3,6,4,2.0348,3.309,0.042
running in parallel,3,6,4,2.0348,3.309,0.326
code and make,3,6,4,2.0348,3.309,0.188
run your program,3,6,4,2.0348,3.309,0.244
way of knowing,3,6,4,2.0348,3.309,0.497
below the current,3,6,4,2.0348,3.309,0.174
pass an argument,3,6,4,2.0348,3.309,0.295
see the contents,3,6,4,2.0348,3.309,0.166
please file,2,10,3,2.0342,3.308,0.100
handled correctly,2,10,3,2.0342,3.308,0.359
missing value,2,10,3,2.0342,3.308,0.104
square bracket,2,10,3,2.0342,3.308,0.593
used interchangeably,2,10,3,2.0342,3.308,0.390
contain additional,2,10,3,2.0342,3.308,0.231
running locally,2,10,3,2.0342,3.308,0.241
another machine,2,10,3,2.0342,3.308,0.207
time limit,2,10,3,2.0342,3.308,0.166
pass down,2,10,3,2.0342,3.308,0.217
error property,2,10,3,2.0342,3.308,0.029
party module,2,10,3,2.0342,3.308,0.248
pass an array,3,10,3,2.0342,3.308,0.214
first make sure,3,10,3,2.0342,3.308,0.140
refresh the page,3,10,3,2.0342,3.308,0.480
improve the performance,3,10,3,2.0342,3.308,0.434
code most,2,7,3,2.0278,3.307,-0.022
value syntax,2,11,2,2.0271,3.307,0.020
login request,2,11,2,2.0271,3.307,0.254
parent package,2,11,2,2.0271,3.307,0.170
syntax such,2,11,2,2.0271,3.307,0.093
extra set,2,11,2,2.0271,3.307,0.099
timing information,2,11,2,2.0271,3.307,0.333
filling out,2,7,3,2.0278,3.307,0.402
specific format,2,11,2,2.0271,3.307,0.132
top down,2,11,2,2.0271,3.307,0.267
support async,2,7,3,2.0278,3.307,0.141
several possible,2,11,2,2.0271,3.307,0.193
value variable,2,7,3,2.0278,3.307,-0.027
internally use,2,11,2,2.0271,3.307,0.117
override configuration,2,11,2,2.0271,3.307,0.209
user sessions,2,11,2,2.0271,3.307,0.292
streaming data,2,7,3,2.0278,3.307,0.218
useful during,2,11,2,2.0271,3.307,0.181
start multiple,2,7,3,2.0278,3.307,0.109
other metadata,2,7,3,2.0278,3.307,0.150
like int,2,11,2,2.0271,3.307,0.117
python datetime,2,11,2,2.0271,3.307,0.239
extension name,2,11,2,2.0271,3.307,0.103
row factory,2,11,2,2.0271,3.307,0.364
serialized in,2,11,2,2.0271,3.307,0.076
argument set,2,11,2,2.0271,3.307,0.036
fixed error,2,11,2,2.0271,3.307,0.055
meta url,2,11,2,2.0271,3.307,0.304
available for download,3,11,2,2.0271,3.307,0.434
ability to add,3,7,3,2.0278,3.307,0.232
using the ignore,3,7,3,2.0278,3.307,0.162
free of charge,3,7,3,2.0278,3.307,0.660
object literal syntax,3,11,2,2.0271,3.307,0.375
use them directly,3,11,2,2.0271,3.307,0.296
serialized to json,3,11,2,2.0271,3.307,0.534
static type checking,3,11,2,2.0271,3.307,0.454
logic to handle,3,7,3,2.0278,3.307,0.265
responsible for executing,3,7,3,2.0278,3.307,0.453
import meta url,3,11,2,2.0271,3.307,0.416
function written,2,12,3,2.0213,3.306,0.060
order mark,2,12,3,2.0213,3.306,0.246
object during,2,12,3,2.0213,3.306,0.057
database transaction,2,12,3,2.0213,3.306,0.213
actual table,2,12,3,2.0213,3.306,0.197
project package,2,12,3,2.0213,3.306,0.104
different default,2,12,3,2.0213,3.306,0.001
left behind,2,12,3,2.0213,3.306,0.372
times during,2,12,3,2.0213,3.306,0.221
use method,2,8,3,2.0219,3.306,-0.102
particular kind,2,8,3,2.0219,3.306,0.277
open connection,2,8,3,2.0219,3.306,0.197
turn out,2,8,3,2.0219,3.306,0.207
force git,2,8,3,2.0219,3.306,0.172
without taking,2,8,3,2.0219,3.306,0.255
object therefore,2,8,3,2.0219,3.306,0.115
argument such,2,8,3,2.0219,3.306,0.072
row number,2,8,3,2.0219,3.306,0.147
type within,2,8,3,2.0219,3.306,0.039
byte order mark,3,12,3,2.0213,3.306,0.556
enough to make,3,12,3,2.0213,3.306,0.255
need to reset,3,12,3,2.0213,3.306,0.205
much more complex,3,8,3,2.0219,3.306,0.373
able to perform,3,8,3,2.0219,3.306,0.269
delete the old,3,8,3,2.0219,3.306,0.335
try to recover,3,8,3,2.0219,3.306,0.414
change the current,3,8,3,2.0219,3.306,0.105
module such,2,13,2,2.0143,3.304,0.046
regex syntax,2,13,2,2.0143,3.304,0.318
optionally include,2,13,2,2.0143,3.304,0.321
use dev,2,13,2,2.0143,3.304,0.036
naming scheme,2,13,2,2.0143,3.304,0.520
more effective,2,13,2,2.0143,3.304,0.272
following optional,2,13,2,2.0143,3.304,0.145
strict code,2,13,2,2.0143,3.304,0.079
indices in,2,9,3,2.0149,3.304,0.100
code rather,2,9,3,2.0149,3.304,0.023
line without,2,9,3,2.0149,3.304,0.047
test condition,2,9,3,2.0149,3.304,0.174
pattern type,2,9,3,2.0149,3.304,0.031
match case,2,13,2,2.0143,3.304,0.089
old default,2,13,2,2.0143,3.304,0.116
new query,2,13,2,2.0143,3.304,0.015
png image,2,5,3,2.0155,3.304,0.412
memory available,2,9,3,2.0149,3.304,0.138
integrated terminal,2,5,3,2.0155,3.304,0.451
using server,2,13,2,2.0143,3.304,-0.045
collected in,2,13,2,2.0143,3.304,0.087
page instead,2,9,3,2.0149,3.304,0.089
separately using,2,5,3,2.0155,3.304,0.172
injection attack,2,5,3,2.0155,3.304,0.549
non text,2,9,3,2.0149,3.304,0.137
new experimental,2,13,2,2.0143,3.304,0.184
less important,2,9,3,2.0149,3.304,0.262
traceback most,2,13,2,2.0143,3.304,0.328
mode option,2,13,2,2.0143,3.304,0.077
hook function,2,13,2,2.0143,3.304,0.091
matching in,2,9,3,2.0149,3.304,-0.017
new root,2,13,2,2.0143,3.304,0.067
three common,2,5,3,2.0155,3.304,0.214
originally designed,2,9,3,2.0149,3.304,0.454
probably seen,2,5,3,2.0155,3.304,0.326
expected to provide,3,5,3,2.0155,3.304,0.289
variety of ways,3,9,3,2.0149,3.304,0.422
another common use,3,5,3,2.0155,3.304,0.302
open the command,3,5,3,2.0155,3.304,0.171
access the application,3,13,2,2.0143,3.304,0.197
reduce code duplication,3,5,3,2.0155,3.304,0.595
name the type,3,5,3,2.0155,3.304,0.095
traceback most recent,3,13,2,2.0143,3.304,0.572
style to use,3,9,3,2.0149,3.304,0.138
use the struct,3,5,3,2.0155,3.304,0.156
post we want,3,5,3,2.0155,3.304,0.215
up the same,3,5,3,2.0155,3.304,0.009
method to define,3,5,3,2.0155,3.304,0.181
call the same,3,9,3,2.0149,3.304,0.007
call the new,3,5,3,2.0155,3.304,0.107
instead we use,3,5,3,2.0155,3.304,0.188
look like in,3,5,3,2.0155,3.304,0.007
mutable and immutable,3,5,3,2.0155,3.304,0.627
up the data,3,5,3,2.0155,3.304,0.125
available to use,3,5,3,2.0155,3.304,0.067
tar gz,2,14,2,2.0085,3.303,0.769
next two,2,14,2,2.0085,3.303,0.102
automatically inserted,2,14,2,2.0085,3.303,0.323
library module,2,14,2,2.0085,3.303,0.095
path component,2,14,2,2.0085,3.303,0.093
speeding up,2,14,2,2.0085,3.303,0.510
use local,2,14,2,2.0085,3.303,-0.023
next command,2,14,2,2.0085,3.303,0.075
element instead,2,14,2,2.0085,3.303,0.101
atomic operation,2,14,2,2.0085,3.303,0.419
new extension,2,14,2,2.0085,3.303,0.090
stash entry,2,14,2,2.0085,3.303,0.408
existing commit,2,14,2,2.0085,3.303,0.180
trigger on,2,14,2,2.0085,3.303,0.084
byte buffer,2,14,2,2.0085,3.303,0.369
error callback,2,14,2,2.0085,3.303,0.109
host and port,3,14,2,2.0085,3.303,0.472
useful error message,3,14,2,2.0085,3.303,0.244
database user name,3,14,2,2.0085,3.303,0.348
out the most,3,14,2,2.0085,3.303,0.175
profile setting,2,6,2,2.0044,3.302,0.265
reporting more,2,6,2,2.0044,3.302,0.214
line automatically,2,6,2,2.0044,3.302,0.096
least node,2,6,2,2.0044,3.302,0.213
api check,2,6,2,2.0044,3.302,0.074
body like,2,6,2,2.0044,3.302,0.092
static folder,2,6,2,2.0044,3.302,0.282
request level,2,6,2,2.0044,3.302,0.121
basic block,2,6,2,2.0044,3.302,0.244
need middleware,2,6,2,2.0044,3.302,0.108
async data,2,6,2,2.0044,3.302,0.055
array sort,2,6,2,2.0044,3.302,0.210
callback syntax,2,6,2,2.0044,3.302,0.220
found anything,2,6,2,2.0056,3.302,0.241
inner classes,2,6,2,2.0056,3.302,0.303
input parameter,2,7,2,2.0027,3.302,0.140
file create,2,7,2,2.0027,3.302,-0.050
cleaner way,2,6,2,2.0056,3.302,0.362
particular site,2,7,2,2.0027,3.302,0.287
whatever value,2,7,2,2.0027,3.302,0.142
range based,2,6,2,2.0056,3.302,0.214
method except,2,6,2,2.0056,3.302,0.139
simply means,2,6,2,2.0056,3.302,0.232
make certain,2,7,2,2.0027,3.302,0.168
self referential,2,7,2,2.0027,3.302,0.591
text message,2,7,2,2.0027,3.302,0.117
browser history,2,6,2,2.0056,3.302,0.277
application class,2,6,2,2.0056,3.302,0.059
more manageable,2,7,2,2.0027,3.302,0.433
clone in,2,7,2,2.0027,3.302,-0.024
issuer certificate,2,6,2,2.0056,3.302,0.646
illegal instruction,2,6,2,2.0056,3.302,0.542
hardware accelerated,2,6,2,2.0056,3.302,0.736
memory issue,2,6,2,2.0056,3.302,0.158
rebase operation,2,6,2,2.0056,3.302,0.321
original branch,2,6,2,2.0056,3.302,0.223
expected behaviour,2,6,2,2.0056,3.302,0.337
valid response,2,6,2,2.0056,3.302,0.194
function associated,2,7,2,2.0027,3.302,0.094
super constructor,2,6,2,2.0056,3.302,0.370
starting position,2,7,2,2.0027,3.302,0.351
th edition,2,6,2,2.0056,3.302,0.517
simple answer,2,6,2,2.0056,3.302,0.225
fatal signal,2,6,2,2.0056,3.302,0.486
family tree,2,6,2,2.0056,3.302,0.369
tuple returned,2,7,2,2.0027,3.302,0.257
error number,2,6,2,2.0056,3.302,-0.012
random class,2,6,2,2.0056,3.302,0.220
proper solution,2,6,2,2.0056,3.302,0.363
memory stream,2,6,2,2.0056,3.302,0.226
through several,2,6,2,2.0056,3.302,0.215
external definition,2,6,2,2.0056,3.302,0.276
calling method,2,6,2,2.0056,3.302,0.105
nested exception,2,6,2,2.0056,3.302,0.192
simple xml,2,6,2,2.0056,3.302,0.303
clean way,2,6,2,2.0056,3.302,0.195
free list,2,6,2,2.0056,3.302,0.176
stack unwinding,2,6,2,2.0056,3.302,0.531
data class,2,6,2,2.0056,3.302,-0.012
case your code,3,6,2,2.0044,3.302,0.139
command line automatically,3,6,2,2.0044,3.302,0.180
configure the app,3,6,2,2.0044,3.302,0.306
global python environment,3,6,2,2.0044,3.302,0.533
install your application,3,6,2,2.0044,3.302,0.273
output is made,3,6,2,2.0044,3.302,0.296
used in redux,3,6,2,2.0044,3.302,0.174
inside of use,3,6,2,2.0044,3.302,0.107
needs to dispatch,3,6,2,2.0044,3.302,0.278
branch in git,3,6,2,2.0056,3.302,0.325
need to assign,3,7,2,2.0027,3.302,0.215
running the image,3,6,2,2.0056,3.302,0.214
file the first,3,7,2,2.0027,3.302,0.003
output when running,3,6,2,2.0056,3.302,0.248
make an exception,3,6,2,2.0056,3.302,0.149
branch you want,3,6,2,2.0056,3.302,0.148
change the definition,3,7,2,2.0027,3.302,0.267
causing this error,3,6,2,2.0056,3.302,0.365
works fine in,3,6,2,2.0056,3.302,0.106
range of valid,3,7,2,2.0027,3.302,0.377
need to insert,3,6,2,2.0056,3.302,0.177
trying to catch,3,6,2,2.0056,3.302,0.244
got the following,3,6,2,2.0056,3.302,0.195
non whitespace,2,15,2,2.0014,3.301,0.287
expected format,2,7,3,1.9986,3.301,0.168
request make,2,7,3,1.9986,3.301,0.059
now write,2,11,3,2.0020,3.301,0.059
user configuration,2,15,2,2.0014,3.301,0.059
system cannot,2,11,3,2.0020,3.301,0.143
function value,2,11,3,2.0020,3.301,-0.118
get something,2,7,3,1.9986,3.301,0.064
significant overhead,2,15,2,2.0014,3.301,0.483
unhandled promise,2,7,3,1.9986,3.301,0.449
using bind,2,15,2,2.0014,3.301,0.137
mode see,2,15,2,2.0014,3.301,0.049
option works,2,7,3,1.9986,3.301,0.085
version default,2,7,3,1.9986,3.301,-0.007
get extra,2,11,3,2.0020,3.301,0.106
behavior change,2,7,3,1.9986,3.301,0.108
default template,2,15,2,2.0014,3.301,0.083
see next,2,7,3,1.9986,3.301,0.050
internal network,2,15,2,2.0014,3.301,0.260
used such,2,11,3,2.0020,3.301,-0.016
using single,2,11,3,2.0020,3.301,-0.005
copy pasting,2,7,3,1.9986,3.301,0.506
specified explicitly,2,15,2,2.0014,3.301,0.186
type data,2,11,3,2.0020,3.301,-0.079
class creation,2,15,2,2.0014,3.301,0.232
structure used,2,15,2,2.0014,3.301,0.102
more see,2,15,2,2.0014,3.301,-0.054
easily see,2,7,3,1.9986,3.301,0.162
re structured,2,15,2,2.0014,3.301,0.402
structured text,2,15,2,2.0014,3.301,0.358
encoding utf,2,15,2,2.0014,3.301,0.367
case class,2,15,2,2.0014,3.301,0.039
logic between,2,15,2,2.0014,3.301,0.161
avoid running,2,11,3,2.0020,3.301,0.156
server request,2,7,3,1.9986,3.301,0.061
value now,2,11,3,2.0020,3.301,-0.054
environment using,2,15,2,2.0014,3.301,-0.006
handler using,2,7,3,1.9986,3.301,0.077
use the file,3,11,3,2.0020,3.301,-0.027
through the command,3,7,3,1.9986,3.301,0.167
needs to work,3,7,3,1.9986,3.301,0.156
understand the difference,3,7,3,1.9986,3.301,0.340
function is useful,3,11,3,2.0020,3.301,0.142
re structured text,3,15,2,2.0014,3.301,0.561
test case class,3,15,2,2.0014,3.301,0.273
number of new,3,11,3,2.0020,3.301,0.042
order to provide,3,11,3,2.0020,3.301,0.247
file available,2,8,3,1.9915,3.299,0.011
version such,2,8,3,1.9915,3.299,0.030
make working,2,8,3,1.9915,3.299,0.093
name rename,2,17,2,1.9886,3.299,0.213
single copy,2,8,3,1.9915,3.299,0.157
reference object,2,17,2,1.9886,3.299,0.007
subscription service,2,17,2,1.9886,3.299,0.347
module without,2,8,3,1.9915,3.299,0.059
number object,2,17,2,1.9886,3.299,-0.017
response like,2,8,3,1.9915,3.299,0.053
test inside,2,8,3,1.9915,3.299,0.059
file docker,2,17,2,1.9886,3.299,-0.079
experience in,2,8,3,1.9915,3.299,0.033
place instead,2,8,3,1.9915,3.299,0.138
connection object,2,17,2,1.9886,3.299,0.076
module attribute,2,17,2,1.9886,3.299,0.135
certain condition,2,8,3,1.9915,3.299,0.327
new mode,2,17,2,1.9886,3.299,0.043
use hash,2,8,3,1.9915,3.299,0.053
more maintainable,2,8,3,1.9915,3.299,0.349
given point,2,8,3,1.9915,3.299,0.157
create unique,2,17,2,1.9886,3.299,0.152
initial setup,2,8,3,1.9915,3.299,0.299
async call,2,8,3,1.9915,3.299,0.109
development react,2,17,2,1.9886,3.299,0.166
rare case,2,17,2,1.9886,3.299,0.300
review process,2,17,2,1.9886,3.299,0.267
default connection,2,17,2,1.9886,3.299,0.094
software foundation,2,13,2,1.9892,3.299,0.503
stable branch,2,13,2,1.9892,3.299,0.283
single word,2,13,2,1.9892,3.299,0.233
usage information,2,13,2,1.9892,3.299,0.181
add up,2,13,2,1.9892,3.299,0.030
quite work,2,13,2,1.9892,3.299,0.223
need use,2,13,2,1.9892,3.299,-0.115
short time,2,13,2,1.9892,3.299,0.138
minimum supported version,3,17,2,1.9886,3.299,0.433
try to fix,3,8,3,1.9915,3.299,0.200
time the next,3,8,3,1.9915,3.299,0.117
object from another,3,17,2,1.9886,3.299,0.246
server is configured,3,8,3,1.9915,3.299,0.320
run the server,3,8,3,1.9915,3.299,0.095
chunk of data,3,8,3,1.9915,3.299,0.370
image to use,3,17,2,1.9886,3.299,0.061
bind to port,3,8,3,1.9915,3.299,0.480
possible to bypass,3,8,3,1.9915,3.299,0.442
class based view,3,17,2,1.9886,3.299,0.425
python development mode,3,17,2,1.9886,3.299,0.394
minimize the number,3,8,3,1.9915,3.299,0.430
application to use,3,17,2,1.9886,3.299,0.043
making it possible,3,17,2,1.9886,3.299,0.345
app is running,3,8,3,1.9915,3.299,0.284
plain text file,3,13,2,1.9892,3.299,0.276
back out,2,9,3,1.9857,3.298,0.131
report in,2,9,3,1.9857,3.298,-0.041
testing code,2,9,3,1.9857,3.298,0.065
performance improvement,2,9,3,1.9857,3.298,0.455
above use,2,9,3,1.9857,3.298,-0.026
better match,2,9,3,1.9857,3.298,0.189
reference implementation,2,9,3,1.9857,3.298,0.146
globally unique,2,9,3,1.9857,3.298,0.429
single react,2,9,3,1.9857,3.298,0.096
time now,2,9,3,1.9857,3.298,-0.006
everything between,2,5,3,1.9863,3.298,0.212
menu button,2,5,3,1.9863,3.298,0.405
definitely want,2,5,3,1.9863,3.298,0.263
manage memory,2,5,3,1.9863,3.298,0.253
probably less,2,5,3,1.9863,3.298,0.281
same speed,2,5,3,1.9863,3.298,0.226
using debug,2,5,3,1.9863,3.298,0.075
setting the value,3,9,3,1.9857,3.298,0.151
instead of doing,3,9,3,1.9857,3.298,0.192
set to in,3,9,3,1.9857,3.298,-0.065
output the value,3,9,3,1.9857,3.298,0.071
get the default,3,9,3,1.9857,3.298,0.046
make the call,3,5,3,1.9863,3.298,0.200
use the url,3,5,3,1.9863,3.298,0.112
error message like,3,5,3,1.9863,3.298,0.127
find the source,3,5,3,1.9863,3.298,0.247
keyword in front,3,5,3,1.9863,3.298,0.468
waiting for input,3,5,3,1.9863,3.298,0.343
want to search,3,5,3,1.9863,3.298,0.128
due to memory,3,5,3,1.9863,3.298,0.228
get the type,3,5,3,1.9863,3.298,0.076
compilation process,2,6,4,1.9793,3.297,0.299
initial list,2,6,4,1.9793,3.297,0.164
unexpected value,2,6,4,1.9793,3.297,0.179
shorthand syntax,2,6,4,1.9793,3.297,0.358
like str,2,6,4,1.9793,3.297,0.145
specific key,2,6,4,1.9793,3.297,0.110
particular project,2,6,4,1.9793,3.297,0.172
find documentation,2,6,4,1.9793,3.297,0.151
main benefit,2,6,4,1.9793,3.297,0.341
bit longer,2,6,4,1.9793,3.297,0.231
nearly identical,2,6,4,1.9793,3.297,0.581
type directly,2,6,4,1.9793,3.297,0.036
number of people,3,6,4,1.9793,3.297,0.225
value is never,3,6,4,1.9793,3.297,0.230
rather than trying,3,6,4,1.9793,3.297,0.224
field of type,3,6,4,1.9793,3.297,0.233
see them in,3,6,4,1.9793,3.297,0.177
reading the entire,3,6,4,1.9793,3.297,0.340
fixed version,2,10,3,1.9787,3.296,0.103
appropriate version,2,10,3,1.9787,3.296,0.177
copyright notice,2,10,3,1.9787,3.296,0.504
manager object,2,10,3,1.9787,3.296,0.123
function correctly,2,10,3,1.9787,3.296,0.082
undefined value,2,10,3,1.9787,3.296,0.096
class support,2,10,3,1.9787,3.296,0.072
recursion depth,2,10,3,1.9787,3.296,0.567
use model,2,10,3,1.9787,3.296,-0.040
type cast,2,10,3,1.9787,3.296,0.202
caching in,2,10,3,1.9787,3.296,0.037
later section,2,10,3,1.9787,3.296,0.149
related code,2,10,3,1.9787,3.296,0.063
use the git,3,10,3,1.9787,3.296,-0.000
enable this feature,3,10,3,1.9787,3.296,0.378
used to mark,3,10,3,1.9787,3.296,0.252
perform the same,3,10,3,1.9787,3.296,0.146
yield the same,3,10,3,1.9787,3.296,0.197
function to make,3,10,3,1.9787,3.296,0.022
wiki page,2,11,2,1.9729,3.295,0.438
cut off,2,11,2,1.9729,3.295,0.484
document in,2,11,2,1.9729,3.295,-0.035
using data,2,11,2,1.9729,3.295,-0.098
data dictionary,2,11,2,1.9729,3.295,0.130
model state,2,11,2,1.9729,3.295,0.062
database error,2,11,2,1.9729,3.295,0.013
operation exception,2,11,2,1.9729,3.295,0.145
raw query,2,11,2,1.9729,3.295,0.224
abstract class,2,11,2,1.9729,3.295,0.277
widely supported,2,11,2,1.9729,3.295,0.417
avoid setting,2,11,2,1.9729,3.295,0.197
initialization code,2,11,2,1.9729,3.295,0.144
command text,2,11,2,1.9729,3.295,0.059
target path,2,11,2,1.9729,3.295,0.106
insecure registry,2,11,2,1.9729,3.295,0.485
target container,2,11,2,1.9729,3.295,0.140
address space,2,11,2,1.9729,3.295,0.270
container filesystem,2,11,2,1.9729,3.295,0.254
real path,2,11,2,1.9729,3.295,0.171
bash prompt,2,11,2,1.9729,3.295,0.441
object through,2,11,2,1.9729,3.295,0.042
old commit,2,11,2,1.9729,3.295,0.215
conversion function,2,11,2,1.9729,3.295,0.150
binary string,2,11,2,1.9729,3.295,0.122
unlogged table,2,11,2,1.9729,3.295,0.466
error react,2,11,2,1.9729,3.295,0.003
third party code,3,11,2,1.9729,3.295,0.156
need to restart,3,11,2,1.9729,3.295,0.206
sort the list,3,11,2,1.9729,3.295,0.321
actual file,2,12,3,1.9658,3.294,0.098
goes well,2,8,4,1.9664,3.294,0.260
specific platform,2,12,3,1.9658,3.294,0.231
help output,2,12,3,1.9658,3.294,0.095
file command,2,12,3,1.9658,3.294,-0.049
other time,2,12,3,1.9658,3.294,-0.031
avoid duplication,2,8,4,1.9664,3.294,0.404
noted above,2,12,3,1.9658,3.294,0.350
file list,2,8,4,1.9664,3.294,-0.032
current line,2,8,4,1.9664,3.294,0.066
within other,2,8,4,1.9664,3.294,0.059
use separate,2,12,3,1.9658,3.294,0.025
correct result,2,8,4,1.9664,3.294,0.127
time due,2,8,4,1.9664,3.294,0.141
local data,2,12,3,1.9658,3.294,0.041
thread run,2,8,4,1.9664,3.294,0.072
application defined,2,12,3,1.9658,3.294,0.102
process see,2,12,3,1.9658,3.294,0.044
port using,2,12,3,1.9658,3.294,0.081
publicly available,2,12,3,1.9658,3.294,0.437
consistent way,2,12,3,1.9658,3.294,0.198
latest patch,2,8,4,1.9664,3.294,0.324
strongly encourage,2,12,3,1.9658,3.294,0.640
desired output,2,8,4,1.9664,3.294,0.225
whole number,2,12,3,1.9658,3.294,0.196
input format,2,12,3,1.9658,3.294,0.141
consistent behavior,2,12,3,1.9658,3.294,0.267
ignore attribute,2,8,4,1.9664,3.294,0.224
used to ensure,3,12,3,1.9658,3.294,0.147
used to replace,3,12,3,1.9658,3.294,0.231
inside the block,3,8,4,1.9664,3.294,0.224
used in many,3,8,4,1.9664,3.294,0.189
become the default,3,12,3,1.9658,3.294,0.248
index key,2,14,3,1.9530,3.291,0.093
thrown away,2,14,3,1.9530,3.291,0.390
asynchronous operation,2,14,3,1.9530,3.291,0.303
immediately without,2,14,3,1.9530,3.291,0.199
write operation,2,14,3,1.9530,3.291,0.175
other exception,2,14,3,1.9530,3.291,0.002
object used,2,14,3,1.9530,3.291,-0.074
response cycle,2,14,3,1.9530,3.291,0.326
update method,2,14,3,1.9530,3.291,0.045
re raised,2,14,3,1.9530,3.291,0.272
security related,2,14,3,1.9530,3.291,0.249
certificate verification,2,14,3,1.9530,3.291,0.514
exactly once,2,14,3,1.9530,3.291,0.231
function react,2,14,3,1.9530,3.291,-0.024
data format,2,14,3,1.9530,3.291,0.028
specific tag,2,14,3,1.9530,3.291,0.179
user interaction,2,14,3,1.9530,3.291,0.324
used more,2,10,3,1.9536,3.291,-0.064
data back,2,10,3,1.9536,3.291,0.064
life cycle,2,10,3,1.9536,3.291,0.534
first position,2,10,3,1.9536,3.291,0.206
reduce the size,3,14,3,1.9530,3.291,0.386
less than zero,3,14,3,1.9530,3.291,0.392
configuration is set,3,14,3,1.9530,3.291,0.203
return the first,3,10,3,1.9536,3.291,0.067
used to initialize,3,10,3,1.9536,3.291,0.281
check for null,3,10,3,1.9536,3.291,0.322
see the content,3,10,3,1.9536,3.291,0.178
send log,2,6,3,1.9501,3.290,0.210
circular reference,2,6,3,1.9501,3.290,0.375
legacy data,2,6,3,1.9501,3.290,0.182
two dimensional array,3,6,3,1.9501,3.290,0.451
using the flag,3,6,3,1.9501,3.290,0.123
inside or outside,3,6,3,1.9501,3.290,0.524
exact same version,3,6,3,1.9501,3.290,0.300
set to off,3,6,3,1.9501,3.290,0.272
another good reason,3,6,3,1.9501,3.290,0.412
problem without,2,7,3,1.9431,3.288,0.101
per hour,2,7,3,1.9431,3.288,0.406
other package,2,7,3,1.9431,3.288,0.025
out code,2,7,3,1.9431,3.288,-0.045
see many,2,7,3,1.9431,3.288,0.027
taking care,2,7,3,1.9431,3.288,0.419
script css,2,7,3,1.9431,3.288,0.158
generate static,2,7,3,1.9431,3.288,0.257
templating language,2,7,3,1.9431,3.288,0.491
other static,2,7,3,1.9431,3.288,0.090
use several,2,7,3,1.9431,3.288,0.030
user setting,2,7,3,1.9431,3.288,0.104
lookup tables,2,7,3,1.9431,3.288,0.352
specific database,2,16,2,1.9401,3.288,0.113
new location,2,16,2,1.9401,3.288,0.114
foreign object,2,16,2,1.9401,3.288,0.149
dictionary mapping,2,16,2,1.9401,3.288,0.370
zone information,2,16,2,1.9401,3.288,0.254
tuple data,2,16,2,1.9401,3.288,0.115
non compliant,2,16,2,1.9401,3.288,0.381
cache storage,2,16,2,1.9401,3.288,0.278
local system,2,16,2,1.9401,3.288,0.131
same docker,2,16,2,1.9401,3.288,-0.052
os version,2,16,2,1.9401,3.288,0.149
removed automatically,2,16,2,1.9401,3.288,0.195
long syntax,2,16,2,1.9401,3.288,0.181
os system,2,16,2,1.9401,3.288,0.192
user namespace,2,16,2,1.9401,3.288,0.196
data transfer,2,16,2,1.9401,3.288,0.242
network connect,2,16,2,1.9401,3.288,0.275
service running,2,16,2,1.9401,3.288,0.159
got confused,2,16,2,1.9401,3.288,0.462
same commit,2,16,2,1.9401,3.288,0.057
update git,2,16,2,1.9401,3.288,0.028
branch head,2,16,2,1.9401,3.288,0.264
merge ca,2,16,2,1.9401,3.288,0.357
usage string,2,16,2,1.9401,3.288,0.130
exec method,2,16,2,1.9401,3.288,0.216
local scope,2,16,2,1.9401,3.288,0.149
calling set,2,16,2,1.9401,3.288,0.086
given set,2,16,2,1.9401,3.288,0.054
system clock,2,16,2,1.9401,3.288,0.390
table definition,2,16,2,1.9401,3.288,0.176
total cost,2,16,2,1.9401,3.288,0.440
table scan,2,16,2,1.9401,3.288,0.265
specified table,2,16,2,1.9401,3.288,0.097
specific table,2,16,2,1.9401,3.288,0.113
component above,2,16,2,1.9401,3.288,0.144
specify them in,3,7,3,1.9431,3.288,0.239
ability to make,3,7,3,1.9431,3.288,0.234
return statement in,3,7,3,1.9431,3.288,0.120
arrow function syntax,3,7,3,1.9431,3.288,0.398
ways to handle,3,7,3,1.9431,3.288,0.297
prepared to handle,3,16,2,1.9401,3.288,0.400
time zone information,3,16,2,1.9401,3.288,0.264
within the database,3,16,2,1.9401,3.288,0.201
within the class,3,16,2,1.9401,3.288,0.173
disk space used,3,16,2,1.9401,3.288,0.298
running docker compose,3,16,2,1.9401,3.288,0.236
compose file format,3,16,2,1.9401,3.288,0.340
browser configuration,2,8,2,1.9360,3.287,0.146
output json,2,8,2,1.9360,3.287,0.064
qualified package,2,8,2,1.9360,3.287,0.341
package see,2,8,2,1.9360,3.287,0.022
name check,2,8,2,1.9360,3.287,0.029
given version,2,8,2,1.9360,3.287,0.086
see profile,2,8,2,1.9360,3.287,0.147
put request,2,8,2,1.9360,3.287,0.166
current release,2,8,2,1.9360,3.287,0.141
private class,2,8,2,1.9360,3.287,0.174
like import,2,8,2,1.9360,3.287,0.049
same rule,2,8,2,1.9360,3.287,0.004
request instead,2,8,2,1.9360,3.287,0.057
same password,2,8,2,1.9360,3.287,0.116
active context,2,8,2,1.9360,3.287,0.271
request error,2,8,2,1.9360,3.287,0.007
query get,2,8,2,1.9360,3.287,0.031
application like,2,8,2,1.9360,3.287,0.002
pass validation,2,8,2,1.9360,3.287,0.207
field parameter,2,8,2,1.9360,3.287,0.101
see model,2,8,2,1.9360,3.287,0.033
other field,2,8,2,1.9360,3.287,0.017
import specifier,2,8,2,1.9360,3.287,0.378
reducer state,2,8,2,1.9360,3.287,0.121
text segmentation,2,8,2,1.9360,3.287,0.437
between major,2,8,2,1.9360,3.287,0.240
header name,2,8,2,1.9372,3.287,0.119
commit into,2,8,2,1.9372,3.287,0.078
previously installed,2,8,2,1.9372,3.287,0.299
xml serialization,2,8,2,1.9372,3.287,0.403
better approach,2,8,2,1.9372,3.287,0.267
good chance,2,8,2,1.9372,3.287,0.390
single point,2,8,2,1.9372,3.287,0.137
use command,2,8,2,1.9372,3.287,-0.103
restart on,2,8,2,1.9372,3.287,0.087
actual error,2,8,2,1.9372,3.287,0.108
apache commons,2,8,2,1.9372,3.287,0.652
quite right,2,8,2,1.9372,3.287,0.302
use try,2,8,2,1.9372,3.287,-0.038
generic method,2,8,2,1.9372,3.287,0.127
system data,2,8,2,1.9372,3.287,0.020
standard compliant,2,8,2,1.9372,3.287,0.379
python site,2,8,2,1.9372,3.287,0.173
style attribute,2,8,2,1.9372,3.287,0.234
conflict with other,3,8,2,1.9360,3.287,0.314
fully qualified package,3,8,2,1.9360,3.287,0.388
running the build,3,8,2,1.9360,3.287,0.197
set of custom,3,8,2,1.9360,3.287,0.224
unable to upgrade,3,8,2,1.9360,3.287,0.454
start with test,3,8,2,1.9360,3.287,0.224
made available via,3,8,2,1.9360,3.287,0.467
setup and teardown,3,8,2,1.9360,3.287,0.618
script is executed,3,8,2,1.9372,3.287,0.283
first get,2,9,3,1.9302,3.286,-0.011
different git,2,5,4,1.9308,3.286,-0.001
output anything,2,5,4,1.9308,3.286,0.141
block like,2,5,4,1.9308,3.286,0.044
creation process,2,9,3,1.9302,3.286,0.277
lock up,2,5,4,1.9308,3.286,0.165
such case,2,9,3,1.9302,3.286,0.030
personal preference,2,5,4,1.9308,3.286,0.590
extension installed,2,9,3,1.9302,3.286,0.234
standard module,2,9,3,1.9302,3.286,0.098
using up,2,5,4,1.9308,3.286,-0.043
other method,2,9,3,1.9302,3.286,-0.027
project needs,2,9,3,1.9302,3.286,0.150
command works,2,5,4,1.9308,3.286,0.079
strongly discouraged,2,9,3,1.9302,3.286,0.656
information check,2,5,4,1.9308,3.286,0.089
control on,2,9,3,1.9302,3.286,-0.006
sublime text,2,5,4,1.9308,3.286,0.555
appropriate method,2,9,3,1.9302,3.286,0.159
similar approach,2,9,3,1.9302,3.286,0.247
second third,2,5,4,1.9308,3.286,0.263
test context,2,9,3,1.9302,3.286,0.075
final code,2,5,4,1.9308,3.286,0.102
common cause,2,9,3,1.9302,3.286,0.208
first reason,2,5,4,1.9308,3.286,0.123
anymore instead,2,5,4,1.9308,3.286,0.276
once you know,3,5,4,1.9308,3.286,0.309
need to allow,3,9,3,1.9302,3.286,0.088
such as test,3,5,4,1.9308,3.286,0.044
compatible with version,3,5,4,1.9308,3.286,0.250
used to include,3,9,3,1.9302,3.286,0.157
change was made,3,9,3,1.9302,3.286,0.400
create the object,3,9,3,1.9302,3.286,0.118
until you call,3,5,4,1.9308,3.286,0.328
want to format,3,9,3,1.9302,3.286,0.067
able to recognize,3,5,4,1.9308,3.286,0.403
file as opposed,3,5,4,1.9308,3.286,0.253
function will never,3,5,4,1.9308,3.286,0.215
code to understand,3,5,4,1.9308,3.286,0.122
amount of information,3,9,3,1.9302,3.286,0.242
like this using,3,5,4,1.9308,3.286,0.037
again the same,3,5,4,1.9308,3.286,0.097
make it into,3,5,4,1.9308,3.286,0.178
output goes,2,10,2,1.9232,3.284,0.195
again without,2,6,3,1.9238,3.284,0.141
single dash,2,6,3,1.9238,3.284,0.405
new temporary,2,6,3,1.9238,3.284,0.159
most non,2,10,2,1.9232,3.284,0.122
extension such,2,10,2,1.9232,3.284,0.133
configured through,2,10,2,1.9232,3.284,0.244
disable automatic,2,10,2,1.9232,3.284,0.352
runtime code,2,6,3,1.9238,3.284,0.048
api service,2,10,2,1.9232,3.284,0.134
current configuration,2,10,2,1.9232,3.284,0.092
another program,2,10,2,1.9232,3.284,0.118
variable assignment,2,6,3,1.9238,3.284,0.216
code harder,2,10,2,1.9232,3.284,0.194
expression body,2,10,2,1.9232,3.284,0.199
instead such,2,6,3,1.9238,3.284,0.028
string name,2,10,2,1.9232,3.284,-0.028
provide specific,2,6,3,1.9238,3.284,0.154
template use,2,10,2,1.9232,3.284,0.001
data handling,2,10,2,1.9232,3.284,0.102
help keep,2,6,3,1.9238,3.284,0.193
set cookie,2,10,2,1.9232,3.284,0.215
user error,2,10,2,1.9232,3.284,-0.023
type defined,2,6,3,1.9238,3.284,0.019
whole test,2,6,3,1.9238,3.284,0.170
per session,2,10,2,1.9232,3.284,0.271
indirectly via,2,10,2,1.9232,3.284,0.463
scope block,2,6,3,1.9238,3.284,0.150
older style,2,6,3,1.9238,3.284,0.303
different action,2,6,3,1.9238,3.284,0.090
final version,2,6,3,1.9238,3.284,0.188
call select,2,10,2,1.9232,3.284,0.092
multi page,2,10,2,1.9232,3.284,0.258
source path,2,10,2,1.9232,3.284,0.090
cannot be mixed,3,10,2,1.9232,3.284,0.456
causing an error,3,6,3,1.9238,3.284,0.302
attempt to load,3,10,2,1.9232,3.284,0.342
needing to specify,3,6,3,1.9238,3.284,0.390
stay in sync,3,10,2,1.9232,3.284,0.605
hard to track,3,6,3,1.9238,3.284,0.431
way to provide,3,10,2,1.9232,3.284,0.164
event is emitted,3,10,2,1.9232,3.284,0.519
needing to write,3,6,3,1.9238,3.284,0.363
using the use,3,10,2,1.9232,3.284,-0.061
using pip install,3,6,3,1.9238,3.284,0.274
argument and return,3,10,2,1.9232,3.284,0.255
time to see,3,6,3,1.9238,3.284,0.127
properly handle,2,11,3,1.9173,3.283,0.294
level variable,2,11,3,1.9173,3.283,0.100
occur on,2,11,3,1.9173,3.283,0.102
contain two,2,11,3,1.9173,3.283,0.148
ascii data,2,11,3,1.9173,3.283,0.197
normal property,2,11,3,1.9173,3.283,0.217
static version,2,11,3,1.9173,3.283,0.124
most used,2,11,3,1.9173,3.283,0.014
many use,2,11,3,1.9173,3.283,-0.049
path inside,2,11,3,1.9173,3.283,0.077
returned instead,2,11,3,1.9173,3.283,0.116
original text,2,11,3,1.9173,3.283,0.188
performance critical,2,11,3,1.9173,3.283,0.377
more extensive,2,11,3,1.9173,3.283,0.325
see get,2,11,3,1.9173,3.283,-0.039
full range,2,11,3,1.9173,3.283,0.245
default ordering,2,11,3,1.9173,3.283,0.194
bit like,2,7,3,1.9180,3.283,0.078
exact output,2,7,3,1.9180,3.283,0.191
certain point,2,7,3,1.9180,3.283,0.232
few hundred,2,7,3,1.9180,3.283,0.521
goes up,2,7,3,1.9180,3.283,0.207
value first,2,7,3,1.9180,3.283,-0.057
pushed into,2,7,3,1.9180,3.283,0.257
directory without,2,7,3,1.9180,3.283,0.054
case insensitivity,2,7,3,1.9180,3.283,0.515
new space,2,7,3,1.9180,3.283,0.113
current head,2,7,3,1.9180,3.283,0.222
dangling pointer,2,7,3,1.9180,3.283,0.438
insert in,2,7,3,1.9180,3.283,-0.028
type another,2,7,3,1.9180,3.283,0.007
same element,2,7,3,1.9180,3.283,0.063
base case,2,7,3,1.9180,3.283,0.110
wrap around,2,7,3,1.9180,3.283,0.332
write two,2,7,3,1.9180,3.283,0.081
method to convert,3,11,3,1.9173,3.283,0.222
using the local,3,11,3,1.9173,3.283,0.116
trying to start,3,11,3,1.9173,3.283,0.179
want to log,3,11,3,1.9173,3.283,0.089
file and line,3,7,3,1.9180,3.283,0.199
set the output,3,7,3,1.9180,3.283,0.088
able to send,3,7,3,1.9180,3.283,0.228
parameter to specify,3,7,3,1.9180,3.283,0.216
tell the user,3,7,3,1.9180,3.283,0.260
instead of two,3,7,3,1.9180,3.283,0.087
note the use,3,7,3,1.9180,3.283,0.132
first or second,3,7,3,1.9180,3.283,0.489
git path,2,12,2,1.9103,3.281,-0.003
quick overview,2,8,3,1.9109,3.281,0.517
now require,2,12,2,1.9103,3.281,0.131
discouraged in,2,12,2,1.9103,3.281,0.151
property object,2,12,2,1.9103,3.281,0.021
undefined instead,2,12,2,1.9103,3.281,0.164
specify custom,2,12,2,1.9103,3.281,0.160
configuration see,2,12,2,1.9103,3.281,0.015
global property,2,12,2,1.9103,3.281,0.172
another place,2,8,3,1.9109,3.281,0.174
mechanism used,2,12,2,1.9103,3.281,0.170
public data,2,12,2,1.9103,3.281,0.112
template request,2,12,2,1.9103,3.281,0.145
let other,2,8,3,1.9109,3.281,0.092
get support,2,12,2,1.9103,3.281,0.036
via other,2,12,2,1.9103,3.281,0.075
mode parameter,2,12,2,1.9103,3.281,0.132
datetime value,2,12,2,1.9103,3.281,0.169
experimental version,2,12,2,1.9103,3.281,0.223
set trace,2,12,2,1.9103,3.281,0.163
now pass,2,8,3,1.9109,3.281,0.073
support running,2,12,2,1.9103,3.281,0.094
through multiple,2,12,2,1.9103,3.281,0.124
original state,2,12,2,1.9103,3.281,0.130
run whenever,2,8,3,1.9109,3.281,0.169
particular user,2,8,3,1.9109,3.281,0.131
input state,2,12,2,1.9103,3.281,0.077
contain sensitive,2,12,2,1.9103,3.281,0.366
changed file,2,8,3,1.9109,3.281,0.072
file server,2,12,2,1.9103,3.281,-0.035
using the target,3,12,2,1.9103,3.281,0.114
see the configuration,3,12,2,1.9103,3.281,0.112
try to remove,3,8,3,1.9109,3.281,0.223
affect the behavior,3,12,2,1.9103,3.281,0.361
function in order,3,8,3,1.9109,3.281,0.078
number is na,3,12,2,1.9103,3.281,0.414
intended to replace,3,8,3,1.9109,3.281,0.388
command line use,3,12,2,1.9103,3.281,-0.003
want to combine,3,8,3,1.9109,3.281,0.199
logging log record,3,12,2,1.9103,3.281,0.624
state update logic,3,12,2,1.9103,3.281,0.335
fully functional,2,13,2,1.9045,3.280,0.457
two classes,2,13,2,1.9045,3.280,0.148
migration file,2,13,2,1.9045,3.280,0.178
support release,2,13,2,1.9045,3.280,0.139
current url,2,13,2,1.9045,3.280,0.140
xml parser,2,13,2,1.9045,3.280,0.351
object cannot,2,13,2,1.9045,3.280,0.043
upper limit,2,13,2,1.9045,3.280,0.424
time such,2,13,2,1.9045,3.280,0.006
open web,2,13,2,1.9045,3.280,0.178
use fixed,2,13,2,1.9045,3.280,-0.014
new volume,2,13,2,1.9045,3.280,0.178
name email,2,13,2,1.9045,3.280,0.123
removed on,2,13,2,1.9045,3.280,0.005
recursive function,2,13,2,1.9045,3.280,0.171
internationalization api,2,13,2,1.9045,3.280,0.427
forward slash,2,13,2,1.9045,3.280,0.513
promise returned,2,13,2,1.9045,3.280,0.266
most once,2,13,2,1.9045,3.280,0.131
similar function,2,13,2,1.9045,3.280,0.033
session start,2,13,2,1.9045,3.280,0.200
grant select,2,13,2,1.9045,3.280,0.358
join condition,2,13,2,1.9045,3.280,0.335
descriptor type,2,13,2,1.9045,3.280,0.192
outside the container,3,13,2,1.9045,3.280,0.279
file to define,3,13,2,1.9045,3.280,0.131
up the environment,3,13,2,1.9045,3.280,0.226
array in place,3,13,2,1.9045,3.280,0.265
document object model,3,13,2,1.9045,3.280,0.537
method is like,3,13,2,1.9045,3.280,0.159
specified path,2,14,2,1.8974,3.278,0.066
use package,2,6,3,1.8946,3.278,-0.055
cannot represent,2,14,2,1.8974,3.278,0.289
get text,2,6,3,1.8946,3.278,0.046
default language,2,14,2,1.8974,3.278,0.077
test multiple,2,6,3,1.8946,3.278,0.041
use control,2,10,3,1.8981,3.278,0.002
function instance,2,14,2,1.8974,3.278,-0.005
const keyword,2,10,3,1.8981,3.278,0.337
new symbol,2,14,2,1.8974,3.278,0.134
command type,2,10,3,1.8981,3.278,-0.049
json path,2,14,2,1.8974,3.278,0.074
file response,2,14,2,1.8974,3.278,0.034
log txt,2,6,3,1.8946,3.278,0.294
become available,2,14,2,1.8974,3.278,0.246
cannot convert,2,6,3,1.8946,3.278,0.245
exposed on,2,14,2,1.8974,3.278,0.163
python interface,2,14,2,1.8974,3.278,0.152
data use,2,14,2,1.8974,3.278,-0.138
python shell,2,14,2,1.8974,3.278,0.125
expand on,2,6,3,1.8946,3.278,0.186
timeout parameter,2,14,2,1.8974,3.278,0.280
file once,2,6,3,1.8946,3.278,0.033
something really,2,6,3,1.8946,3.278,0.214
two special,2,14,2,1.8974,3.278,0.149
during model,2,14,2,1.8974,3.278,0.152
another terminal,2,10,3,1.8981,3.278,0.207
provide custom,2,14,2,1.8974,3.278,0.166
function test,2,14,2,1.8974,3.278,-0.066
now define,2,10,3,1.8981,3.278,0.095
second edition,2,6,3,1.8946,3.278,0.323
memo use,2,14,2,1.8974,3.278,0.176
data store,2,14,2,1.8974,3.278,0.022
generate random,2,6,3,1.8946,3.278,0.338
actual name,2,10,3,1.8981,3.278,0.124
less often,2,10,3,1.8981,3.278,0.255
start reading,2,10,3,1.8981,3.278,0.220
removed use,2,14,2,1.8974,3.278,0.014
additional context,2,10,3,1.8981,3.278,0.179
now properly,2,14,2,1.8974,3.278,0.198
resulting output,2,10,3,1.8981,3.278,0.207
file note,2,10,3,1.8981,3.278,-0.024
pre processing,2,6,3,1.8946,3.278,0.374
default limit,2,14,2,1.8974,3.278,0.146
add documentation,2,6,2,1.8987,3.278,0.078
data once,2,6,2,1.8987,3.278,0.047
useful functionality,2,6,2,1.8987,3.278,0.230
bring in,2,6,2,1.8987,3.278,0.065
variable now,2,6,2,1.8987,3.278,0.026
data processing,2,6,2,1.8987,3.278,0.159
code note,2,6,2,1.8987,3.278,-0.049
sending end,2,6,2,1.8987,3.278,0.272
invalid index,2,6,2,1.8987,3.278,0.217
second connection,2,6,2,1.8987,3.278,0.206
unsigned bit,2,6,2,1.8987,3.278,0.400
closing curly,2,6,2,1.8987,3.278,0.508
string call,2,6,2,1.8987,3.278,0.010
os string,2,6,2,1.8987,3.278,0.127
like to store,3,6,3,1.8946,3.278,0.166
use the local,3,14,2,1.8974,3.278,0.080
install the package,3,6,3,1.8946,3.278,0.270
optional configuration object,3,14,2,1.8974,3.278,0.432
easier to work,3,14,2,1.8974,3.278,0.202
statement is used,3,14,2,1.8974,3.278,0.189
file to specify,3,10,3,1.8981,3.278,0.106
option to disable,3,14,2,1.8974,3.278,0.234
value is provided,3,14,2,1.8974,3.278,0.185
know the difference,3,6,3,1.8946,3.278,0.262
case the value,3,10,3,1.8981,3.278,0.074
use the debug,3,6,3,1.8946,3.278,0.153
used to give,3,14,2,1.8974,3.278,0.190
instead of showing,3,14,2,1.8974,3.278,0.259
get your code,3,10,3,1.8981,3.278,0.107
set the option,3,6,3,1.8946,3.278,0.149
easy to run,3,10,3,1.8981,3.278,0.184
ability to specify,3,10,3,1.8981,3.278,0.301
interested in learning,3,6,2,1.8987,3.278,0.513
try to guess,3,6,2,1.8987,3.278,0.314
error when calling,3,6,2,1.8987,3.278,0.259
important to check,3,6,2,1.8987,3.278,0.281
outside that range,3,6,2,1.8987,3.278,0.568
overwrite an existing,3,6,2,1.8987,3.278,0.496
match the query,3,6,2,1.8987,3.278,0.231
likely need,2,7,3,1.8875,3.276,0.159
using env,2,7,3,1.8875,3.276,0.098
test configuration,2,7,3,1.8875,3.276,0.038
api response,2,7,3,1.8875,3.276,0.104
using module,2,7,3,1.8875,3.276,-0.038
script instead,2,7,3,1.8875,3.276,0.038
state via,2,7,3,1.8875,3.276,0.099
due to new,3,7,3,1.8875,3.276,0.116
original source code,3,7,3,1.8875,3.276,0.300
used to filter,3,7,3,1.8875,3.276,0.220
using the react,3,7,3,1.8875,3.276,0.077
output directly,2,8,3,1.8817,3.275,0.086
lower priority,2,16,2,1.8846,3.275,0.469
use empty,2,8,3,1.8817,3.275,0.001
without ever,2,8,3,1.8817,3.275,0.254
behave in,2,16,2,1.8846,3.275,0.050
hub organization,2,16,2,1.8846,3.275,0.293
quick search,2,8,3,1.8817,3.275,0.377
python exe,2,16,2,1.8846,3.275,0.285
task manager,2,8,3,1.8817,3.275,0.318
good alternative,2,8,3,1.8817,3.275,0.312
starting up,2,8,3,1.8817,3.275,0.161
default message,2,8,3,1.8817,3.275,0.030
text representation,2,16,2,1.8846,3.275,0.250
error later,2,16,2,1.8846,3.275,0.028
lambda function,2,8,3,1.8817,3.275,0.222
field without,2,16,2,1.8846,3.275,0.067
actual class,2,8,3,1.8817,3.275,0.163
user session,2,16,2,1.8846,3.275,0.153
function reference,2,8,3,1.8817,3.275,-0.020
thus far,2,8,3,1.8817,3.275,0.351
current instance,2,8,3,1.8817,3.275,0.106
specific class,2,8,3,1.8817,3.275,0.083
rest assured,2,12,2,1.8852,3.275,0.639
time rather,2,12,2,1.8852,3.275,0.084
storage space,2,12,2,1.8852,3.275,0.313
serial number,2,12,2,1.8852,3.275,0.349
backup directory,2,12,2,1.8852,3.275,0.261
core autocrlf,2,12,2,1.8852,3.275,0.594
catch up,2,12,2,1.8852,3.275,0.139
doc book,2,12,2,1.8852,3.275,0.395
execute function,2,12,2,1.8852,3.275,0.071
array from async,3,16,2,1.8846,3.275,0.448
option is never,3,16,2,1.8846,3.275,0.283
look more like,3,8,3,1.8817,3.275,0.444
async dispose method,3,16,2,1.8846,3.275,0.443
make your own,3,8,3,1.8817,3.275,0.174
variable to false,3,16,2,1.8846,3.275,0.253
value to return,3,16,2,1.8846,3.275,0.122
set the path,3,8,3,1.8817,3.275,0.138
format is used,3,16,2,1.8846,3.275,0.168
sure to update,3,8,3,1.8817,3.275,0.265
used to retrieve,3,16,2,1.8846,3.275,0.241
table of contents,3,16,2,1.8846,3.275,0.476
file to add,3,8,3,1.8817,3.275,0.066
modifying the original,3,16,2,1.8846,3.275,0.394
up the call,3,8,3,1.8817,3.275,0.198
git commit amend,3,16,2,1.8846,3.275,0.463
client side code,3,8,3,1.8817,3.275,0.210
file is read,3,12,2,1.8852,3.275,0.244
global context,2,9,3,1.8747,3.273,0.185
change other,2,9,3,1.8747,3.273,0.004
see documentation,2,9,3,1.8747,3.273,0.044
persist across,2,9,3,1.8747,3.273,0.469
configuration key,2,9,3,1.8747,3.273,0.082
particular file,2,9,3,1.8747,3.273,0.066
beginning in,2,9,3,1.8747,3.273,0.010
external resource,2,9,3,1.8747,3.273,0.303
calling get,2,9,3,1.8747,3.273,0.091
four different,2,9,3,1.8747,3.273,0.245
declared on,2,9,3,1.8747,3.273,0.058
other different,2,5,4,1.8753,3.273,-0.006
response using,2,9,3,1.8747,3.273,0.019
own use,2,9,3,1.8747,3.273,-0.026
server machine,2,9,3,1.8747,3.273,0.162
real object,2,5,4,1.8753,3.273,0.107
query instead,2,5,4,1.8753,3.273,0.054
client library,2,9,3,1.8747,3.273,0.141
two tuple,2,5,4,1.8753,3.273,0.174
via environment,2,9,3,1.8747,3.273,0.151
location data,2,9,3,1.8747,3.273,0.107
whatever other,2,5,4,1.8753,3.273,0.171
using arrow,2,9,3,1.8747,3.273,0.161
script api,2,9,3,1.8747,3.273,0.046
file change,2,9,3,1.8747,3.273,-0.021
tend to use,3,5,4,1.8753,3.273,0.221
difficult to track,3,5,4,1.8753,3.273,0.432
code in order,3,5,4,1.8753,3.273,0.064
use in other,3,5,4,1.8753,3.273,0.070
flag to indicate,3,9,3,1.8747,3.273,0.312
function to find,3,5,4,1.8753,3.273,0.094
function to see,3,5,4,1.8753,3.273,0.071
want to manually,3,9,3,1.8747,3.273,0.157
want the same,3,5,4,1.8753,3.273,-0.033
using the cache,3,9,3,1.8747,3.273,0.146
used to resolve,3,9,3,1.8747,3.273,0.229
most common ways,3,5,4,1.8753,3.273,0.395
know the value,3,5,4,1.8753,3.273,0.123
suppress the warning,3,5,4,1.8753,3.273,0.520
time to use,3,5,4,1.8753,3.273,-0.005
take an array,3,5,4,1.8753,3.273,0.218
doing the same,3,9,3,1.8747,3.273,0.110
looking for help,3,5,4,1.8753,3.273,0.319
text box,2,10,2,1.8689,3.272,0.221
column alias,2,10,2,1.8689,3.272,0.281
bottom right,2,10,2,1.8689,3.272,0.349
string buffer,2,10,2,1.8689,3.272,0.168
cron job,2,10,2,1.8689,3.272,0.604
wrapper class,2,10,2,1.8689,3.272,0.215
based approach,2,10,2,1.8689,3.272,0.225
proper use,2,10,2,1.8689,3.272,0.129
boot docker,2,10,2,1.8689,3.272,0.296
default group,2,10,2,1.8689,3.272,0.119
tell docker,2,10,2,1.8689,3.272,0.126
pseudo tty,2,10,2,1.8689,3.272,0.604
source line,2,10,2,1.8689,3.272,0.083
re add,2,10,2,1.8689,3.272,0.107
re execute,2,10,2,1.8689,3.272,0.235
two way,2,10,2,1.8689,3.272,0.029
copy operation,2,10,2,1.8689,3.272,0.213
per branch,2,10,2,1.8689,3.272,0.218
remote ref,2,10,2,1.8689,3.272,0.256
performance difference,2,10,2,1.8689,3.272,0.253
tree traversal,2,10,2,1.8689,3.272,0.415
normal execution,2,10,2,1.8689,3.272,0.298
time like,2,10,2,1.8689,3.272,-0.044
element like,2,10,2,1.8689,3.272,0.049
instead of running,3,10,2,1.8689,3.272,0.106
want to download,3,10,2,1.8689,3.272,0.186
used to list,3,10,2,1.8689,3.272,0.084
non bare repository,3,10,2,1.8689,3.272,0.453
cannot take,2,7,4,1.8624,3.270,0.165
help reduce,2,11,3,1.8618,3.270,0.282
control character,2,11,3,1.8618,3.270,0.221
time through,2,7,4,1.8624,3.270,0.069
apply in,2,11,3,1.8618,3.270,-0.079
cannot modify,2,11,3,1.8618,3.270,0.240
many small,2,11,3,1.8618,3.270,0.211
getting into,2,7,4,1.8624,3.270,0.143
included on,2,11,3,1.8618,3.270,0.026
another computer,2,7,4,1.8624,3.270,0.258
good rule,2,11,3,1.8618,3.270,0.134
ide support,2,7,4,1.8624,3.270,0.305
during class,2,11,3,1.8618,3.270,0.112
argument used,2,11,3,1.8618,3.270,0.016
promise based,2,11,3,1.8618,3.270,0.238
server response,2,11,3,1.8618,3.270,0.096
level set,2,7,4,1.8624,3.270,0.051
update existing,2,11,3,1.8618,3.270,0.143
small set,2,11,3,1.8618,3.270,0.138
debug view,2,11,3,1.8618,3.270,0.211
agree on,2,7,4,1.8624,3.270,0.268
file next,2,7,4,1.8624,3.270,0.022
use the system,3,11,3,1.8618,3.270,0.071
without an explicit,3,11,3,1.8618,3.270,0.300
used to test,3,11,3,1.8618,3.270,0.067
environment variable set,3,7,4,1.8624,3.270,0.145
against the same,3,11,3,1.8618,3.270,0.134
need to maintain,3,11,3,1.8618,3.270,0.247
set to anything,3,7,4,1.8624,3.270,0.255
provide their own,3,11,3,1.8618,3.270,0.313
find them in,3,7,4,1.8624,3.270,0.218
command will return,3,7,4,1.8624,3.270,0.202
way to say,3,11,3,1.8618,3.270,0.216
equal to zero,3,11,3,1.8618,3.270,0.373
using this pattern,3,7,4,1.8624,3.270,0.223
write the same,3,7,4,1.8624,3.270,0.038
reading the source,3,7,4,1.8624,3.270,0.325
create and destroy,3,11,3,1.8618,3.270,0.476
code coverage,2,13,3,1.8490,3.267,0.243
alias name,2,13,3,1.8490,3.267,0.150
minimum number,2,13,3,1.8490,3.267,0.250
select command,2,13,3,1.8490,3.267,0.069
global function,2,13,3,1.8490,3.267,0.045
own database,2,13,3,1.8490,3.267,0.122
custom management,2,13,3,1.8490,3.267,0.266
data method,2,13,3,1.8490,3.267,-0.043
application use,2,13,3,1.8490,3.267,-0.069
current python,2,13,3,1.8490,3.267,0.053
function calling,2,13,3,1.8490,3.267,0.040
use auto,2,13,3,1.8490,3.267,0.066
support on,2,13,3,1.8490,3.267,-0.064
git object,2,13,3,1.8490,3.267,-0.065
list tuple,2,13,3,1.8490,3.267,0.163
similar functionality,2,13,3,1.8490,3.267,0.242
relatively small,2,13,3,1.8490,3.267,0.453
output style,2,13,3,1.8490,3.267,0.132
set user,2,13,3,1.8490,3.267,-0.009
modern react,2,13,3,1.8490,3.267,0.239
now included,2,13,3,1.8490,3.267,0.136
removed during,2,13,3,1.8490,3.267,0.207
name given,2,13,3,1.8490,3.267,0.051
separate process,2,13,3,1.8490,3.267,0.190
new url,2,13,3,1.8490,3.267,0.057
other text,2,9,3,1.8496,3.267,0.033
encode error,2,9,3,1.8496,3.267,0.239
helpful error,2,9,3,1.8496,3.267,0.177
using raw,2,9,3,1.8496,3.267,0.112
directory open,2,9,3,1.8496,3.267,0.100
option used,2,9,3,1.8496,3.267,-0.036
shared data,2,9,3,1.8496,3.267,0.105
option note,2,9,3,1.8496,3.267,0.025
map on,2,9,3,1.8496,3.267,0.015
row wise,2,9,3,1.8496,3.267,0.489
during the initialization,3,13,3,1.8490,3.267,0.419
need to migrate,3,13,3,1.8490,3.267,0.266
setting the environment,3,13,3,1.8490,3.267,0.267
request response cycle,3,13,3,1.8490,3.267,0.538
support for running,3,13,3,1.8490,3.267,0.197
contain at least,3,9,3,1.8496,3.267,0.278
let you specify,3,9,3,1.8496,3.267,0.337
necessary to ensure,3,9,3,1.8496,3.267,0.316
across the whole,3,9,3,1.8496,3.267,0.359
terminal and run,3,9,3,1.8496,3.267,0.332
note that git,3,9,3,1.8496,3.267,0.051
set the configuration,3,9,3,1.8496,3.267,0.163
name or alias,3,9,3,1.8496,3.267,0.444
down the server,3,9,3,1.8496,3.267,0.241
considered harmful,2,5,2,1.8461,3.266,0.592
problem comes,2,5,2,1.8461,3.266,0.247
re include,2,5,2,1.8461,3.266,0.185
other browser,2,5,2,1.8461,3.266,0.077
app module,2,5,2,1.8461,3.266,0.060
package under,2,5,2,1.8461,3.266,0.174
xml path,2,5,2,1.8461,3.266,0.207
nullable value,2,5,2,1.8461,3.266,0.261
unknown context,2,5,2,1.8461,3.266,0.296
tried calling,2,5,2,1.8461,3.266,0.244
last action,2,5,2,1.8461,3.266,0.162
crash reporter,2,5,2,1.8461,3.266,0.464
human mind,2,5,2,1.8461,3.266,0.410
asynchronous flow,2,5,2,1.8461,3.266,0.375
run fine,2,5,2,1.8461,3.266,0.153
saga pattern,2,5,2,1.8461,3.266,0.377
node package,2,5,2,1.8461,3.266,0.103
app loading,2,5,2,1.8461,3.266,0.215
expected please,2,5,2,1.8461,3.266,0.242
event emitter,2,5,2,1.8461,3.266,0.610
got object,2,5,2,1.8461,3.266,0.128
quite understand,2,5,2,1.8461,3.266,0.333
except the first,3,5,2,1.8461,3.266,0.185
sending the request,3,5,2,1.8461,3.266,0.362
trying to parse,3,5,2,1.8461,3.266,0.273
thunk or redux,3,5,2,1.8461,3.266,0.534
forget to add,3,5,2,1.8461,3.266,0.316
try to handle,3,5,2,1.8461,3.266,0.219
looking for something,3,5,2,1.8461,3.266,0.306
read more on,3,5,2,1.8461,3.266,0.180
correct format,2,6,3,1.8391,3.265,0.145
another async,2,6,3,1.8391,3.265,0.137
another json,2,6,3,1.8391,3.265,0.105
probably end,2,6,3,1.8391,3.265,0.211
current path,2,6,3,1.8391,3.265,0.065
client rather,2,6,3,1.8391,3.265,0.169
stop on,2,6,3,1.8391,3.265,0.042
app such,2,6,3,1.8391,3.265,0.048
per component,2,6,3,1.8391,3.265,0.197
pre processor,2,6,3,1.8391,3.265,0.449
course of action,3,6,3,1.8391,3.265,0.497
probably end up,3,6,3,1.8391,3.265,0.372
such as making,3,6,3,1.8391,3.265,0.184
column definition,2,15,2,1.8361,3.264,0.234
template variable,2,15,2,1.8361,3.264,0.125
based authentication,2,15,2,1.8361,3.264,0.242
datetime module,2,15,2,1.8361,3.264,0.250
input argument,2,15,2,1.8361,3.264,0.125
match between,2,15,2,1.8361,3.264,0.124
atomic block,2,15,2,1.8361,3.264,0.368
permanent redirect,2,15,2,1.8361,3.264,0.541
user creation,2,15,2,1.8361,3.264,0.218
disk in,2,15,2,1.8361,3.264,-0.009
date part,2,15,2,1.8361,3.264,0.163
file access,2,15,2,1.8361,3.264,-0.003
container networking,2,15,2,1.8361,3.264,0.332
service discovery,2,15,2,1.8361,3.264,0.413
set docker,2,15,2,1.8361,3.264,-0.056
another service,2,15,2,1.8361,3.264,0.161
specified location,2,15,2,1.8361,3.264,0.190
pull push,2,15,2,1.8361,3.264,0.278
system prune,2,15,2,1.8361,3.264,0.308
policy file,2,15,2,1.8361,3.264,0.117
new log,2,15,2,1.8361,3.264,0.050
robust against,2,15,2,1.8361,3.264,0.438
single parent,2,15,2,1.8361,3.264,0.169
merge result,2,15,2,1.8361,3.264,0.109
byte sequence,2,15,2,1.8361,3.264,0.334
character escape,2,15,2,1.8361,3.264,0.319
base object,2,15,2,1.8361,3.264,0.051
enclosing scope,2,15,2,1.8361,3.264,0.396
date prototype,2,15,2,1.8361,3.264,0.250
output list,2,15,2,1.8361,3.264,0.020
start tag,2,15,2,1.8361,3.264,0.169
sign bit,2,15,2,1.8361,3.264,0.279
function twice,2,15,2,1.8361,3.264,0.149
react automatically,2,15,2,1.8361,3.264,0.112
profile component,2,15,2,1.8361,3.264,0.239
previous render,2,15,2,1.8361,3.264,0.240
long running process,3,15,2,1.8361,3.264,0.399
argument is used,3,15,2,1.8361,3.264,0.155
function must return,3,15,2,1.8361,3.264,0.265
store the data,3,15,2,1.8361,3.264,0.156
container using docker,3,15,2,1.8361,3.264,0.302
docker compose command,3,15,2,1.8361,3.264,0.183
installation is successful,3,15,2,1.8361,3.264,0.590
number of unique,3,15,2,1.8361,3.264,0.219
without the use,3,15,2,1.8361,3.264,0.093
checked out in,3,15,2,1.8361,3.264,0.134
element is found,3,15,2,1.8361,3.264,0.370
use its method,3,15,2,1.8361,3.264,0.313
specify the language,3,15,2,1.8361,3.264,0.276
language whose formatting,3,15,2,1.8361,3.264,0.594
module search path,3,15,2,1.8361,3.264,0.357
inside your component,3,15,2,1.8361,3.264,0.317
compiler diagnostics,2,7,2,1.8320,3.263,0.335
test option,2,7,2,1.8320,3.263,-0.005
produced during,2,7,2,1.8320,3.263,0.335
git based,2,7,2,1.8320,3.263,0.052
documentation site,2,7,2,1.8320,3.263,0.234
type key,2,7,2,1.8320,3.263,-0.007
meta information,2,7,2,1.8320,3.263,0.243
strict true,2,7,2,1.8320,3.263,0.204
frozen true,2,7,2,1.8320,3.263,0.366
consistent use,2,7,2,1.8320,3.263,0.085
specific line,2,7,2,1.8320,3.263,0.075
param class,2,7,2,1.8320,3.263,0.305
ancestor directory,2,7,2,1.8320,3.263,0.338
return special,2,7,2,1.8320,3.263,0.137
provide automatic,2,7,2,1.8320,3.263,0.286
process per,2,7,2,1.8320,3.263,0.194
request handling,2,7,2,1.8320,3.263,0.178
editable mode,2,7,2,1.8320,3.263,0.425
instance during,2,7,2,1.8320,3.263,0.149
reduce risk,2,7,2,1.8320,3.263,0.450
union type,2,7,2,1.8320,3.263,0.188
calling model,2,7,2,1.8320,3.263,0.160
callable taking,2,7,2,1.8320,3.263,0.459
adopt new,2,7,2,1.8320,3.263,0.302
content hash,2,7,2,1.8320,3.263,0.253
guide page,2,7,2,1.8320,3.263,0.228
fetched data,2,7,2,1.8320,3.263,0.232
code split,2,7,2,1.8320,3.263,0.129
object form,2,7,2,1.8320,3.263,0.033
planning phase,2,7,2,1.8320,3.263,0.534
provider version,2,7,2,1.8320,3.263,0.192
known value,2,7,2,1.8320,3.263,0.096
fine using,2,7,2,1.8333,3.263,0.102
slightly less,2,7,2,1.8333,3.263,0.376
page using,2,7,2,1.8333,3.263,0.005
console handler,2,7,2,1.8333,3.263,0.295
exit gracefully,2,7,2,1.8333,3.263,0.488
image inside,2,7,2,1.8333,3.263,0.107
context directory,2,7,2,1.8333,3.263,0.099
unexpected error,2,7,2,1.8333,3.263,0.193
application written,2,7,2,1.8333,3.263,0.150
alert dialog,2,7,2,1.8333,3.263,0.568
restart flag,2,7,2,1.8333,3.263,0.273
rather old,2,7,2,1.8333,3.263,0.225
uninitialized data,2,7,2,1.8333,3.263,0.296
expected on,2,7,2,1.8333,3.263,-0.012
support library,2,7,2,1.8333,3.263,0.110
quite easy,2,7,2,1.8333,3.263,0.346
cannot get,2,7,2,1.8333,3.263,0.068
own constructor,2,7,2,1.8333,3.263,0.190
above case,2,7,2,1.8333,3.263,0.084
overflow exception,2,7,2,1.8333,3.263,0.233
exception event,2,7,2,1.8333,3.263,0.132
exception chaining,2,7,2,1.8333,3.263,0.345
component class,2,7,2,1.8333,3.263,0.087
element without,2,7,2,1.8333,3.263,0.110
cached data in,3,7,2,1.8320,3.263,0.153
available to help,3,7,2,1.8320,3.263,0.245
build the following,3,7,2,1.8320,3.263,0.032
useful when working,3,7,2,1.8320,3.263,0.315
prior to es,3,7,2,1.8320,3.263,0.437
using an async,3,7,2,1.8320,3.263,0.166
environment is active,3,7,2,1.8320,3.263,0.383
code you write,3,7,2,1.8320,3.263,0.174
using the flask,3,7,2,1.8320,3.263,0.170
extension for vs,3,7,2,1.8320,3.263,0.565
return the existing,3,7,2,1.8320,3.263,0.220
function you provide,3,7,2,1.8320,3.263,0.264
read the list,3,7,2,1.8320,3.263,0.192
git hub api,3,7,2,1.8320,3.263,0.163
help us improve,3,7,2,1.8320,3.263,0.543
want to filter,3,7,2,1.8333,3.263,0.150
help you in,3,7,2,1.8333,3.263,0.050
increase the memory,3,7,2,1.8333,3.263,0.397
set an environment,3,7,2,1.8333,3.263,0.271
image you want,3,7,2,1.8333,3.263,0.103
want to revert,3,7,2,1.8333,3.263,0.267
order to add,3,7,2,1.8333,3.263,0.156
show the full,3,7,2,1.8333,3.263,0.286
way to debug,3,7,2,1.8333,3.263,0.206
method or field,3,7,2,1.8333,3.263,0.394
member of another,3,7,2,1.8333,3.263,0.351
path like object,3,7,2,1.8333,3.263,0.334
hard to find,3,7,2,1.8333,3.263,0.321
new to python,3,7,2,1.8333,3.263,0.252
get the version,3,7,2,1.8333,3.263,0.127
like to avoid,3,7,2,1.8333,3.263,0.101
env variable,2,8,3,1.8262,3.262,0.184
branch use,2,8,3,1.8262,3.262,-0.015
text node,2,8,3,1.8262,3.262,0.114
anything inside,2,8,3,1.8262,3.262,0.186
set multiple,2,8,3,1.8262,3.262,0.020
other component,2,8,3,1.8262,3.262,0.043
nothing special,2,8,3,1.8262,3.262,0.278
specific test,2,8,3,1.8262,3.262,0.058
json api,2,8,3,1.8262,3.262,0.073
same reference,2,8,3,1.8262,3.262,0.020
additional command line,3,8,3,1.8262,3.262,0.197
use the flag,3,8,3,1.8262,3.262,0.096
notice that in,3,8,3,1.8262,3.262,0.026
simpler and more,3,8,3,1.8262,3.262,0.389
license version,2,9,2,1.8192,3.260,0.243
remove existing,2,9,2,1.8192,3.260,0.190
include non,2,9,2,1.8192,3.260,0.154
given release,2,5,3,1.8198,3.260,0.160
personal data,2,9,2,1.8192,3.260,0.234
registry authentication,2,9,2,1.8192,3.260,0.295
version supported,2,9,2,1.8192,3.260,0.123
next up,2,5,3,1.8198,3.260,0.089
authenticate header,2,9,2,1.8192,3.260,0.421
path value,2,5,3,1.8198,3.260,-0.043
code error,2,9,2,1.8192,3.260,-0.116
view code,2,9,2,1.8192,3.260,-0.000
statement body,2,9,2,1.8192,3.260,0.201
full documentation,2,9,2,1.8192,3.260,0.180
post api,2,9,2,1.8192,3.260,0.104
intellectual property,2,5,3,1.8198,3.260,0.534
many style,2,9,2,1.8192,3.260,0.175
default string,2,5,3,1.8198,3.260,-0.035
return object,2,9,2,1.8192,3.260,-0.029
binary octal,2,9,2,1.8192,3.260,0.456
certain configuration,2,5,3,1.8198,3.260,0.189
analysis tool,2,5,3,1.8198,3.260,0.362
url value,2,9,2,1.8192,3.260,0.030
use request,2,9,2,1.8192,3.260,-0.062
data shape,2,5,3,1.8198,3.260,0.231
among many,2,5,3,1.8198,3.260,0.311
own async,2,5,3,1.8198,3.260,0.160
common approach,2,9,2,1.8192,3.260,0.229
dict directly,2,9,2,1.8192,3.260,0.245
like async,2,5,3,1.8198,3.260,0.050
user directly,2,5,3,1.8198,3.260,0.090
log template,2,9,2,1.8192,3.260,0.183
logger debug,2,9,2,1.8192,3.260,0.375
internal logic,2,9,2,1.8192,3.260,0.241
community support,2,9,2,1.8192,3.260,0.247
via create,2,9,2,1.8192,3.260,0.091
never mutate,2,9,2,1.8192,3.260,0.350
state such,2,9,2,1.8192,3.260,0.012
component use,2,9,2,1.8192,3.260,-0.035
app via,2,5,3,1.8198,3.260,0.131
available port,2,9,2,1.8192,3.260,0.195
intended to make,3,9,2,1.8192,3.260,0.239
new command line,3,9,2,1.8192,3.260,0.063
human readable format,3,9,2,1.8192,3.260,0.367
version is specified,3,9,2,1.8192,3.260,0.224
name as another,3,5,3,1.8198,3.260,0.301
set to use,3,9,2,1.8192,3.260,-0.019
useful to set,3,9,2,1.8192,3.260,0.218
package will use,3,5,3,1.8198,3.260,0.246
information is used,3,9,2,1.8192,3.260,0.142
arrow function expression,3,9,2,1.8192,3.260,0.395
harder to understand,3,9,2,1.8192,3.260,0.430
used to enforce,3,9,2,1.8192,3.260,0.248
array of string,3,9,2,1.8192,3.260,0.171
try to extract,3,5,3,1.8198,3.260,0.330
way to start,3,9,2,1.8192,3.260,0.130
next we create,3,5,3,1.8198,3.260,0.305
difficult to maintain,3,5,3,1.8198,3.260,0.490
such as vim,3,5,3,1.8198,3.260,0.392
use the field,3,9,2,1.8192,3.260,0.054
value is automatically,3,5,3,1.8198,3.260,0.196
instead of re,3,5,3,1.8198,3.260,0.160
need to hand,3,5,3,1.8198,3.260,0.175
up doing,2,6,3,1.8140,3.259,0.142
more deeply,2,6,3,1.8140,3.259,0.288
old location,2,6,3,1.8140,3.259,0.274
syntax works,2,6,3,1.8140,3.259,0.149
program run,2,6,3,1.8140,3.259,0.047
pressing enter,2,6,3,1.8140,3.259,0.532
open another,2,6,3,1.8140,3.259,0.126
code along,2,6,3,1.8140,3.259,0.121
address such,2,6,3,1.8140,3.259,0.133
support other,2,6,3,1.8140,3.259,0.021
full copy,2,6,3,1.8140,3.259,0.205
list above,2,6,3,1.8140,3.259,0.083
use arbitrary,2,6,3,1.8140,3.259,0.093
two decimal,2,6,3,1.8140,3.259,0.230
less flexible,2,6,3,1.8140,3.259,0.408
particular input,2,6,3,1.8140,3.259,0.188
function public,2,6,3,1.8140,3.259,0.082
exe file,2,6,3,1.8140,3.259,0.226
create string,2,6,3,1.8140,3.259,-0.016
using mac os,3,6,3,1.8140,3.259,0.143
method to make,3,6,3,1.8140,3.259,0.074
tool for managing,3,6,3,1.8140,3.259,0.457
check the status,3,6,3,1.8140,3.259,0.324
syntax to use,3,6,3,1.8140,3.259,0.074
absolute and relative,3,6,3,1.8140,3.259,0.625
attempt to open,3,6,3,1.8140,3.259,0.270
back in time,3,6,3,1.8140,3.259,0.280
back to sleep,3,6,3,1.8140,3.259,0.421
get an iterator,3,6,3,1.8140,3.259,0.239
below as well,3,6,3,1.8140,3.259,0.194
type in python,3,6,3,1.8140,3.259,0.108
rather than forcing,3,6,3,1.8140,3.259,0.459
extract information,2,10,3,1.8134,3.258,0.244
common task,2,10,3,1.8134,3.258,0.237
custom implementation,2,10,3,1.8134,3.258,0.171
key set,2,10,3,1.8134,3.258,0.018
see configuration,2,10,3,1.8134,3.258,0.011
specific reason,2,10,3,1.8134,3.258,0.181
automatically determine,2,10,3,1.8134,3.258,0.250
text using,2,10,3,1.8134,3.258,-0.009
particular class,2,10,3,1.8134,3.258,0.132
same hash,2,10,3,1.8134,3.258,0.126
using local,2,10,3,1.8134,3.258,0.007
more specialized,2,10,3,1.8134,3.258,0.289
help make,2,10,3,1.8134,3.258,0.093
contain data,2,10,3,1.8134,3.258,0.082
call inside,2,10,3,1.8134,3.258,0.072
server via,2,10,3,1.8134,3.258,0.109
modal dialog,2,10,3,1.8134,3.258,0.605
string otherwise,2,10,3,1.8134,3.258,0.104
limit option,2,10,3,1.8134,3.258,0.166
directory and run,3,10,3,1.8134,3.258,0.227
property is set,3,10,3,1.8134,3.258,0.217
want to verify,3,10,3,1.8134,3.258,0.169
file in place,3,10,3,1.8134,3.258,0.183
object and return,3,10,3,1.8134,3.258,0.156
key is present,3,10,3,1.8134,3.258,0.323
let you use,3,10,3,1.8134,3.258,0.152
significant amount,2,11,2,1.8063,3.257,0.423
fall in,2,7,3,1.8069,3.257,0.074
command note,2,11,2,1.8063,3.257,0.020
execution model,2,11,2,1.8063,3.257,0.199
node id,2,11,2,1.8063,3.257,0.125
path field,2,11,2,1.8063,3.257,0.053
additional test,2,7,3,1.8069,3.257,0.096
login url,2,11,2,1.8063,3.257,0.290
server instead,2,11,2,1.8063,3.257,0.023
via context,2,11,2,1.8063,3.257,0.171
string undefined,2,11,2,1.8063,3.257,0.138
assigned in,2,7,3,1.8069,3.257,0.003
buffer constructor,2,11,2,1.8063,3.257,0.289
like map,2,11,2,1.8063,3.257,0.089
last used,2,7,3,1.8069,3.257,0.056
behavior use,2,11,2,1.8063,3.257,-0.031
define additional,2,11,2,1.8063,3.257,0.193
include file,2,7,3,1.8069,3.257,0.031
file level,2,11,2,1.8063,3.257,0.020
avoid accidentally,2,7,3,1.8069,3.257,0.341
tan stack,2,11,2,1.8063,3.257,0.543
during local,2,11,2,1.8063,3.257,0.164
many python,2,11,2,1.8063,3.257,0.054
local address,2,7,3,1.8069,3.257,0.193
logging formatter,2,11,2,1.8063,3.257,0.426
name return,2,7,3,1.8069,3.257,-0.008
cookie header,2,11,2,1.8063,3.257,0.367
server use,2,11,2,1.8063,3.257,-0.091
resolved using,2,11,2,1.8063,3.257,0.137
markup language,2,11,2,1.8063,3.257,0.394
loop label,2,7,3,1.8069,3.257,0.282
tree inside,2,11,2,1.8063,3.257,0.157
method automatically,2,11,2,1.8063,3.257,0.069
optimize performance,2,11,2,1.8063,3.257,0.362
now re,2,7,3,1.8069,3.257,0.098
individual field,2,11,2,1.8063,3.257,0.218
new single,2,7,3,1.8069,3.257,0.019
key argument,2,11,2,1.8063,3.257,0.090
two element,2,11,2,1.8063,3.257,0.105
target option,2,11,2,1.8063,3.257,0.081
setting the default,3,11,2,1.8063,3.257,0.139
provide feedback on,3,11,2,1.8063,3.257,0.315
more about using,3,7,3,1.8069,3.257,0.142
cause the server,3,7,3,1.8069,3.257,0.223
way as other,3,7,3,1.8069,3.257,0.238
most important part,3,7,3,1.8069,3.257,0.407
set the number,3,7,3,1.8069,3.257,0.088
guide to get,3,11,2,1.8063,3.257,0.244
start the development,3,11,2,1.8063,3.257,0.337
easier to manage,3,11,2,1.8063,3.257,0.351
more advanced use,3,11,2,1.8063,3.257,0.227
choose the best,3,7,3,1.8069,3.257,0.341
use the word,3,7,3,1.8069,3.257,0.182
component or hook,3,11,2,1.8063,3.257,0.523
message is received,3,7,3,1.8069,3.257,0.438
want to cache,3,11,2,1.8063,3.257,0.105
api to make,3,7,3,1.8069,3.257,0.099
return the exact,3,11,2,1.8063,3.257,0.222
outer query,2,12,2,1.8005,3.255,0.264
response middleware,2,12,2,1.8005,3.255,0.199
encoding used,2,12,2,1.8005,3.255,0.131
session save,2,12,2,1.8005,3.255,0.287
handle such,2,12,2,1.8005,3.255,0.106
following classes,2,12,2,1.8005,3.255,0.128
output use,2,12,2,1.8005,3.255,-0.098
own private,2,12,2,1.8005,3.255,0.224
depend upon,2,12,2,1.8005,3.255,0.424
source image,2,12,2,1.8005,3.255,0.118
image tagged,2,12,2,1.8005,3.255,0.361
without modification,2,12,2,1.8005,3.255,0.310
docker history,2,12,2,1.8005,3.255,0.132
other system,2,12,2,1.8005,3.255,0.027
occur during,2,12,2,1.8005,3.255,0.300
trailing newline,2,12,2,1.8005,3.255,0.501
overflow in,2,12,2,1.8005,3.255,0.015
backup file,2,12,2,1.8005,3.255,0.183
fetched in,2,12,2,1.8005,3.255,0.075
thread start,2,12,2,1.8005,3.255,0.138
class cannot,2,12,2,1.8005,3.255,0.099
platform independent,2,12,2,1.8005,3.255,0.402
exactly equivalent,2,12,2,1.8005,3.255,0.284
case according,2,12,2,1.8005,3.255,0.196
skip scan,2,12,2,1.8005,3.255,0.390
moment in time,3,12,2,1.8005,3.255,0.489
function to convert,3,12,2,1.8005,3.255,0.157
around this problem,3,12,2,1.8005,3.255,0.339
restart the container,3,12,2,1.8005,3.255,0.333
out of band,3,12,2,1.8005,3.255,0.522
way to pass,3,12,2,1.8005,3.255,0.142
required to make,3,12,2,1.8005,3.255,0.183
upgrading to react,3,12,2,1.8005,3.255,0.392
path git,2,13,2,1.7935,3.254,-0.008
file used,2,13,2,1.7935,3.254,-0.088
assist in,2,9,3,1.7941,3.254,0.220
added new,2,13,2,1.7935,3.254,0.041
default timeout,2,13,2,1.7935,3.254,0.192
enclosing function,2,13,2,1.7935,3.254,0.258
yes please,2,13,2,1.7935,3.254,0.376
available option,2,9,3,1.7941,3.254,0.053
use cache,2,13,2,1.7935,3.254,0.000
like let,2,9,3,1.7941,3.254,0.076
specify default,2,13,2,1.7935,3.254,0.054
executed during,2,13,2,1.7935,3.254,0.235
use simple,2,9,3,1.7941,3.254,-0.001
maximum time,2,9,3,1.7941,3.254,0.169
get command,2,9,3,1.7941,3.254,-0.019
other extension,2,13,2,1.7935,3.254,0.089
untrusted data,2,13,2,1.7935,3.254,0.301
ending in,2,9,3,1.7941,3.254,0.084
compatible api,2,13,2,1.7935,3.254,0.196
form using,2,13,2,1.7935,3.254,0.009
took place,2,9,3,1.7941,3.254,0.404
product code,2,13,2,1.7935,3.254,0.184
class used,2,13,2,1.7935,3.254,-0.019
carry out,2,9,3,1.7941,3.254,0.373
serialization format,2,13,2,1.7935,3.254,0.266
available under,2,9,3,1.7941,3.254,0.182
first second,2,9,3,1.7941,3.254,0.089
alternate form,2,13,2,1.7935,3.254,0.374
two three,2,13,2,1.7935,3.254,0.145
considered stable,2,9,3,1.7941,3.254,0.352
based build,2,13,2,1.7935,3.254,0.088
optional chain,2,13,2,1.7935,3.254,0.319
component instead,2,13,2,1.7935,3.254,0.078
avoid making,2,9,3,1.7941,3.254,0.242
upgrade go,2,13,2,1.7935,3.254,0.293
filename extension,2,9,3,1.7941,3.254,0.307
add python,2,5,2,1.7947,3.254,0.008
user instance,2,5,2,1.7947,3.254,0.067
option rather,2,5,2,1.7947,3.254,0.090
password add,2,5,2,1.7947,3.254,0.138
more succinctly,2,5,2,1.7947,3.254,0.426
step using,2,5,2,1.7947,3.254,0.076
saved into,2,5,2,1.7947,3.254,0.233
signed up,2,5,2,1.7947,3.254,0.235
data collection,2,5,2,1.7947,3.254,0.136
more open,2,5,2,1.7947,3.254,0.042
different possible,2,5,2,1.7947,3.254,0.072
go further,2,5,2,1.7947,3.254,0.268
defined differently,2,5,2,1.7947,3.254,0.313
tab key,2,5,2,1.7947,3.254,0.229
specified use,2,5,2,1.7947,3.254,-0.057
double free,2,5,2,1.7947,3.254,0.329
range specified,2,5,2,1.7947,3.254,0.176
equivalent code,2,5,2,1.7947,3.254,0.065
using super,2,5,2,1.7947,3.254,0.180
until runtime,2,5,2,1.7947,3.254,0.245
data therefore,2,5,2,1.7947,3.254,0.109
innermost loop,2,5,2,1.7947,3.254,0.475
programming interface,2,5,2,1.7947,3.254,0.301
second table,2,5,2,1.7947,3.254,0.135
function new,2,5,2,1.7947,3.254,-0.099
new struct,2,5,2,1.7947,3.254,0.096
count goes,2,5,2,1.7947,3.254,0.334
hand control,2,5,2,1.7947,3.254,0.270
thread join,2,5,2,1.7947,3.254,0.241
access to private,3,13,2,1.7935,3.254,0.293
used for debugging,3,9,3,1.7941,3.254,0.272
such as object,3,13,2,1.7935,3.254,-0.001
important to keep,3,9,3,1.7941,3.254,0.288
removed in favor,3,13,2,1.7935,3.254,0.423
file is closed,3,13,2,1.7935,3.254,0.298
module or package,3,13,2,1.7935,3.254,0.389
load the module,3,9,3,1.7941,3.254,0.301
relative or absolute,3,9,3,1.7941,3.254,0.624
pass the test,3,9,3,1.7941,3.254,0.200
given the same,3,13,2,1.7935,3.254,0.053
cache the result,3,13,2,1.7935,3.254,0.220
function this way,3,5,2,1.7947,3.254,0.131
built into python,3,5,2,1.7947,3.254,0.363
made the change,3,5,2,1.7947,3.254,0.354
fix your code,3,5,2,1.7947,3.254,0.184
through the first,3,5,2,1.7947,3.254,0.124
provide an implementation,3,5,2,1.7947,3.254,0.366
grow in size,3,5,2,1.7947,3.254,0.574
string by using,3,5,2,1.7947,3.254,0.141
output should look,3,5,2,1.7947,3.254,0.322
public and private,3,5,2,1.7947,3.254,0.550
ready to release,3,5,2,1.7947,3.254,0.347
much more useful,3,5,2,1.7947,3.254,0.351
lead to memory,3,5,2,1.7947,3.254,0.288
state as shown,3,5,2,1.7947,3.254,0.193
type the new,3,5,2,1.7947,3.254,0.032
message and exit,3,5,2,1.7947,3.254,0.407
hand control back,3,5,2,1.7947,3.254,0.576
module is defined,3,5,2,1.7947,3.254,0.224
simple type,2,5,2,1.7906,3.253,0.054
three error,2,5,2,1.7906,3.253,0.083
rule instead,2,5,2,1.7906,3.253,0.032
above works,2,5,2,1.7906,3.253,0.147
json directly,2,5,2,1.7906,3.253,0.130
cors preflight,2,5,2,1.7906,3.253,0.718
user profile,2,5,2,1.7906,3.253,0.181
validation mode,2,5,2,1.7906,3.253,0.200
performance comparison,2,5,2,1.7906,3.253,0.311
lot less,2,5,2,1.7906,3.253,0.276
unexpected exception,2,5,2,1.7906,3.253,0.252
test app,2,5,2,1.7906,3.253,0.029
expected exception,2,5,2,1.7906,3.253,0.120
join table,2,5,2,1.7906,3.253,0.204
out the line,3,5,2,1.7906,3.253,0.195
create the instance,3,5,2,1.7906,3.253,0.239
custom exception handler,3,5,2,1.7906,3.253,0.372
need to ask,3,5,2,1.7906,3.253,0.194
possible to apply,3,5,2,1.7906,3.253,0.253
able to figure,3,5,2,1.7906,3.253,0.294
like to set,3,5,2,1.7906,3.253,0.114
show the latest,3,5,2,1.7906,3.253,0.265
trying to solve,3,5,2,1.7906,3.253,0.321
compiler such,2,6,3,1.7836,3.251,0.096
using path,2,6,3,1.7836,3.251,-0.050
allow other,2,15,2,1.7806,3.251,0.050
request message,2,15,2,1.7806,3.251,0.091
include exclude,2,6,3,1.7836,3.251,0.299
debug setting,2,15,2,1.7806,3.251,0.216
default key,2,15,2,1.7806,3.251,0.014
next year,2,15,2,1.7806,3.251,0.241
closing braces,2,6,3,1.7836,3.251,0.540
rule additionally,2,6,3,1.7836,3.251,0.234
empty case,2,6,3,1.7836,3.251,0.113
writing new,2,15,2,1.7806,3.251,0.075
string raw,2,15,2,1.7806,3.251,0.164
writing asynchronous,2,6,3,1.7836,3.251,0.289
jet brains,2,6,3,1.7836,3.251,0.970
get better,2,6,3,1.7836,3.251,0.097
call directly,2,6,3,1.7836,3.251,0.093
true otherwise,2,15,2,1.7806,3.251,0.169
security system,2,6,3,1.7836,3.251,0.160
asyncio create,2,15,2,1.7806,3.251,0.261
start listening,2,6,3,1.7836,3.251,0.344
initial connection,2,15,2,1.7806,3.251,0.253
run node,2,6,3,1.7836,3.251,0.040
model level,2,6,3,1.7836,3.251,0.127
perform custom,2,6,3,1.7836,3.251,0.230
threading thread,2,15,2,1.7806,3.251,0.378
getting back,2,6,3,1.7836,3.251,0.239
via function,2,6,3,1.7836,3.251,0.031
happening inside,2,6,3,1.7836,3.251,0.304
post update,2,15,2,1.7806,3.251,0.129
unique random,2,6,3,1.7836,3.251,0.342
up user,2,15,2,1.7806,3.251,0.028
become visible,2,15,2,1.7806,3.251,0.412
search field,2,11,2,1.7812,3.251,0.155
last update,2,11,2,1.7812,3.251,0.137
separator between,2,11,2,1.7812,3.251,0.327
init default,2,11,2,1.7812,3.251,0.155
argument parsing,2,11,2,1.7812,3.251,0.247
short option,2,11,2,1.7812,3.251,0.138
remote rename,2,11,2,1.7812,3.251,0.339
most python,2,11,2,1.7812,3.251,0.049
compiler automatically,2,11,2,1.7812,3.251,0.159
see the doc,3,15,2,1.7806,3.251,0.246
up the build,3,15,2,1.7806,3.251,0.164
way to enable,3,6,3,1.7836,3.251,0.188
work at least,3,6,3,1.7836,3.251,0.173
used to tell,3,15,2,1.7806,3.251,0.188
use the experimental,3,6,3,1.7836,3.251,0.214
application and deploy,3,6,3,1.7836,3.251,0.433
update the app,3,6,3,1.7836,3.251,0.202
make the request,3,6,3,1.7836,3.251,0.172
useful to avoid,3,15,2,1.7806,3.251,0.213
pass it down,3,15,2,1.7806,3.251,0.421
call root render,3,15,2,1.7806,3.251,0.459
up the right,3,6,3,1.7836,3.251,0.185
version of create,3,6,3,1.7836,3.251,0.104
serve the same,3,11,2,1.7812,3.251,0.220
used to write,3,11,2,1.7812,3.251,0.097
used to invoke,3,11,2,1.7812,3.251,0.292
use or instead,3,11,2,1.7812,3.251,0.303
pass the original,3,11,2,1.7812,3.251,0.209
result is null,3,11,2,1.7812,3.251,0.300
python is built,3,11,2,1.7812,3.251,0.286
looking forward,2,7,3,1.7777,3.250,0.380
work within,2,7,3,1.7777,3.250,0.095
above function,2,7,3,1.7777,3.250,0.004
good use,2,7,3,1.7777,3.250,0.005
preferred method,2,7,3,1.7777,3.250,0.245
similar behavior,2,7,3,1.7777,3.250,0.164
random string,2,7,3,1.7777,3.250,0.181
look on,2,7,3,1.7777,3.250,-0.042
exception during,2,7,3,1.7777,3.250,0.112
calling another,2,7,3,1.7777,3.250,0.152
calling directly,2,7,3,1.7777,3.250,0.179
line wrapping,2,7,3,1.7777,3.250,0.266
name via,2,7,3,1.7777,3.250,0.073
other operating,2,7,3,1.7777,3.250,0.154
probably better,2,7,3,1.7777,3.250,0.250
code through,2,7,3,1.7777,3.250,-0.000
crash during,2,7,3,1.7777,3.250,0.164
function error,2,7,3,1.7777,3.250,-0.105
throw new,2,7,3,1.7777,3.250,0.116
project file,2,7,3,1.7777,3.250,-0.002
becomes undefined,2,7,3,1.7777,3.250,0.334
totally different,2,7,3,1.7777,3.250,0.353
root folder,2,7,3,1.7777,3.250,0.253
need to parse,3,7,3,1.7777,3.250,0.159
get the source,3,7,3,1.7777,3.250,0.148
hence the name,3,7,3,1.7777,3.250,0.336
want to tell,3,7,3,1.7777,3.250,0.157
easy to set,3,7,3,1.7777,3.250,0.171
check the output,3,7,3,1.7777,3.250,0.151
way to generate,3,7,3,1.7777,3.250,0.211
down the line,3,7,3,1.7777,3.250,0.276
import the file,3,7,3,1.7777,3.250,0.169
suppress the error,3,7,3,1.7777,3.250,0.342
trying to learn,3,7,3,1.7777,3.250,0.271
build the app,3,7,3,1.7777,3.250,0.171
get the raw,3,7,3,1.7777,3.250,0.270
using the json,3,7,3,1.7777,3.250,0.090
debug log,2,8,3,1.7707,3.248,0.213
parse time,2,8,3,1.7707,3.248,0.142
locally available,2,8,3,1.7707,3.248,0.240
see information,2,8,3,1.7707,3.248,0.008
balance between,2,8,3,1.7707,3.248,0.398
debug environment,2,8,3,1.7707,3.248,0.182
default list,2,8,3,1.7707,3.248,-0.013
script runtime,2,8,3,1.7707,3.248,0.142
script style,2,8,3,1.7707,3.248,0.147
opening brace,2,8,3,1.7707,3.248,0.602
file configuration,2,8,3,1.7707,3.248,-0.013
re order,2,8,3,1.7707,3.248,0.158
basic data,2,8,3,1.7707,3.248,0.120
create or update,3,8,3,1.7707,3.248,0.343
script is run,3,8,3,1.7707,3.248,0.258
order to determine,3,8,3,1.7707,3.248,0.261
function and class,3,8,3,1.7707,3.248,0.216
set the status,3,8,3,1.7707,3.248,0.253
validation error exception,3,8,3,1.7707,3.248,0.322
accept the same,3,8,3,1.7707,3.248,0.159
notice the use,3,8,3,1.7707,3.248,0.251
designed to provide,3,8,3,1.7707,3.248,0.326
command within,2,9,2,1.7649,3.247,0.072
list returned,2,9,2,1.7649,3.247,0.111
unordered list,2,9,2,1.7649,3.247,0.439
longer works,2,9,2,1.7649,3.247,0.189
explicit conversion,2,9,2,1.7649,3.247,0.391
data dependent,2,9,2,1.7649,3.247,0.189
cannot reference,2,9,2,1.7649,3.247,0.122
account id,2,9,2,1.7649,3.247,0.241
application again,2,9,2,1.7649,3.247,0.139
process inside,2,9,2,1.7649,3.247,0.120
post install,2,9,2,1.7649,3.247,0.180
up down,2,9,2,1.7649,3.247,0.152
usb device,2,9,2,1.7649,3.247,0.602
interoperability between,2,9,2,1.7649,3.247,0.463
number instead,2,9,2,1.7649,3.247,0.028
source tab,2,9,2,1.7649,3.247,0.256
physical memory,2,9,2,1.7649,3.247,0.355
differ between,2,9,2,1.7649,3.247,0.321
invalid argument,2,9,2,1.7649,3.247,0.214
same exact,2,9,2,1.7649,3.247,0.155
mobile app,2,9,2,1.7649,3.247,0.347
threaded environment,2,9,2,1.7649,3.247,0.322
heap corruption,2,9,2,1.7649,3.247,0.516
special treatment,2,9,2,1.7649,3.247,0.528
work everywhere,2,9,2,1.7649,3.247,0.305
parameter see,2,9,2,1.7649,3.247,0.028
large table,2,9,2,1.7649,3.247,0.185
peer authentication,2,9,2,1.7649,3.247,0.468
caught up,2,9,2,1.7649,3.247,0.253
second column,2,9,2,1.7649,3.247,0.196
constant number,2,9,2,1.7649,3.247,0.231
need to rename,3,9,2,1.7649,3.247,0.229
see the note,3,9,2,1.7649,3.247,0.090
implementation of python,3,9,2,1.7649,3.247,0.198
container is up,3,9,2,1.7649,3.247,0.284
doing the following,3,9,2,1.7649,3.247,0.138
git diff output,3,9,2,1.7649,3.247,0.237
operation not permitted,3,9,2,1.7649,3.247,0.566
more info see,3,9,2,1.7649,3.247,0.289
docker daemon running,3,9,2,1.7649,3.247,0.303
built in version,3,9,2,1.7649,3.247,0.139
unit testing framework,3,9,2,1.7649,3.247,0.531
power of two,3,9,2,1.7649,3.247,0.379
short period,2,10,3,1.7578,3.245,0.397
another point,2,6,4,1.7585,3.245,0.126
index like,2,6,4,1.7585,3.245,0.009
see multiple,2,6,4,1.7585,3.245,0.011
package like,2,10,3,1.7578,3.245,0.007
limited support,2,10,3,1.7578,3.245,0.257
refer back,2,6,4,1.7585,3.245,0.242
tab character,2,10,3,1.7578,3.245,0.304
ending up,2,6,4,1.7585,3.245,0.294
environment such,2,6,4,1.7585,3.245,0.062
string inside,2,6,4,1.7585,3.245,0.043
up looking,2,6,4,1.7585,3.245,0.178
code check,2,6,4,1.7585,3.245,-0.033
automated test,2,10,3,1.7578,3.245,0.276
another request,2,6,4,1.7585,3.245,0.089
different url,2,10,3,1.7578,3.245,0.103
most git,2,6,4,1.7585,3.245,0.020
syntax used,2,10,3,1.7578,3.245,0.032
type used,2,10,3,1.7578,3.245,-0.086
works out,2,10,3,1.7578,3.245,0.102
type now,2,10,3,1.7578,3.245,-0.052
new virtual,2,10,3,1.7578,3.245,0.128
terminal session,2,6,4,1.7585,3.245,0.286
programming error,2,10,3,1.7578,3.245,0.116
same case,2,6,4,1.7585,3.245,-0.013
outlined above,2,10,3,1.7578,3.245,0.400
explicitly tell,2,6,4,1.7585,3.245,0.285
remains unchanged,2,10,3,1.7578,3.245,0.561
more people,2,6,4,1.7585,3.245,0.114
outlined below,2,10,3,1.7578,3.245,0.424
changed over,2,10,3,1.7578,3.245,0.193
assertion failure,2,10,3,1.7578,3.245,0.396
longer running,2,10,3,1.7578,3.245,0.155
form input,2,10,3,1.7578,3.245,0.146
react use,2,10,3,1.7578,3.245,-0.070
use add,2,10,3,1.7578,3.245,-0.101
side render,2,10,3,1.7578,3.245,0.226
concise code,2,6,4,1.7585,3.245,0.214
request like,2,6,4,1.7585,3.245,0.003
last file,2,10,3,1.7578,3.245,0.039
same address,2,10,3,1.7578,3.245,0.095
following along,2,6,4,1.7585,3.245,0.202
new patch,2,10,3,1.7578,3.245,0.129
server now,2,10,3,1.7578,3.245,0.008
allow external,2,6,4,1.7585,3.245,0.215
easy to miss,3,10,3,1.7578,3.245,0.547
using the build,3,10,3,1.7578,3.245,0.051
want to expose,3,10,3,1.7578,3.245,0.253
install it manually,3,10,3,1.7578,3.245,0.463
permission to use,3,6,4,1.7585,3.245,0.230
sure you read,3,6,4,1.7585,3.245,0.289
value is undefined,3,10,3,1.7578,3.245,0.212
limit the scope,3,10,3,1.7578,3.245,0.367
copy the file,3,10,3,1.7578,3.245,0.183
useful to use,3,6,4,1.7585,3.245,0.080
return the current,3,10,3,1.7578,3.245,0.080
place to store,3,6,4,1.7585,3.245,0.313
big difference between,3,6,4,1.7585,3.245,0.365
see the official,3,10,3,1.7578,3.245,0.243
other command line,3,6,4,1.7585,3.245,0.068
time the component,3,10,3,1.7578,3.245,0.190
time the user,3,10,3,1.7578,3.245,0.084
several different ways,3,6,4,1.7585,3.245,0.410
project you want,3,6,4,1.7585,3.245,0.100
filter option,2,12,3,1.7450,3.242,0.143
lint error,2,12,3,1.7450,3.242,0.184
surrounding scope,2,12,3,1.7450,3.242,0.400
script used,2,12,3,1.7450,3.242,-0.015
statement within,2,12,3,1.7450,3.242,0.156
made accessible,2,12,3,1.7450,3.242,0.350
explicitly pass,2,12,3,1.7450,3.242,0.198
out more,2,12,3,1.7450,3.242,-0.009
auto detect,2,12,3,1.7450,3.242,0.371
start command,2,12,3,1.7450,3.242,0.051
per call,2,12,3,1.7450,3.242,0.140
lazily evaluated,2,12,3,1.7450,3.242,0.579
comprehensive list,2,12,3,1.7450,3.242,0.335
custom command,2,12,3,1.7450,3.242,0.068
true enable,2,12,3,1.7450,3.242,0.178
use map,2,12,3,1.7450,3.242,0.019
server based,2,12,3,1.7450,3.242,0.084
string comparison,2,12,3,1.7450,3.242,0.188
fetch request,2,12,3,1.7450,3.242,0.171
module loading,2,12,3,1.7450,3.242,0.201
three other,2,8,3,1.7456,3.242,0.094
git installed,2,8,3,1.7456,3.242,0.087
change into,2,8,3,1.7456,3.242,0.021
following python,2,8,3,1.7456,3.242,0.009
empty database,2,8,3,1.7456,3.242,0.144
long list,2,8,3,1.7456,3.242,0.115
direct way,2,8,3,1.7456,3.242,0.213
many database,2,8,3,1.7456,3.242,0.093
most interesting,2,8,3,1.7456,3.242,0.308
next level,2,8,3,1.7456,3.242,0.139
own git,2,8,3,1.7456,3.242,0.049
output flag,2,8,3,1.7456,3.242,0.081
system command,2,8,3,1.7456,3.242,0.046
system type,2,8,3,1.7456,3.242,0.002
complete history,2,8,3,1.7456,3.242,0.308
value object,2,8,3,1.7456,3.242,-0.105
resource acquisition,2,8,3,1.7456,3.242,0.618
first out,2,8,3,1.7456,3.242,0.023
nonzero exit,2,8,3,1.7456,3.242,0.535
like operating,2,8,3,1.7456,3.242,0.142
completely separate,2,8,3,1.7456,3.242,0.312
building and running,3,12,3,1.7450,3.242,0.438
take an optional,3,12,3,1.7450,3.242,0.310
function can return,3,12,3,1.7450,3.242,0.235
used to group,3,12,3,1.7450,3.242,0.206
method to use,3,12,3,1.7450,3.242,-0.005
possible to add,3,12,3,1.7450,3.242,0.142
render the same,3,12,3,1.7450,3.242,0.096
set to auto,3,12,3,1.7450,3.242,0.287
module not found,3,12,3,1.7450,3.242,0.257
way to refer,3,8,3,1.7456,3.242,0.217
way of using,3,8,3,1.7456,3.242,0.153
number of test,3,8,3,1.7456,3.242,0.060
uniform resource identifier,3,8,3,1.7456,3.242,0.621
store the value,3,8,3,1.7456,3.242,0.111
use as much,3,8,3,1.7456,3.242,0.179
within the module,3,8,3,1.7456,3.242,0.170
load it into,3,8,3,1.7456,3.242,0.378
type is defined,3,8,3,1.7456,3.242,0.149
try other,2,5,2,1.7351,3.239,0.031
immediately once,2,5,2,1.7351,3.239,0.242
system git,2,5,2,1.7351,3.239,0.026
something bad,2,5,2,1.7351,3.239,0.263
project through,2,5,2,1.7351,3.239,0.124
test out,2,5,2,1.7351,3.239,0.019
please feel,2,5,2,1.7351,3.239,0.369
opening bracket,2,5,2,1.7351,3.239,0.559
execution flow,2,5,2,1.7351,3.239,0.331
request through,2,5,2,1.7351,3.239,0.115
without reloading,2,5,2,1.7351,3.239,0.360
original model,2,5,2,1.7351,3.239,0.179
key insight,2,5,2,1.7351,3.239,0.403
vs redux,2,5,2,1.7351,3.239,0.236
redux persist,2,5,2,1.7351,3.239,0.339
code better,2,5,2,1.7351,3.239,0.033
python manage,2,14,2,1.7321,3.239,0.171
database creation,2,14,2,1.7321,3.239,0.246
datetime timezone,2,14,2,1.7321,3.239,0.498
zone support,2,14,2,1.7321,3.239,0.252
base layer,2,14,2,1.7321,3.239,0.278
custom format,2,14,2,1.7321,3.239,0.132
timezone offset,2,14,2,1.7321,3.239,0.481
start point,2,14,2,1.7321,3.239,0.132
exactly two,2,14,2,1.7321,3.239,0.162
underlying file,2,14,2,1.7321,3.239,0.145
data modification,2,14,2,1.7321,3.239,0.242
new role,2,14,2,1.7321,3.239,0.162
decode error,2,14,2,1.7321,3.239,0.233
external script,2,14,2,1.7321,3.239,0.161
asynchronous context,2,14,2,1.7321,3.239,0.251
security model,2,14,2,1.7321,3.239,0.162
per element,2,14,2,1.7321,3.239,0.205
canonical form,2,14,2,1.7321,3.239,0.373
default time,2,14,2,1.7321,3.239,-0.039
file option,2,14,2,1.7321,3.239,-0.055
container creation,2,14,2,1.7321,3.239,0.250
use api,2,14,2,1.7321,3.239,-0.087
without notice,2,14,2,1.7321,3.239,0.181
multi arch,2,14,2,1.7321,3.239,0.585
more content,2,14,2,1.7321,3.239,0.066
bit set,2,14,2,1.7321,3.239,0.082
high profile,2,14,2,1.7321,3.239,0.360
address pool,2,14,2,1.7321,3.239,0.304
main remote,2,14,2,1.7321,3.239,0.189
per command,2,14,2,1.7321,3.239,0.120
git replace,2,14,2,1.7321,3.239,0.128
merge command,2,14,2,1.7321,3.239,0.064
current command,2,14,2,1.7321,3.239,0.040
value zero,2,14,2,1.7321,3.239,0.079
scripting language,2,14,2,1.7321,3.239,0.448
int method,2,14,2,1.7321,3.239,0.133
explicitly convert,2,14,2,1.7321,3.239,0.286
collation type,2,14,2,1.7321,3.239,0.209
row version,2,14,2,1.7321,3.239,0.124
read transaction,2,14,2,1.7321,3.239,0.207
module get,2,14,2,1.7321,3.239,0.007
defining class,2,14,2,1.7321,3.239,0.209
see the issue,3,5,2,1.7351,3.239,0.141
process is finished,3,5,2,1.7351,3.239,0.403
like to apply,3,5,2,1.7351,3.239,0.198
control system git,3,5,2,1.7351,3.239,0.337
check the following,3,5,2,1.7351,3.239,0.059
please feel free,3,5,2,1.7351,3.239,0.442
fast api automatically,3,5,2,1.7351,3.239,0.205
lot of sense,3,5,2,1.7351,3.239,0.362
see this issue,3,5,2,1.7351,3.239,0.187
outside of redux,3,5,2,1.7351,3.239,0.246
most common mistake,3,5,2,1.7351,3.239,0.418
going to add,3,5,2,1.7351,3.239,0.181
want to debug,3,5,2,1.7351,3.239,0.130
list of existing,3,5,2,1.7351,3.239,0.187
time zone support,3,14,2,1.7321,3.239,0.262
used to limit,3,14,2,1.7321,3.239,0.231
image on docker,3,14,2,1.7321,3.239,0.334
container is stopped,3,14,2,1.7321,3.239,0.483
docker system prune,3,14,2,1.7321,3.239,0.460
cannot be removed,3,14,2,1.7321,3.239,0.258
implementation of git,3,14,2,1.7321,3.239,0.170
cannot be set,3,14,2,1.7321,3.239,0.122
check the browser,3,14,2,1.7321,3.239,0.214
repeatable read transaction,3,14,2,1.7321,3.239,0.590
removal in python,3,14,2,1.7321,3.239,0.446
component will update,3,14,2,1.7321,3.239,0.364
extremely fast,2,6,2,1.7281,3.238,0.384
docker cache,2,6,2,1.7281,3.238,0.066
target manifest,2,6,2,1.7281,3.238,0.233
own main,2,6,2,1.7281,3.238,0.150
version flag,2,6,2,1.7281,3.238,0.085
using specified,2,6,2,1.7281,3.238,-0.022
documentation test,2,6,2,1.7281,3.238,0.061
other dependency,2,6,2,1.7281,3.238,0.067
git authentication,2,6,2,1.7281,3.238,0.139
com user,2,6,2,1.7281,3.238,0.197
package foo,2,6,2,1.7281,3.238,0.182
another dependency,2,6,2,1.7281,3.238,0.142
different naming,2,6,2,1.7281,3.238,0.267
version compatible,2,6,2,1.7281,3.238,0.183
intentionally use,2,6,2,1.7281,3.238,0.203
prototype call,2,6,2,1.7281,3.238,0.169
function option,2,6,2,1.7281,3.238,-0.069
multiple glob,2,6,2,1.7281,3.238,0.250
minimal effort,2,6,2,1.7281,3.238,0.504
specific prompt,2,6,2,1.7281,3.238,0.245
type fast,2,6,2,1.7281,3.238,0.045
documentation user,2,6,2,1.7281,3.238,0.078
put delete,2,6,2,1.7281,3.238,0.255
response telling,2,6,2,1.7281,3.238,0.360
specific request,2,6,2,1.7281,3.238,0.099
event id,2,6,2,1.7281,3.238,0.173
access request,2,6,2,1.7281,3.238,0.084
external debugger,2,6,2,1.7281,3.238,0.377
setup phase,2,6,2,1.7281,3.238,0.388
self model,2,6,2,1.7281,3.238,0.207
id rather,2,6,2,1.7281,3.238,0.156
custom transport,2,6,2,1.7281,3.238,0.347
first available,2,6,2,1.7281,3.238,0.050
more type,2,6,2,1.7281,3.238,-0.085
see part,2,6,2,1.7281,3.238,0.038
warn user,2,6,2,1.7281,3.238,0.243
collect in,2,6,2,1.7281,3.238,0.060
index set,2,6,2,1.7281,3.238,0.020
set becomes,2,6,2,1.7281,3.238,0.161
serialization deserialization,2,6,2,1.7281,3.238,0.596
store directly,2,6,2,1.7281,3.238,0.130
middleware works,2,6,2,1.7281,3.238,0.192
store automatically,2,6,2,1.7281,3.238,0.128
selector call,2,6,2,1.7281,3.238,0.167
current action,2,6,2,1.7281,3.238,0.111
initial project,2,6,2,1.7281,3.238,0.190
select post,2,6,2,1.7281,3.238,0.152
built data,2,6,2,1.7281,3.238,0.044
filter value,2,6,2,1.7281,3.238,0.084
local backend,2,6,2,1.7281,3.238,0.230
go standard,2,6,2,1.7281,3.238,0.163
solid start,2,6,2,1.7281,3.238,0.380
plugin inspect,2,6,2,1.7281,3.238,0.327
use define,2,6,2,1.7281,3.238,-0.014
candidate phase,2,6,2,1.7281,3.238,0.579
release once,2,6,2,1.7281,3.238,0.165
hung up,2,6,2,1.7293,3.238,0.464
database call,2,6,2,1.7293,3.238,0.058
security measure,2,6,2,1.7293,3.238,0.419
postgresql database,2,6,2,1.7293,3.238,0.328
border radius,2,6,2,1.7293,3.238,0.816
remove everything,2,6,2,1.7293,3.238,0.238
use class,2,6,2,1.7293,3.238,-0.088
web request,2,6,2,1.7293,3.238,0.135
form control,2,6,2,1.7293,3.238,0.172
following question,2,6,2,1.7293,3.238,0.134
same question,2,6,2,1.7293,3.238,0.103
file provider,2,6,2,1.7293,3.238,0.126
access host,2,6,2,1.7293,3.238,0.147
build engine,2,6,2,1.7293,3.238,0.180
package cache,2,6,2,1.7293,3.238,0.145
status text,2,6,2,1.7293,3.238,0.186
os high,2,6,2,1.7293,3.238,0.323
link above,2,6,2,1.7293,3.238,0.217
backup restore,2,6,2,1.7293,3.238,0.467
data container,2,6,2,1.7293,3.238,0.008
right version,2,6,2,1.7293,3.238,0.105
using net,2,6,2,1.7293,3.238,0.114
nu get,2,6,2,1.7293,3.238,0.438
run like,2,6,2,1.7293,3.238,-0.054
correct answer,2,6,2,1.7293,3.238,0.190
setgid bit,2,6,2,1.7293,3.238,0.598
find expected,2,6,2,1.7293,3.238,0.169
original git,2,6,2,1.7293,3.238,0.099
get hash,2,6,2,1.7293,3.238,0.130
linear search,2,6,2,1.7293,3.238,0.446
wrap in,2,6,2,1.7293,3.238,0.007
script error,2,6,2,1.7293,3.238,-0.019
secure random,2,6,2,1.7293,3.238,0.411
strong guarantee,2,6,2,1.7293,3.238,0.497
code line,2,6,2,1.7293,3.238,-0.068
array output,2,6,2,1.7293,3.238,0.028
use prepared,2,6,2,1.7293,3.238,0.128
physical size,2,6,2,1.7293,3.238,0.382
sample size,2,6,2,1.7293,3.238,0.297
exception error,2,6,2,1.7293,3.238,-0.021
general solution,2,6,2,1.7293,3.238,0.268
integral type,2,6,2,1.7293,3.238,0.349
uninitialized memory,2,6,2,1.7293,3.238,0.401
full blown,2,6,2,1.7293,3.238,0.608
container class,2,6,2,1.7293,3.238,0.065
note above,2,6,2,1.7293,3.238,0.090
get exception,2,6,2,1.7293,3.238,0.004
effect react,2,6,2,1.7293,3.238,0.140
linking your code,3,6,2,1.7281,3.238,0.422
use the doc,3,6,2,1.7281,3.238,0.192
used to skip,3,6,2,1.7281,3.238,0.241
way to customize,3,6,2,1.7281,3.238,0.261
define the default,3,6,2,1.7281,3.238,0.143
create an issue,3,6,2,1.7281,3.238,0.182
arrow function body,3,6,2,1.7281,3.238,0.435
function prototype call,3,6,2,1.7281,3.238,0.365
switch to using,3,6,2,1.7281,3.238,0.213
async context manager,3,6,2,1.7281,3.238,0.404
import and use,3,6,2,1.7281,3.238,0.238
expect to receive,3,6,2,1.7281,3.238,0.445
serialize the data,3,6,2,1.7281,3.238,0.365
data to json,3,6,2,1.7281,3.238,0.248
free to skip,3,6,2,1.7281,3.238,0.434
appropriate for most,3,6,2,1.7281,3.238,0.379
deactivate the virtual,3,6,2,1.7281,3.238,0.641
read its documentation,3,6,2,1.7281,3.238,0.416
using the strict,3,6,2,1.7281,3.238,0.181
write data fetching,3,6,2,1.7281,3.238,0.314
data fetching logic,3,6,2,1.7281,3.238,0.358
purpose built data,3,6,2,1.7281,3.238,0.405
built data fetching,3,6,2,1.7281,3.238,0.347
meaning of life,3,6,2,1.7281,3.238,0.558
function to dispatch,3,6,2,1.7281,3.238,0.214
excited to announce,3,6,2,1.7281,3.238,0.871
release candidate phase,3,6,2,1.7281,3.238,0.586
appear to work,3,6,2,1.7293,3.238,0.290
find it in,3,6,2,1.7293,3.238,0.103
run something like,3,6,2,1.7293,3.238,0.156
mac os high,3,6,2,1.7293,3.238,0.398
os high sierra,3,6,2,1.7293,3.238,0.611
trying to push,3,6,2,1.7293,3.238,0.252
push the local,3,6,2,1.7293,3.238,0.314
trying to merge,3,6,2,1.7293,3.238,0.183
like to create,3,6,2,1.7293,3.238,0.050
way to discover,3,6,2,1.7293,3.238,0.354
send an error,3,6,2,1.7293,3.238,0.198
probably the best,3,6,2,1.7293,3.238,0.314
try to set,3,6,2,1.7293,3.238,0.097
trying to fix,3,6,2,1.7293,3.238,0.179
heavy use,2,7,3,1.7222,3.236,0.222
process object,2,7,3,1.7222,3.236,0.019
used later,2,7,3,1.7222,3.236,0.024
cause performance,2,7,3,1.7222,3.236,0.226
different number,2,7,3,1.7222,3.236,0.032
use template,2,7,3,1.7222,3.236,-0.007
error inside,2,7,3,1.7222,3.236,0.013
later see,2,7,3,1.7222,3.236,0.032
text instead,2,7,3,1.7222,3.236,0.063
wait in,2,7,3,1.7222,3.236,-0.006
received data,2,7,3,1.7222,3.236,0.174
view method,2,7,3,1.7222,3.236,0.066
user goes,2,7,3,1.7222,3.236,0.192
timeout exception,2,7,3,1.7222,3.236,0.235
correct usage,2,7,3,1.7222,3.236,0.213
cannot set,2,7,3,1.7222,3.236,0.055
proper type,2,7,3,1.7222,3.236,0.177
taking place,2,7,3,1.7222,3.236,0.332
idea behind,2,7,3,1.7222,3.236,0.377
like many,2,7,3,1.7222,3.236,0.011
simply set,2,7,3,1.7222,3.236,0.120
mostly used,2,7,3,1.7222,3.236,0.208
merge it into,3,7,3,1.7222,3.236,0.306
file modification time,3,7,3,1.7222,3.236,0.396
set it in,3,7,3,1.7222,3.236,0.078
through the python,3,7,3,1.7222,3.236,0.162
get the correct,3,7,3,1.7222,3.236,0.166
issue for more,3,7,3,1.7222,3.236,0.165
using the official,3,7,3,1.7222,3.236,0.204
error context,2,8,2,1.7152,3.234,0.031
possibly using,2,8,2,1.7152,3.234,0.149
unless specified,2,8,2,1.7152,3.234,0.185
file listing,2,8,2,1.7152,3.234,0.222
name test,2,8,2,1.7152,3.234,-0.030
string required,2,8,2,1.7152,3.234,0.089
authentication token,2,8,2,1.7152,3.234,0.302
tree command,2,8,2,1.7152,3.234,0.092
patch version,2,8,2,1.7152,3.234,0.170
script such,2,8,2,1.7152,3.234,0.033
error exit,2,8,2,1.7152,3.234,0.106
parser used,2,8,2,1.7152,3.234,0.116
option allow,2,8,2,1.7152,3.234,0.072
call apply,2,8,2,1.7152,3.234,0.125
api use,2,8,2,1.7152,3.234,-0.088
import string,2,8,2,1.7152,3.234,0.065
new request,2,8,2,1.7152,3.234,0.003
context block,2,8,2,1.7152,3.234,0.144
start response,2,8,2,1.7152,3.234,0.135
mark in,2,8,2,1.7152,3.234,-0.023
password message,2,8,2,1.7152,3.234,0.181
view user,2,8,2,1.7152,3.234,0.083
original input,2,8,2,1.7152,3.234,0.195
common source,2,8,2,1.7152,3.234,0.145
init var,2,8,2,1.7152,3.234,0.371
field based,2,8,2,1.7152,3.234,0.107
shell style,2,8,2,1.7152,3.234,0.237
name anonymous,2,8,2,1.7152,3.234,0.219
value function,2,8,2,1.7152,3.234,-0.128
latest state,2,8,2,1.7152,3.234,0.144
effects like,2,8,2,1.7152,3.234,0.120
state returned,2,8,2,1.7152,3.234,0.094
go sum,2,8,2,1.7152,3.234,0.380
migration path,2,8,2,1.7152,3.234,0.236
variety of different,3,8,2,1.7152,3.234,0.283
build the documentation,3,8,2,1.7152,3.234,0.189
otherwise the default,3,8,2,1.7152,3.234,0.163
disable this behavior,3,8,2,1.7152,3.234,0.339
use this new,3,8,2,1.7152,3.234,0.136
such as type,3,8,2,1.7152,3.234,-0.009
most common case,3,8,2,1.7152,3.234,0.260
following are true,3,8,2,1.7152,3.234,0.382
character class syntax,3,8,2,1.7152,3.234,0.408
lead to confusion,3,8,2,1.7152,3.234,0.489
file to configure,3,8,2,1.7152,3.234,0.172
parsed as json,3,8,2,1.7152,3.234,0.401
read more in,3,8,2,1.7152,3.234,0.092
username or password,3,8,2,1.7152,3.234,0.548
set the parameter,3,8,2,1.7152,3.234,0.180
sync and async,3,8,2,1.7152,3.234,0.503
mutate the original,3,8,2,1.7152,3.234,0.382
work in practice,3,8,2,1.7152,3.234,0.266
based model,2,9,3,1.7094,3.233,0.126
call back,2,9,3,1.7094,3.233,0.108
registry such,2,9,3,1.7094,3.233,0.136
silently ignore,2,9,3,1.7094,3.233,0.380
specific language,2,9,3,1.7094,3.233,0.155
support team,2,9,3,1.7094,3.233,0.187
object except,2,9,3,1.7094,3.233,0.089
more lenient,2,9,3,1.7094,3.233,0.405
public docker,2,9,3,1.7094,3.233,0.107
react frontend,2,9,3,1.7094,3.233,0.260
image instead,2,9,3,1.7094,3.233,0.056
same form,2,9,3,1.7094,3.233,0.047
easily switch,2,9,3,1.7094,3.233,0.346
marked up,2,9,3,1.7094,3.233,0.218
appear inside,2,9,3,1.7094,3.233,0.205
other input,2,9,3,1.7094,3.233,0.043
second approach,2,9,3,1.7094,3.233,0.233
classes without,2,9,3,1.7094,3.233,0.142
actual output,2,9,3,1.7094,3.233,0.142
xml output,2,9,3,1.7094,3.233,0.189
open on,2,9,3,1.7094,3.233,-0.041
unified diff,2,9,3,1.7094,3.233,0.471
generally used,2,9,3,1.7094,3.233,0.133
single method,2,9,3,1.7094,3.233,0.042
two extra,2,9,3,1.7094,3.233,0.130
single time,2,9,3,1.7094,3.233,0.038
level object,2,9,3,1.7094,3.233,0.024
documentation page,2,9,3,1.7094,3.233,0.134
finally note,2,9,3,1.7094,3.233,0.189
currently set,2,9,3,1.7094,3.233,0.101
display flex,2,9,3,1.7094,3.233,0.442
change during,2,9,3,1.7094,3.233,0.114
build flag,2,9,3,1.7094,3.233,0.089
environment python,2,5,3,1.7100,3.233,0.051
put another,2,5,3,1.7100,3.233,0.165
select more,2,5,3,1.7100,3.233,0.034
print in,2,5,3,1.7100,3.233,-0.079
project code,2,5,3,1.7100,3.233,-0.031
usually work,2,5,3,1.7100,3.233,0.139
enter into,2,5,3,1.7100,3.233,0.185
try increasing,2,5,3,1.7100,3.233,0.367
os use,2,5,3,1.7100,3.233,0.025
window open,2,5,3,1.7100,3.233,0.233
code added,2,5,3,1.7100,3.233,-0.005
correct output,2,5,3,1.7100,3.233,0.083
path system,2,5,3,1.7100,3.233,0.064
single remote,2,5,3,1.7100,3.233,0.162
option below,2,5,3,1.7100,3.233,0.089
commit head,2,5,3,1.7100,3.233,0.239
anything out,2,5,3,1.7100,3.233,0.151
software project,2,5,3,1.7100,3.233,0.219
potential problem,2,5,3,1.7100,3.233,0.267
first matching,2,5,3,1.7100,3.233,0.163
pattern instead,2,5,3,1.7100,3.233,0.077
program output,2,5,3,1.7100,3.233,0.063
useful except,2,5,3,1.7100,3.233,0.210
command shell,2,5,3,1.7100,3.233,0.109
empty table,2,5,3,1.7100,3.233,0.141
program cannot,2,5,3,1.7100,3.233,0.139
state associated,2,5,3,1.7100,3.233,0.144
carry on,2,5,3,1.7100,3.233,0.230
application domain,2,5,3,1.7100,3.233,0.207
iteration through,2,5,3,1.7100,3.233,0.268
next try,2,5,3,1.7100,3.233,0.126
executing the command,3,9,3,1.7094,3.233,0.272
order to keep,3,9,3,1.7094,3.233,0.224
command to install,3,9,3,1.7094,3.233,0.176
loaded into memory,3,9,3,1.7094,3.233,0.454
ways to achieve,3,9,3,1.7094,3.233,0.394
use the array,3,9,3,1.7094,3.233,0.038
used for writing,3,9,3,1.7094,3.233,0.251
object the function,3,9,3,1.7094,3.233,0.022
using an existing,3,9,3,1.7094,3.233,0.128
put another way,3,5,3,1.7100,3.233,0.400
define the method,3,5,3,1.7100,3.233,0.219
something else entirely,3,5,3,1.7100,3.233,0.500
needs to match,3,5,3,1.7100,3.233,0.192
within the directory,3,5,3,1.7100,3.233,0.167
ready to handle,3,5,3,1.7100,3.233,0.331
mac os use,3,5,3,1.7100,3.233,0.101
made the code,3,5,3,1.7100,3.233,0.169
using command line,3,5,3,1.7100,3.233,0.026
language which means,3,5,3,1.7100,3.233,0.312
change the variable,3,5,3,1.7100,3.233,0.151
loop is executed,3,5,3,1.7100,3.233,0.328
within the first,3,5,3,1.7100,3.233,0.120
time you change,3,5,3,1.7100,3.233,0.260
need to accept,3,5,3,1.7100,3.233,0.178
breaking existing,2,6,3,1.7029,3.231,0.295
recent stable,2,6,3,1.7029,3.231,0.386
job queue,2,10,2,1.7023,3.231,0.463
blocked waiting,2,6,3,1.7029,3.231,0.517
upon successful,2,10,2,1.7023,3.231,0.465
home git,2,10,2,1.7023,3.231,0.154
other documentation,2,6,3,1.7029,3.231,0.039
explicitly added,2,6,3,1.7029,3.231,0.201
sha checksum,2,10,2,1.7023,3.231,0.575
formatter using,2,10,2,1.7023,3.231,0.186
likely result,2,6,3,1.7029,3.231,0.205
wrapped into,2,10,2,1.7023,3.231,0.225
target file,2,6,3,1.7029,3.231,0.026
release branch,2,10,2,1.7023,3.231,0.170
differ based,2,6,3,1.7029,3.231,0.336
outer variable,2,6,3,1.7029,3.231,0.242
rest property,2,10,2,1.7023,3.231,0.219
non error,2,10,2,1.7023,3.231,0.027
never match,2,10,2,1.7023,3.231,0.164
configuration specified,2,10,2,1.7023,3.231,0.081
flag instead,2,6,3,1.7029,3.231,0.084
default keyword,2,10,2,1.7023,3.231,0.104
new client,2,10,2,1.7023,3.231,0.037
new translation,2,6,3,1.7029,3.231,0.222
email notification,2,6,3,1.7029,3.231,0.404
same tag,2,10,2,1.7023,3.231,0.082
specific user,2,10,2,1.7023,3.231,0.069
httpd conf,2,10,2,1.7023,3.231,0.617
start serving,2,6,3,1.7029,3.231,0.353
provide extra,2,10,2,1.7023,3.231,0.193
value return,2,10,2,1.7023,3.231,-0.050
decode utf,2,10,2,1.7023,3.231,0.458
type check,2,10,2,1.7023,3.231,-0.007
distinct type,2,6,3,1.7029,3.231,0.189
applied using,2,10,2,1.7023,3.231,0.099
specific metadata,2,10,2,1.7023,3.231,0.222
sample hook,2,10,2,1.7023,3.231,0.340
message level,2,10,2,1.7023,3.231,0.118
summary output,2,6,3,1.7029,3.231,0.200
parse in,2,6,3,1.7029,3.231,-0.044
cache on,2,10,2,1.7023,3.231,-0.012
fast refresh,2,10,2,1.7023,3.231,0.374
added missing,2,10,2,1.7023,3.231,0.224
path output,2,6,3,1.7029,3.231,0.017
many existing,2,6,3,1.7029,3.231,0.140
setup time,2,10,2,1.7023,3.231,0.129
start building,2,10,2,1.7023,3.231,0.206
create separate,2,6,3,1.7029,3.231,0.111
re fetching,2,10,2,1.7023,3.231,0.291
apache license,2,10,2,1.7023,3.231,0.479
grapheme cluster,2,6,3,1.7029,3.231,0.615
build use,2,10,2,1.7023,3.231,-0.092
built from source,3,10,2,1.7023,3.231,0.449
used to verify,3,10,2,1.7023,3.231,0.212
documentation to learn,3,10,2,1.7023,3.231,0.274
differ based on,3,6,3,1.7029,3.231,0.371
code to look,3,6,3,1.7029,3.231,0.133
evaluated in order,3,6,3,1.7029,3.231,0.349
file is found,3,10,2,1.7023,3.231,0.230
ability to modify,3,6,3,1.7029,3.231,0.366
using the alias,3,10,2,1.7023,3.231,0.203
file system path,3,10,2,1.7023,3.231,0.257
help you learn,3,6,3,1.7029,3.231,0.393
download page,2,11,2,1.6965,3.230,0.245
look through,2,11,2,1.6965,3.230,0.143
improperly configured,2,11,2,1.6965,3.230,0.609
source object,2,11,2,1.6965,3.230,0.021
id attribute,2,11,2,1.6965,3.230,0.165
string see,2,11,2,1.6965,3.230,-0.043
iteration over,2,11,2,1.6965,3.230,0.267
limited use,2,11,2,1.6965,3.230,0.105
aggregate expression,2,11,2,1.6965,3.230,0.295
version tag,2,11,2,1.6965,3.230,0.115
docker toolbox,2,11,2,1.6965,3.230,0.341
restarting docker,2,11,2,1.6965,3.230,0.271
certificate signed,2,11,2,1.6965,3.230,0.418
system administrator,2,11,2,1.6965,3.230,0.351
existing branch,2,11,2,1.6965,3.230,0.177
error highlight,2,11,2,1.6965,3.230,0.282
symbolic reference,2,11,2,1.6965,3.230,0.316
index record,2,11,2,1.6965,3.230,0.221
manually call,2,11,2,1.6965,3.230,0.163
string conversion,2,11,2,1.6965,3.230,0.191
use without,2,11,2,1.6965,3.230,-0.081
query optimizer,2,11,2,1.6965,3.230,0.388
base address,2,11,2,1.6965,3.230,0.207
task app,2,11,2,1.6965,3.230,0.184
use the constructor,3,11,2,1.6965,3.230,0.098
need to stop,3,11,2,1.6965,3.230,0.153
instead of docker,3,11,2,1.6965,3.230,0.020
service is running,3,11,2,1.6965,3.230,0.344
error message instead,3,11,2,1.6965,3.230,0.160
following docker compose,3,11,2,1.6965,3.230,0.188
value is expected,3,11,2,1.6965,3.230,0.199
difference between two,3,11,2,1.6965,3.230,0.210
strict equality operator,3,11,2,1.6965,3.230,0.512
up test,2,12,2,1.6895,3.228,0.008
below describe,2,8,3,1.6901,3.228,0.302
common set,2,8,3,1.6901,3.228,0.053
support policy,2,12,2,1.6895,3.228,0.207
currently implemented,2,12,2,1.6895,3.228,0.274
given range,2,8,3,1.6901,3.228,0.195
equality comparison,2,12,2,1.6895,3.228,0.431
spider monkey,2,12,2,1.6895,3.228,0.907
use new,2,8,3,1.6901,3.228,-0.141
add object,2,12,2,1.6895,3.228,-0.043
use negative,2,8,3,1.6901,3.228,0.097
additional setup,2,12,2,1.6895,3.228,0.240
node use,2,12,2,1.6895,3.228,-0.052
somewhere other,2,8,3,1.6901,3.228,0.206
include more,2,8,3,1.6901,3.228,0.044
share memory,2,8,3,1.6901,3.228,0.244
special data,2,8,3,1.6901,3.228,0.078
more relevant,2,8,3,1.6901,3.228,0.152
key true,2,12,2,1.6895,3.228,0.090
python binary,2,12,2,1.6895,3.228,0.123
given exception,2,12,2,1.6895,3.228,0.088
more ergonomic,2,8,3,1.6901,3.228,0.417
watch mode,2,12,2,1.6895,3.228,0.315
see error,2,8,3,1.6901,3.228,-0.073
field model,2,12,2,1.6895,3.228,0.088
such behavior,2,8,3,1.6901,3.228,0.079
perform other,2,8,3,1.6901,3.228,0.124
eventually become,2,8,3,1.6901,3.228,0.427
log date,2,12,2,1.6895,3.228,0.169
currently installed,2,12,2,1.6895,3.228,0.235
error list,2,8,3,1.6901,3.228,-0.031
sharing data,2,8,3,1.6901,3.228,0.203
lifting state,2,12,2,1.6895,3.228,0.438
related data,2,12,2,1.6895,3.228,0.089
now read,2,8,3,1.6901,3.228,0.046
current list,2,8,3,1.6901,3.228,0.055
state logic,2,12,2,1.6895,3.228,0.090
basic structure,2,8,3,1.6901,3.228,0.284
code reuse,2,8,3,1.6901,3.228,0.166
single logical,2,8,3,1.6901,3.228,0.247
true note,2,8,3,1.6901,3.228,0.074
read and written,3,12,2,1.6895,3.228,0.366
code to avoid,3,12,2,1.6895,3.228,0.054
latest stable release,3,12,2,1.6895,3.228,0.474
way to manage,3,12,2,1.6895,3.228,0.234
object with two,3,12,2,1.6895,3.228,0.229
boolean value true,3,12,2,1.6895,3.228,0.376
tried to access,3,8,3,1.6901,3.228,0.252
during the development,3,12,2,1.6895,3.228,0.318
support for server,3,12,2,1.6895,3.228,0.157
support for custom,3,12,2,1.6895,3.228,0.220
positional or keyword,3,12,2,1.6895,3.228,0.626
take the form,3,8,3,1.6901,3.228,0.261
value is greater,3,8,3,1.6901,3.228,0.254
option to make,3,8,3,1.6901,3.228,0.073
data is available,3,12,2,1.6895,3.228,0.151
used at runtime,3,8,3,1.6901,3.228,0.183
reducing the amount,3,8,3,1.6901,3.228,0.550
way to share,3,8,3,1.6901,3.228,0.243
dev package,2,5,2,1.6796,3.225,0.169
minor patch,2,5,2,1.6796,3.225,0.375
package build,2,5,2,1.6796,3.225,0.054
display colors,2,5,2,1.6796,3.225,0.387
binary size,2,5,2,1.6796,3.225,0.220
configuration per,2,5,2,1.6796,3.225,0.160
dependency version,2,5,2,1.6796,3.225,0.100
script support,2,5,2,1.6796,3.225,0.065
schema validation,2,5,2,1.6796,3.225,0.245
linting error,2,5,2,1.6796,3.225,0.208
output property,2,5,2,1.6796,3.225,0.059
code consistency,2,5,2,1.6796,3.225,0.186
empty block,2,5,2,1.6796,3.225,0.169
empty catch,2,5,2,1.6796,3.225,0.213
pattern default,2,5,2,1.6796,3.225,0.041
use yarn,2,5,2,1.6796,3.225,0.215
insert text,2,5,2,1.6796,3.225,0.212
address make,2,5,2,1.6796,3.225,0.124
property type,2,5,2,1.6796,3.225,0.006
header parameter,2,5,2,1.6796,3.225,0.186
read below,2,5,2,1.6796,3.225,0.142
tree view,2,5,2,1.6796,3.225,0.170
never store,2,5,2,1.6796,3.225,0.151
plaintext password,2,5,2,1.6796,3.225,0.528
environment instead,2,5,2,1.6796,3.225,0.056
connect log,2,5,2,1.6796,3.225,0.237
active application,2,5,2,1.6796,3.225,0.215
import app,2,5,2,1.6796,3.225,0.107
function yourself,2,5,2,1.6796,3.225,0.133
path get,2,5,2,1.6796,3.225,-0.004
post title,2,5,2,1.6796,3.225,0.300
bit bucket,2,5,2,1.6796,3.225,0.469
plugin manager,2,5,2,1.6796,3.225,0.258
alias path,2,5,2,1.6796,3.225,0.179
cut out,2,5,2,1.6796,3.225,0.352
error throw,2,5,2,1.6796,3.225,0.106
container component,2,5,2,1.6796,3.225,0.112
saga middleware,2,5,2,1.6796,3.225,0.413
elm architecture,2,5,2,1.6796,3.225,0.662
single selector,2,5,2,1.6796,3.225,0.201
entity state,2,5,2,1.6796,3.225,0.246
react query,2,5,2,1.6796,3.225,0.070
special import,2,5,2,1.6796,3.225,0.195
server performance,2,5,2,1.6796,3.225,0.116
css pre,2,5,2,1.6796,3.225,0.296
level directory,2,10,2,1.6772,3.225,0.088
case instead,2,10,2,1.6772,3.225,0.017
expression used,2,10,2,1.6772,3.225,0.032
first pattern,2,10,2,1.6772,3.225,0.064
admin user,2,10,2,1.6772,3.225,0.167
other character,2,10,2,1.6772,3.225,0.086
many additional,2,10,2,1.6772,3.225,0.144
running test,2,10,2,1.6772,3.225,0.033
status column,2,10,2,1.6772,3.225,0.234
index using,2,10,2,1.6772,3.225,-0.024
default strategy,2,10,2,1.6772,3.225,0.220
explicitly say,2,10,2,1.6772,3.225,0.266
remote add,2,10,2,1.6772,3.225,0.112
own name,2,10,2,1.6772,3.225,0.047
value argument,2,10,2,1.6772,3.225,-0.015
call value,2,10,2,1.6772,3.225,-0.049
another difference,2,10,2,1.6772,3.225,0.183
marked as accepted,3,5,2,1.6796,3.225,0.478
struct or union,3,5,2,1.6796,3.225,0.601
package to use,3,5,2,1.6796,3.225,0.043
determine the best,3,5,2,1.6796,3.225,0.346
address make sure,3,5,2,1.6796,3.225,0.245
see the alternative,3,5,2,1.6796,3.225,0.260
operation to test,3,5,2,1.6796,3.225,0.294
client will receive,3,5,2,1.6796,3.225,0.378
cause your application,3,5,2,1.6796,3.225,0.279
code by hand,3,5,2,1.6796,3.225,0.203
node env production,3,5,2,1.6796,3.225,0.529
list is empty,3,10,2,1.6772,3.225,0.302
syntax is used,3,10,2,1.6772,3.225,0.168
exit status code,3,10,2,1.6772,3.225,0.262
used the default,3,10,2,1.6772,3.225,0.012
sorted in ascending,3,10,2,1.6772,3.225,0.642
pattern to match,3,10,2,1.6772,3.225,0.268
output and standard,3,10,2,1.6772,3.225,0.384
result of running,3,10,2,1.6772,3.225,0.219
similar to git,3,10,2,1.6772,3.225,0.107
git remote add,3,10,2,1.6772,3.225,0.343
using an index,3,10,2,1.6772,3.225,0.167
such as loop,3,10,2,1.6772,3.225,0.118
call from multiple,3,10,2,1.6772,3.225,0.354
move the state,3,10,2,1.6772,3.225,0.254
binary form,2,14,2,1.6766,3.224,0.193
multiple source,2,6,3,1.6738,3.224,0.104
other environment,2,6,3,1.6738,3.224,0.020
large tables,2,14,2,1.6766,3.224,0.269
whole program,2,6,3,1.6738,3.224,0.224
local cache,2,14,2,1.6766,3.224,0.170
head commit,2,6,3,1.6738,3.224,0.237
core repository,2,14,2,1.6766,3.224,0.179
pull access,2,14,2,1.6766,3.224,0.177
property source,2,14,2,1.6766,3.224,0.122
release date,2,14,2,1.6766,3.224,0.173
quick fix,2,6,3,1.6738,3.224,0.313
default operator,2,14,2,1.6766,3.224,0.070
exit method,2,14,2,1.6766,3.224,0.137
mean something,2,6,3,1.6738,3.224,0.236
based in,2,6,3,1.6738,3.224,-0.125
promise reject,2,14,2,1.6766,3.224,0.437
set language,2,14,2,1.6766,3.224,0.069
address using,2,6,3,1.6738,3.224,0.049
version use,2,14,2,1.6766,3.224,-0.099
resource sharing,2,6,3,1.6738,3.224,0.398
main data,2,14,2,1.6766,3.224,0.035
user management,2,14,2,1.6766,3.224,0.194
application development,2,14,2,1.6766,3.224,0.148
same performance,2,6,3,1.6738,3.224,0.081
app container,2,6,3,1.6738,3.224,0.078
different domain,2,6,3,1.6738,3.224,0.190
logic used,2,14,2,1.6766,3.224,0.055
id int,2,14,2,1.6766,3.224,0.205
user specific,2,14,2,1.6766,3.224,0.068
true see,2,14,2,1.6766,3.224,0.022
import into,2,6,3,1.6738,3.224,0.070
available within,2,14,2,1.6766,3.224,0.126
template library,2,14,2,1.6766,3.224,0.155
text str,2,14,2,1.6766,3.224,0.222
database see,2,14,2,1.6766,3.224,0.011
time instance,2,14,2,1.6766,3.224,0.039
none type,2,6,3,1.6738,3.224,0.066
field description,2,14,2,1.6766,3.224,0.191
alternative solution,2,6,3,1.6738,3.224,0.314
hub using,2,14,2,1.6766,3.224,0.043
code module,2,14,2,1.6766,3.224,-0.057
function method,2,6,3,1.6738,3.224,-0.076
assert on,2,6,3,1.6738,3.224,0.049
sys exit,2,14,2,1.6766,3.224,0.330
added benefit,2,6,3,1.6738,3.224,0.321
directory file,2,14,2,1.6766,3.224,-0.034
well without,2,6,3,1.6738,3.224,0.088
transition type,2,14,2,1.6766,3.224,0.158
different argument,2,14,2,1.6766,3.224,0.061
explicitly check,2,6,3,1.6738,3.224,0.170
accidentally use,2,6,3,1.6738,3.224,0.128
pure component,2,14,2,1.6766,3.224,0.301
multiple state,2,14,2,1.6766,3.224,0.034
web based,2,14,2,1.6766,3.224,0.165
sample project,2,14,2,1.6766,3.224,0.242
reference instead,2,6,3,1.6738,3.224,0.047
quite well,2,6,3,1.6738,3.224,0.256
concat method,2,14,2,1.6766,3.224,0.339
state changed,2,6,3,1.6738,3.224,0.111
interesting part,2,6,3,1.6738,3.224,0.328
context use,2,14,2,1.6766,3.224,-0.034
specific item,2,6,3,1.6738,3.224,0.169
recent change,2,14,2,1.6766,3.224,0.226
highly discouraged,2,6,3,1.6738,3.224,0.606
delete method,2,14,2,1.6766,3.224,0.127
read timeout,2,6,3,1.6738,3.224,0.264
properly installed,2,6,3,1.6738,3.224,0.300
sign off,2,14,2,1.6766,3.224,0.303
during server,2,14,2,1.6766,3.224,0.097
custom path,2,14,2,1.6766,3.224,0.085
site generation,2,14,2,1.6766,3.224,0.402
try to send,3,6,3,1.6738,3.224,0.236
information is available,3,14,2,1.6766,3.224,0.226
query to return,3,6,3,1.6738,3.224,0.211
until you find,3,6,3,1.6738,3.224,0.371
user by default,3,14,2,1.6766,3.224,0.079
use this code,3,6,3,1.6738,3.224,0.033
need to map,3,6,3,1.6738,3.224,0.124
used to call,3,14,2,1.6766,3.224,0.079
fall back on,3,14,2,1.6766,3.224,0.199
need to restore,3,6,3,1.6738,3.224,0.236
first name field,3,6,3,1.6738,3.224,0.362
execute arbitrary code,3,14,2,1.6766,3.224,0.351
warning in python,3,6,3,1.6738,3.224,0.281
throw new error,3,6,3,1.6738,3.224,0.453
state and use,3,14,2,1.6766,3.224,0.102
read the latest,3,14,2,1.6766,3.224,0.218
going to run,3,6,3,1.6738,3.224,0.158
download the file,3,6,3,1.6738,3.224,0.231
using the experimental,3,14,2,1.6766,3.224,0.239
update the file,3,6,3,1.6738,3.224,0.119
static site generation,3,14,2,1.6766,3.224,0.606
broken code,2,7,3,1.6667,3.222,0.147
install via,2,7,3,1.6667,3.222,0.187
repeated use,2,7,3,1.6667,3.222,0.169
tree like,2,7,3,1.6667,3.222,0.059
verbose flag,2,7,3,1.6667,3.222,0.259
authority ca,2,7,3,1.6667,3.222,0.657
possible workaround,2,7,3,1.6667,3.222,0.288
instead provide,2,7,3,1.6667,3.222,0.091
eye out,2,7,3,1.6667,3.222,0.427
manually specify,2,7,3,1.6667,3.222,0.225
other form,2,7,3,1.6667,3.222,0.043
primary goal,2,7,3,1.6667,3.222,0.422
flow through,2,7,3,1.6667,3.222,0.262
considered invalid,2,7,3,1.6667,3.222,0.325
optional message,2,7,3,1.6667,3.222,0.173
user out,2,7,3,1.6667,3.222,0.032
like event,2,7,3,1.6667,3.222,0.067
view based,2,7,3,1.6667,3.222,0.143
small performance,2,7,3,1.6667,3.222,0.261
domain specific,2,7,3,1.6667,3.222,0.234
monkey patching,2,7,3,1.6667,3.222,0.783
two small,2,7,3,1.6667,3.222,0.174
across many,2,7,3,1.6667,3.222,0.198
react specific,2,7,3,1.6667,3.222,0.091
avoid common,2,7,3,1.6667,3.222,0.177
api design,2,7,3,1.6667,3.222,0.202
user type,2,7,3,1.6667,3.222,-0.042
correctly use,2,7,3,1.6667,3.222,0.029
server communication,2,7,3,1.6667,3.222,0.292
try to keep,3,7,3,1.6667,3.222,0.221
cannot be overridden,3,7,3,1.6667,3.222,0.353
available as well,3,7,3,1.6667,3.222,0.147
making it impossible,3,7,3,1.6667,3.222,0.516
certificate authority ca,3,7,3,1.6667,3.222,0.703
want to experiment,3,7,3,1.6667,3.222,0.318
responsible for handling,3,7,3,1.6667,3.222,0.376
difficult to debug,3,7,3,1.6667,3.222,0.373
want to declare,3,7,3,1.6667,3.222,0.145
path in order,3,7,3,1.6667,3.222,0.147
need to instantiate,3,7,3,1.6667,3.222,0.320
such as logging,3,7,3,1.6667,3.222,0.204
script as well,3,7,3,1.6667,3.222,0.116
run the effect,3,7,3,1.6667,3.222,0.230
form without,2,8,2,1.6609,3.220,0.094
psql command,2,8,2,1.6609,3.220,0.285
list without,2,8,2,1.6609,3.220,0.033
old way,2,8,2,1.6609,3.220,0.128
test server,2,8,2,1.6609,3.220,0.001
time cost,2,8,2,1.6609,3.220,0.200
meaningful error,2,8,2,1.6609,3.220,0.240
error detection,2,8,2,1.6609,3.220,0.225
get base,2,8,2,1.6609,3.220,0.071
hold true,2,8,2,1.6609,3.220,0.243
going into,2,8,2,1.6609,3.220,0.120
independent way,2,8,2,1.6609,3.220,0.237
need two,2,8,2,1.6609,3.220,-0.002
possible see,2,8,2,1.6609,3.220,0.021
individual file,2,8,2,1.6609,3.220,0.122
mobile device,2,8,2,1.6609,3.220,0.519
utf string,2,8,2,1.6609,3.220,0.171
class defined,2,8,2,1.6609,3.220,0.074
read error,2,8,2,1.6609,3.220,0.008
base on,2,8,2,1.6609,3.220,-0.026
people often,2,8,2,1.6609,3.220,0.259
number like,2,8,2,1.6609,3.220,-0.023
such option,2,8,2,1.6609,3.220,0.005
more consistently,2,8,2,1.6609,3.220,0.261
bit confusing,2,8,2,1.6609,3.220,0.358
much clearer,2,8,2,1.6609,3.220,0.408
time until,2,8,2,1.6609,3.220,0.108
array iteration,2,8,2,1.6609,3.220,0.214
reference variable,2,8,2,1.6609,3.220,0.059
alternative syntax,2,8,2,1.6609,3.220,0.261
selected value,2,8,2,1.6609,3.220,0.101
text column,2,8,2,1.6609,3.220,0.157
customer id,2,8,2,1.6609,3.220,0.350
well supported,2,8,2,1.6609,3.220,0.173
analyze on,2,8,2,1.6609,3.220,0.164
cartesian product,2,8,2,1.6609,3.220,0.705
regular package,2,8,2,1.6609,3.220,0.176
script variable,2,8,2,1.6609,3.220,0.041
component type,2,8,2,1.6609,3.220,0.013
error means,2,8,2,1.6609,3.220,0.030
get the id,3,8,2,1.6609,3.220,0.177
see the original,3,8,2,1.6609,3.220,0.104
get stuck in,3,8,2,1.6609,3.220,0.222
tried to remove,3,8,2,1.6609,3.220,0.297
worked as expected,3,8,2,1.6609,3.220,0.420
trying to see,3,8,2,1.6609,3.220,0.080
divide by zero,3,8,2,1.6609,3.220,0.629
instead you need,3,8,2,1.6609,3.220,0.083
over the object,3,8,2,1.6609,3.220,0.133
catch the error,3,8,2,1.6609,3.220,0.216
row is inserted,3,8,2,1.6609,3.220,0.476
second command,2,5,4,1.6545,3.219,0.079
top directory,2,5,4,1.6545,3.219,0.135
more practical,2,5,4,1.6545,3.219,0.262
redirect standard,2,5,4,1.6545,3.219,0.276
without sending,2,5,4,1.6545,3.219,0.215
once within,2,5,4,1.6545,3.219,0.151
external dependency,2,5,4,1.6545,3.219,0.228
optionally add,2,5,4,1.6545,3.219,0.224
immediately preceding,2,5,4,1.6545,3.219,0.462
provide type,2,5,4,1.6545,3.219,0.032
up against,2,5,4,1.6545,3.219,0.158
cannot assign,2,5,4,1.6545,3.219,0.273
name multiple,2,5,4,1.6545,3.219,0.013
code due,2,5,4,1.6545,3.219,0.061
shell terminal,2,5,4,1.6545,3.219,0.260
selected file,2,5,4,1.6545,3.219,0.109
different programming,2,5,4,1.6545,3.219,0.167
general way,2,5,4,1.6545,3.219,0.145
run many,2,5,4,1.6545,3.219,0.028
keyword instead,2,5,4,1.6545,3.219,0.137
entire class,2,5,4,1.6545,3.219,0.163
several hundred,2,5,4,1.6545,3.219,0.507
effectively means,2,5,4,1.6545,3.219,0.311
id number,2,5,4,1.6545,3.219,0.080
means more,2,5,4,1.6545,3.219,0.036
now say,2,5,4,1.6545,3.219,0.132
get query,2,5,4,1.6545,3.219,0.019
store more,2,5,4,1.6545,3.219,0.016
appropriate use,2,5,4,1.6545,3.219,0.049
performance without,2,5,4,1.6545,3.219,0.129
like to work,3,5,4,1.6545,3.219,0.097
use to work,3,5,4,1.6545,3.219,0.030
item is added,3,5,4,1.6545,3.219,0.377
code in another,3,5,4,1.6545,3.219,0.176
appropriate to use,3,5,4,1.6545,3.219,0.155
end up looking,3,5,4,1.6545,3.219,0.385
use to install,3,5,4,1.6545,3.219,0.075
out the next,3,5,4,1.6545,3.219,0.139
want to calculate,3,5,4,1.6545,3.219,0.244
matter how long,3,5,4,1.6545,3.219,0.468
type for instance,3,5,4,1.6545,3.219,0.154
see the effect,3,5,4,1.6545,3.219,0.169
want to clean,3,5,4,1.6545,3.219,0.176
used to reset,3,5,4,1.6545,3.219,0.250
share data between,3,5,4,1.6545,3.219,0.479
server will return,3,5,4,1.6545,3.219,0.208
produce the result,3,5,4,1.6545,3.219,0.284
such as calling,3,5,4,1.6545,3.219,0.138
way to retrieve,3,5,4,1.6545,3.219,0.268
cause your program,3,5,4,1.6545,3.219,0.359
normal output,2,9,3,1.6539,3.218,0.150
up git,2,9,3,1.6539,3.218,-0.012
avoid breaking,2,9,3,1.6539,3.218,0.300
resulting code,2,9,3,1.6539,3.218,0.113
time per,2,9,3,1.6539,3.218,0.109
script string,2,9,3,1.6539,3.218,0.007
now obsolete,2,9,3,1.6539,3.218,0.339
now open,2,9,3,1.6539,3.218,0.067
file read,2,9,3,1.6539,3.218,-0.004
last query,2,9,3,1.6539,3.218,0.125
class such,2,9,3,1.6539,3.218,0.024
unhandled error,2,9,3,1.6539,3.218,0.230
defined above,2,9,3,1.6539,3.218,0.125
more ways,2,9,3,1.6539,3.218,0.098
user table,2,9,3,1.6539,3.218,0.050
certain value,2,9,3,1.6539,3.218,0.082
text output,2,9,3,1.6539,3.218,0.055
parent function,2,9,3,1.6539,3.218,0.043
level component,2,9,3,1.6539,3.218,0.131
added removed,2,9,3,1.6539,3.218,0.181
running code,2,9,3,1.6539,3.218,-0.040
permitted in,2,9,3,1.6539,3.218,0.127
following file,2,9,3,1.6539,3.218,-0.050
size and alignment,3,9,3,1.6539,3.218,0.577
function is assigned,3,9,3,1.6539,3.218,0.248
thus the following,3,9,3,1.6539,3.218,0.173
setting this value,3,9,3,1.6539,3.218,0.270
used to manage,3,9,3,1.6539,3.218,0.192
function you pass,3,9,3,1.6539,3.218,0.197
add or subtract,3,9,3,1.6539,3.218,0.501
effectively the same,3,9,3,1.6539,3.218,0.218
especially when using,3,9,3,1.6539,3.218,0.252
third party module,3,9,3,1.6539,3.218,0.241
detailed below,2,11,3,1.6410,3.215,0.311
easy access,2,11,3,1.6410,3.215,0.186
common idiom,2,11,3,1.6410,3.215,0.402
use host,2,11,3,1.6410,3.215,-0.007
null true,2,11,3,1.6410,3.215,0.133
constructor directly,2,11,3,1.6410,3.215,0.182
last release,2,11,3,1.6410,3.215,0.172
current execution,2,11,3,1.6410,3.215,0.181
default object,2,11,3,1.6410,3.215,-0.074
surrounding code,2,11,3,1.6410,3.215,0.247
without explicitly,2,11,3,1.6410,3.215,0.149
removed entirely,2,11,3,1.6410,3.215,0.329
new path,2,11,3,1.6410,3.215,-0.025
request forgery,2,11,3,1.6410,3.215,0.524
same purpose,2,11,3,1.6410,3.215,0.161
return something,2,11,3,1.6410,3.215,0.077
same domain,2,11,3,1.6410,3.215,0.148
application data,2,11,3,1.6410,3.215,-0.013
database sessions,2,11,3,1.6410,3.215,0.305
list formatting,2,11,3,1.6410,3.215,0.198
float type,2,11,3,1.6410,3.215,0.175
self documenting,2,11,3,1.6410,3.215,0.495
exception traceback,2,11,3,1.6410,3.215,0.284
great deal,2,11,3,1.6410,3.215,0.431
dict object,2,11,3,1.6410,3.215,0.116
xml schema,2,11,3,1.6410,3.215,0.300
path pattern,2,11,3,1.6410,3.215,0.080
forward compatibility,2,11,3,1.6410,3.215,0.378
code generator,2,11,3,1.6410,3.215,0.100
debugging tool,2,11,3,1.6410,3.215,0.314
turns on,2,11,3,1.6410,3.215,0.139
main server,2,11,3,1.6410,3.215,0.083
code up,2,7,3,1.6416,3.215,-0.066
scattered throughout,2,7,3,1.6416,3.215,0.693
operation such,2,7,3,1.6416,3.215,0.120
get random,2,7,3,1.6416,3.215,0.169
provide in,2,7,3,1.6416,3.215,-0.114
following special,2,7,3,1.6416,3.215,0.122
add data,2,7,3,1.6416,3.215,-0.041
number input,2,7,3,1.6416,3.215,0.085
exact number,2,7,3,1.6416,3.215,0.191
among different,2,7,3,1.6416,3.215,0.268
table used,2,7,3,1.6416,3.215,0.001
leak memory,2,7,3,1.6416,3.215,0.350
data over,2,7,3,1.6416,3.215,0.031
specific purpose,2,7,3,1.6416,3.215,0.245
exclamation mark,2,7,3,1.6416,3.215,0.619
single output,2,7,3,1.6416,3.215,0.051
process first,2,7,3,1.6416,3.215,0.057
using format,2,7,3,1.6416,3.215,-0.012
use additional,2,7,3,1.6416,3.215,-0.010
first list,2,7,3,1.6416,3.215,0.004
explicitly ask,2,7,3,1.6416,3.215,0.311
save space,2,7,3,1.6416,3.215,0.283
additional space,2,7,3,1.6416,3.215,0.233
unlike many,2,7,3,1.6416,3.215,0.239
file out,2,7,3,1.6416,3.215,-0.032
corresponding type,2,7,3,1.6416,3.215,0.110
major use,2,7,3,1.6416,3.215,0.067
mix up,2,7,3,1.6416,3.215,0.289
different string,2,7,3,1.6416,3.215,-0.001
result string,2,7,3,1.6416,3.215,0.019
another more,2,7,3,1.6416,3.215,0.010
particular context,2,7,3,1.6416,3.215,0.180
cannot be applied,3,11,3,1.6410,3.215,0.308
site request forgery,3,11,3,1.6410,3.215,0.658
set the following,3,11,3,1.6410,3.215,-0.014
need to uninstall,3,11,3,1.6410,3.215,0.300
development and deployment,3,11,3,1.6410,3.215,0.542
hard to understand,3,11,3,1.6410,3.215,0.370
object each time,3,11,3,1.6410,3.215,0.193
available for node,3,11,3,1.6410,3.215,0.286
keep this in,3,7,3,1.6416,3.215,0.196
anything you like,3,7,3,1.6416,3.215,0.337
use as many,3,7,3,1.6416,3.215,0.149
see the other,3,7,3,1.6416,3.215,0.035
call to get,3,7,3,1.6416,3.215,0.094
careful when using,3,7,3,1.6416,3.215,0.309
method is implemented,3,7,3,1.6416,3.215,0.277
considered an error,3,7,3,1.6416,3.215,0.240
action to take,3,7,3,1.6416,3.215,0.251
use the output,3,7,3,1.6416,3.215,-0.004
want to say,3,7,3,1.6416,3.215,0.135
copy the data,3,7,3,1.6416,3.215,0.185
value will return,3,7,3,1.6416,3.215,0.136
short or long,3,7,3,1.6416,3.215,0.567
data to disk,3,7,3,1.6416,3.215,0.260
reserved for use,3,7,3,1.6416,3.215,0.262
party app,2,13,2,1.6281,3.212,0.236
install on,2,13,2,1.6281,3.212,-0.022
following list,2,13,2,1.6281,3.212,0.013
error constructor,2,13,2,1.6281,3.212,0.066
full python,2,13,2,1.6281,3.212,0.105
unbound local,2,13,2,1.6281,3.212,0.468
leading whitespace,2,13,2,1.6281,3.212,0.421
user attribute,2,13,2,1.6281,3.212,0.106
main table,2,13,2,1.6281,3.212,0.115
null instead,2,13,2,1.6281,3.212,0.088
api like,2,13,2,1.6281,3.212,-0.024
extra effort,2,13,2,1.6281,3.212,0.366
boot application,2,13,2,1.6281,3.212,0.348
custom network,2,13,2,1.6281,3.212,0.173
environment file,2,13,2,1.6281,3.212,-0.008
root password,2,13,2,1.6281,3.212,0.216
building docker,2,13,2,1.6281,3.212,0.111
app docker,2,13,2,1.6281,3.212,-0.008
scale factor,2,13,2,1.6281,3.212,0.588
auto update,2,13,2,1.6281,3.212,0.204
server client,2,13,2,1.6281,3.212,0.079
remote url,2,13,2,1.6281,3.212,0.193
image filesystem,2,13,2,1.6281,3.212,0.235
bridge mode,2,13,2,1.6281,3.212,0.321
create event,2,13,2,1.6281,3.212,0.094
active state,2,13,2,1.6281,3.212,0.179
access another,2,13,2,1.6281,3.212,0.089
made git,2,13,2,1.6281,3.212,0.081
parent commit,2,13,2,1.6281,3.212,0.180
internal buffer,2,13,2,1.6281,3.212,0.309
shared repository,2,13,2,1.6281,3.212,0.206
author date,2,13,2,1.6281,3.212,0.296
branch list,2,13,2,1.6281,3.212,0.092
object data,2,13,2,1.6281,3.212,-0.088
current local,2,13,2,1.6281,3.212,0.111
obvious way,2,13,2,1.6281,3.212,0.261
index property,2,13,2,1.6281,3.212,0.098
value property,2,13,2,1.6281,3.212,-0.008
replacer function,2,13,2,1.6281,3.212,0.370
replacement character,2,13,2,1.6281,3.212,0.353
target string,2,13,2,1.6281,3.212,0.063
entire database,2,13,2,1.6281,3.212,0.189
operator name,2,13,2,1.6281,3.212,0.071
current connection,2,13,2,1.6281,3.212,0.149
ordered dictionary,2,13,2,1.6281,3.212,0.416
os app,2,13,2,1.6281,3.212,0.157
via props,2,13,2,1.6281,3.212,0.265
effects run,2,13,2,1.6281,3.212,0.136
dom children,2,13,2,1.6281,3.212,0.377
pass value,2,13,2,1.6281,3.212,0.002
same asset,2,13,2,1.6281,3.212,0.278
third party app,3,13,2,1.6281,3.212,0.249
date or time,3,13,2,1.6281,3.212,0.374
second and subsequent,3,13,2,1.6281,3.212,0.507
spring boot application,3,13,2,1.6281,3.212,0.403
command to see,3,13,2,1.6281,3.212,0.119
time is spent,3,13,2,1.6281,3.212,0.447
local time zone,3,13,2,1.6281,3.212,0.282
write the output,3,13,2,1.6281,3.212,0.150
property the value,3,13,2,1.6281,3.212,0.108
pass it into,3,13,2,1.6281,3.212,0.273
user defined type,3,13,2,1.6281,3.212,0.209
specify the option,3,13,2,1.6281,3.212,0.166
light on,2,5,2,1.6253,3.211,0.225
current domain,2,5,2,1.6253,3.211,0.217
child object,2,5,2,1.6253,3.211,0.098
zero error,2,5,2,1.6253,3.211,0.094
using apache,2,5,2,1.6253,3.211,0.178
now comes,2,5,2,1.6253,3.211,0.166
server database,2,5,2,1.6253,3.211,0.049
background service,2,5,2,1.6253,3.211,0.290
build path,2,5,2,1.6253,3.211,0.023
using event,2,5,2,1.6253,3.211,0.035
now find,2,5,2,1.6253,3.211,0.064
virtualization technology,2,5,2,1.6253,3.211,0.705
good explanation,2,5,2,1.6253,3.211,0.343
automatically restart,2,5,2,1.6253,3.211,0.258
more log,2,5,2,1.6253,3.211,0.041
device info,2,5,2,1.6253,3.211,0.352
docker error,2,5,2,1.6253,3.211,-0.081
push error,2,5,2,1.6253,3.211,0.092
assembly output,2,5,2,1.6253,3.211,0.280
index lock,2,5,2,1.6253,3.211,0.179
auto refresh,2,5,2,1.6253,3.211,0.440
host provided,2,5,2,1.6253,3.211,0.192
copy move,2,5,2,1.6253,3.211,0.219
next code,2,5,2,1.6253,3.211,-0.014
zone unaware,2,5,2,1.6253,3.211,0.597
put back,2,5,2,1.6253,3.211,0.206
call using,2,5,2,1.6253,3.211,-0.057
certain pattern,2,5,2,1.6253,3.211,0.210
error uncaught,2,5,2,1.6253,3.211,0.222
inner query,2,5,2,1.6253,3.211,0.202
per customer,2,5,2,1.6253,3.211,0.406
above program,2,5,2,1.6253,3.211,0.123
namespace declaration,2,5,2,1.6253,3.211,0.329
try something,2,5,2,1.6253,3.211,0.122
side validation,2,5,2,1.6253,3.211,0.234
right join,2,5,2,1.6253,3.211,0.249
anyone looking,2,5,2,1.6253,3.211,0.351
tables data,2,5,2,1.6253,3.211,0.087
without seeing,2,5,2,1.6253,3.211,0.282
query above,2,5,2,1.6253,3.211,0.101
almost impossible,2,5,2,1.6253,3.211,0.440
interesting thing,2,5,2,1.6253,3.211,0.402
click apply,2,5,2,1.6253,3.211,0.260
evaluate function,2,5,2,1.6253,3.211,0.169
above exception,2,5,2,1.6253,3.211,0.083
general protection,2,5,2,1.6253,3.211,0.441
original stack,2,5,2,1.6253,3.211,0.223
fairly easy,2,5,2,1.6253,3.211,0.428
new position,2,5,2,1.6253,3.211,0.158
window text,2,5,2,1.6253,3.211,0.209
three basic,2,5,2,1.6253,3.211,0.273
cannot add,2,5,2,1.6253,3.211,0.077
first exception,2,5,2,1.6253,3.211,0.013
community wiki,2,5,2,1.6253,3.211,0.548
help page,2,5,2,1.6253,3.211,0.142
pull out,2,5,2,1.6253,3.211,0.153
catching exception,2,5,2,1.6253,3.211,0.298
snippet above,2,5,2,1.6253,3.211,0.357
chrome developer,2,5,2,1.6253,3.211,0.386
get the above,3,5,2,1.6253,3.211,0.127
store the output,3,5,2,1.6253,3.211,0.153
catch that exception,3,5,2,1.6253,3.211,0.452
free to improve,3,5,2,1.6253,3.211,0.414
run this query,3,5,2,1.6253,3.211,0.275
perform an action,3,5,2,1.6253,3.211,0.357
using an ide,3,5,2,1.6253,3.211,0.296
get the file,3,5,2,1.6253,3.211,0.057
launch json file,3,5,2,1.6253,3.211,0.413
post for more,3,5,2,1.6253,3.211,0.169
get the exact,3,5,2,1.6253,3.211,0.184
open the project,3,5,2,1.6253,3.211,0.234
get docker compose,3,5,2,1.6253,3.211,0.162
flush the output,3,5,2,1.6253,3.211,0.383
header is present,3,5,2,1.6253,3.211,0.407
want to undo,3,5,2,1.6253,3.211,0.265
get the desired,3,5,2,1.6253,3.211,0.230
time zone unaware,3,5,2,1.6253,3.211,0.485
through the documentation,3,5,2,1.6253,3.211,0.222
trying to test,3,5,2,1.6253,3.211,0.103
know that in,3,5,2,1.6253,3.211,0.002
plain old data,3,5,2,1.6253,3.211,0.381
find the class,3,5,2,1.6253,3.211,0.195
quick and dirty,3,5,2,1.6253,3.211,0.739
way to copy,3,5,2,1.6253,3.211,0.158
without any problem,3,5,2,1.6253,3.211,0.278
sort of error,3,5,2,1.6253,3.211,0.231
need to iterate,3,5,2,1.6253,3.211,0.240
way data binding,3,5,2,1.6253,3.211,0.451
get this warning,3,5,2,1.6253,3.211,0.368
specific size,2,6,3,1.6182,3.209,0.154
directly run,2,6,3,1.6182,3.209,0.054
full reference,2,6,3,1.6182,3.209,0.142
easily find,2,6,3,1.6182,3.209,0.245
closing brace,2,6,3,1.6182,3.209,0.604
most similar,2,6,3,1.6182,3.209,0.130
use anything,2,6,3,1.6182,3.209,0.018
chrome edge,2,6,3,1.6182,3.209,0.442
another api,2,6,3,1.6182,3.209,0.061
app run,2,6,3,1.6182,3.209,0.010
get id,2,6,3,1.6182,3.209,0.045
another view,2,6,3,1.6182,3.209,0.117
absolutely fine,2,6,3,1.6182,3.209,0.456
need custom,2,6,3,1.6182,3.209,0.048
right most,2,6,3,1.6182,3.209,0.135
longer referenced,2,6,3,1.6182,3.209,0.316
filter function,2,6,3,1.6182,3.209,0.074
another action,2,6,3,1.6182,3.209,0.109
worth using,2,6,3,1.6182,3.209,0.177
array inside,2,6,3,1.6182,3.209,0.073
now tested,2,6,3,1.6182,3.209,0.219
explicitly defined,2,6,3,1.6182,3.209,0.184
built in method,3,6,3,1.6182,3.209,0.115
use the callback,3,6,3,1.6182,3.209,0.121
simplify the code,3,6,3,1.6182,3.209,0.276
able to load,3,6,3,1.6182,3.209,0.234
inside the template,3,6,3,1.6182,3.209,0.231
address already in,3,6,3,1.6182,3.209,0.298
another use case,3,6,3,1.6182,3.209,0.264
through the entire,3,6,3,1.6182,3.209,0.240
inside the object,3,6,3,1.6182,3.209,0.090
see the final,3,6,3,1.6182,3.209,0.171
ask on,2,7,2,1.6112,3.207,0.068
target specific,2,7,2,1.6112,3.207,0.134
new parameter,2,7,2,1.6112,3.207,0.015
confusing behavior,2,7,2,1.6112,3.207,0.318
error whenever,2,7,2,1.6112,3.207,0.130
optional function,2,7,2,1.6112,3.207,0.054
cache location,2,7,2,1.6112,3.207,0.235
get path,2,7,2,1.6112,3.207,-0.007
ignore option,2,7,2,1.6112,3.207,0.103
maximum depth,2,7,2,1.6112,3.207,0.420
ignore trailing,2,7,2,1.6112,3.207,0.336
es code,2,7,2,1.6112,3.207,0.098
using var,2,7,2,1.6112,3.207,0.120
global declaration,2,7,2,1.6112,3.207,0.258
number parse,2,7,2,1.6112,3.207,0.164
allow use,2,7,2,1.6112,3.207,-0.034
enable strict,2,7,2,1.6112,3.207,0.262
accept multiple,2,7,2,1.6112,3.207,0.209
fully compatible,2,7,2,1.6112,3.207,0.371
authentication process,2,7,2,1.6112,3.207,0.222
cluster level,2,7,2,1.6112,3.207,0.279
same shape,2,7,2,1.6112,3.207,0.234
application built,2,7,2,1.6112,3.207,0.109
complete application,2,7,2,1.6112,3.207,0.167
min length,2,7,2,1.6112,3.207,0.372
cache instead,2,7,2,1.6112,3.207,0.105
validation behavior,2,7,2,1.6112,3.207,0.193
stderr log,2,7,2,1.6112,3.207,0.335
implementation function,2,7,2,1.6112,3.207,0.022
map directly,2,7,2,1.6112,3.207,0.192
round tripping,2,7,2,1.6112,3.207,0.732
map key,2,7,2,1.6112,3.207,0.155
state key,2,7,2,1.6112,3.207,0.030
component rendering,2,7,2,1.6112,3.207,0.224
existing application,2,7,2,1.6112,3.207,0.118
status field,2,7,2,1.6112,3.207,0.160
todo application,2,7,2,1.6112,3.207,0.229
contain side,2,7,2,1.6112,3.207,0.222
printed to stdout,3,7,2,1.6112,3.207,0.521
impossible to determine,3,7,2,1.6112,3.207,0.436
false if true,3,7,2,1.6112,3.207,0.358
use the plugin,3,7,2,1.6112,3.207,0.113
object and array,3,7,2,1.6112,3.207,0.236
used anywhere in,3,7,2,1.6112,3.207,0.242
enable strict mode,3,7,2,1.6112,3.207,0.321
configuration file format,3,7,2,1.6112,3.207,0.235
using standard python,3,7,2,1.6112,3.207,0.265
complete the authentication,3,7,2,1.6112,3.207,0.472
designed to make,3,7,2,1.6112,3.207,0.241
made it possible,3,7,2,1.6112,3.207,0.350
bypass the proxy,3,7,2,1.6112,3.207,0.512
create and configure,3,7,2,1.6112,3.207,0.342
rendering the template,3,7,2,1.6112,3.207,0.385
see the api,3,7,2,1.6112,3.207,0.078
side effects like,3,7,2,1.6112,3.207,0.187
contain side effects,3,7,2,1.6112,3.207,0.341
during the planning,3,7,2,1.6112,3.207,0.475
remove such,2,8,3,1.6054,3.206,0.097
version available,2,8,3,1.6054,3.206,0.055
method first,2,8,3,1.6054,3.206,-0.016
iife immediately,2,8,3,1.6054,3.206,0.545
run option,2,8,3,1.6054,3.206,-0.025
property set,2,8,3,1.6054,3.206,0.028
pipe in,2,8,3,1.6054,3.206,0.079
padding in,2,8,3,1.6054,3.206,0.078
arbitrary text,2,8,3,1.6054,3.206,0.242
like database,2,8,3,1.6054,3.206,0.001
browser based,2,8,3,1.6054,3.206,0.164
use read,2,8,3,1.6054,3.206,-0.058
user instead,2,8,3,1.6054,3.206,0.013
context menu,2,8,3,1.6054,3.206,0.289
mode setting,2,8,3,1.6054,3.206,0.144
python logging,2,8,3,1.6054,3.206,0.162
client api,2,8,3,1.6054,3.206,0.085
instance creation,2,8,3,1.6054,3.206,0.249
first approach,2,8,3,1.6054,3.206,0.136
pretty printing,2,8,3,1.6054,3.206,0.433
included into,2,8,3,1.6054,3.206,0.123
approach used,2,8,3,1.6054,3.206,0.101
block instead,2,8,3,1.6054,3.206,0.075
column index,2,8,3,1.6054,3.206,0.144
based storage,2,8,3,1.6054,3.206,0.230
completely replace,2,8,3,1.6054,3.206,0.337
database design,2,8,3,1.6054,3.206,0.225
specific instance,2,8,3,1.6054,3.206,0.108
decide on,2,8,3,1.6054,3.206,0.098
fully support,2,8,3,1.6054,3.206,0.240
using the output,3,8,3,1.6054,3.206,0.031
semicolon is inserted,3,8,3,1.6054,3.206,0.614
file you need,3,8,3,1.6054,3.206,0.019
find the best,3,8,3,1.6054,3.206,0.242
want to raise,3,8,3,1.6054,3.206,0.167
turns it into,3,8,3,1.6054,3.206,0.469
value is less,3,8,3,1.6054,3.206,0.211
write the following,3,8,3,1.6054,3.206,0.060
see get started,3,8,3,1.6054,3.206,0.249
designed to support,3,8,3,1.6054,3.206,0.276
change the number,3,8,3,1.6054,3.206,0.128
use the create,3,8,3,1.6054,3.206,0.001
able to execute,3,8,3,1.6054,3.206,0.223
way to reduce,3,8,3,1.6054,3.206,0.256
use the environment,3,8,3,1.6054,3.206,0.058
form such,2,9,2,1.5984,3.204,0.077
simple template,2,9,2,1.5984,3.204,0.192
type array,2,9,2,1.5984,3.204,-0.031
corresponding environment,2,9,2,1.5984,3.204,0.207
feature set,2,9,2,1.5984,3.204,0.057
identifier used,2,9,2,1.5984,3.204,0.112
publish command,2,9,2,1.5984,3.204,0.200
team name,2,5,3,1.5990,3.204,0.113
table above,2,9,2,1.5984,3.204,0.104
improved in,2,9,2,1.5984,3.204,0.042
level overview,2,9,2,1.5984,3.204,0.315
descriptive name,2,9,2,1.5984,3.204,0.329
automatically remove,2,9,2,1.5984,3.204,0.159
innermost scope,2,9,2,1.5984,3.204,0.451
missing information,2,5,3,1.5990,3.204,0.180
conflict between,2,5,3,1.5990,3.204,0.272
name description,2,9,2,1.5984,3.204,0.128
true means,2,9,2,1.5984,3.204,0.121
option means,2,5,3,1.5990,3.204,0.065
first member,2,9,2,1.5984,3.204,0.153
friendly way,2,5,3,1.5990,3.204,0.293
automatically configure,2,5,3,1.5990,3.204,0.205
module resolution,2,9,2,1.5984,3.204,0.239
data science,2,9,2,1.5984,3.204,0.299
place inside,2,5,3,1.5990,3.204,0.164
used frequently,2,5,3,1.5990,3.204,0.213
somewhat similar,2,5,3,1.5990,3.204,0.362
performance boost,2,9,2,1.5984,3.204,0.486
main way,2,5,3,1.5990,3.204,0.073
current application,2,9,2,1.5984,3.204,0.069
application such,2,9,2,1.5984,3.204,0.035
configure logging,2,9,2,1.5984,3.204,0.297
logging get,2,9,2,1.5984,3.204,0.144
field form,2,9,2,1.5984,3.204,0.102
proxy using,2,5,3,1.5990,3.204,0.072
binding in,2,5,3,1.5990,3.204,0.028
allow data,2,5,3,1.5990,3.204,0.029
used data,2,5,3,1.5990,3.204,-0.083
try passing,2,5,3,1.5990,3.204,0.185
use index,2,9,2,1.5984,3.204,-0.065
object tree,2,9,2,1.5984,3.204,0.048
receive undefined,2,9,2,1.5984,3.204,0.307
pass along,2,5,3,1.5990,3.204,0.255
common reason,2,9,2,1.5984,3.204,0.189
now try,2,9,2,1.5984,3.204,0.049
id create,2,5,3,1.5990,3.204,0.052
component file,2,9,2,1.5984,3.204,0.007
match method,2,9,2,1.5984,3.204,0.051
conditional logic,2,9,2,1.5984,3.204,0.325
extra value,2,5,3,1.5990,3.204,0.043
run create,2,9,2,1.5984,3.204,-0.030
take at least,3,5,3,1.5990,3.204,0.225
build and install,3,9,2,1.5984,3.204,0.316
reduce the probability,3,9,2,1.5984,3.204,0.623
need to interact,3,5,3,1.5990,3.204,0.236
different from other,3,5,3,1.5990,3.204,0.200
token and store,3,5,3,1.5990,3.204,0.428
use the original,3,9,2,1.5984,3.204,0.027
likely to produce,3,5,3,1.5990,3.204,0.428
high level overview,3,9,2,1.5984,3.204,0.535
code is running,3,9,2,1.5984,3.204,0.153
object as well,3,9,2,1.5984,3.204,0.046
way to indicate,3,5,3,1.5990,3.204,0.222
number of built,3,9,2,1.5984,3.204,0.143
code in multiple,3,5,3,1.5990,3.204,0.173
through the proxy,3,9,2,1.5984,3.204,0.298
way to deploy,3,9,2,1.5984,3.204,0.292
way to learn,3,5,3,1.5990,3.204,0.202
access the raw,3,5,3,1.5990,3.204,0.321
use them inside,3,5,3,1.5990,3.204,0.278
need to receive,3,5,3,1.5990,3.204,0.165
during local development,3,9,2,1.5984,3.204,0.427
need to fetch,3,9,2,1.5984,3.204,0.128
use the content,3,5,3,1.5990,3.204,0.089
finer grained control,3,5,3,1.5990,3.204,0.549
works in practice,3,5,3,1.5990,3.204,0.319
argument to use,3,9,2,1.5984,3.204,0.044
use this information,3,9,2,1.5984,3.204,0.171
wrap the component,3,9,2,1.5984,3.204,0.354
state and pass,3,5,3,1.5990,3.204,0.240
custom file,2,10,2,1.5925,3.202,0.014
field reference,2,10,2,1.5925,3.202,0.069
template code,2,10,2,1.5925,3.202,0.013
bug tracker,2,10,2,1.5925,3.202,0.416
make python,2,10,2,1.5925,3.202,0.005
order until,2,10,2,1.5925,3.202,0.175
first block,2,10,2,1.5925,3.202,0.063
definition time,2,10,2,1.5925,3.202,0.103
new content,2,10,2,1.5925,3.202,0.059
cannot pass,2,10,2,1.5925,3.202,0.141
custom code,2,10,2,1.5925,3.202,-0.011
app service,2,10,2,1.5925,3.202,0.133
interactive terminal,2,10,2,1.5925,3.202,0.349
return status,2,10,2,1.5925,3.202,0.136
re open,2,10,2,1.5925,3.202,0.165
specific index,2,10,2,1.5925,3.202,0.098
network stack,2,10,2,1.5925,3.202,0.202
container see,2,10,2,1.5925,3.202,0.012
become unresponsive,2,10,2,1.5925,3.202,0.593
first attempt,2,10,2,1.5925,3.202,0.163
conflict in,2,10,2,1.5925,3.202,0.024
scan in,2,10,2,1.5925,3.202,0.010
general syntax,2,10,2,1.5925,3.202,0.208
csv format,2,10,2,1.5925,3.202,0.306
wait time,2,10,2,1.5925,3.202,0.170
client machine,2,10,2,1.5925,3.202,0.210
directory use,2,10,2,1.5925,3.202,-0.089
visible behavior,2,10,2,1.5925,3.202,0.286
git external,2,10,2,1.5925,3.202,0.107
hook use,2,10,2,1.5925,3.202,0.034
fix git,2,10,2,1.5925,3.202,0.034
related information,2,10,2,1.5925,3.202,0.159
built against,2,10,2,1.5925,3.202,0.223
map function,2,10,2,1.5925,3.202,0.050
thrown during,2,10,2,1.5925,3.202,0.248
constructor assignment,2,10,2,1.5925,3.202,0.288
mapping function,2,10,2,1.5925,3.202,0.127
expression inside,2,10,2,1.5925,3.202,0.120
compare string,2,10,2,1.5925,3.202,0.165
json without,2,10,2,1.5925,3.202,0.070
normal way,2,10,2,1.5925,3.202,0.145
react documentation,2,10,2,1.5925,3.202,0.094
able to install,3,10,2,1.5925,3.202,0.188
number of additional,3,10,2,1.5925,3.202,0.157
need to replace,3,10,2,1.5925,3.202,0.149
docker container using,3,10,2,1.5925,3.202,0.172
run the image,3,10,2,1.5925,3.202,0.135
connect to docker,3,10,2,1.5925,3.202,0.185
work well on,3,10,2,1.5925,3.202,0.184
git external diff,3,10,2,1.5925,3.202,0.374
within the block,3,10,2,1.5925,3.202,0.211
crash the server,3,10,2,1.5925,3.202,0.165
evaluated only once,3,10,2,1.5925,3.202,0.510
call set state,3,10,2,1.5925,3.202,0.330
get right,2,7,3,1.5861,3.200,0.073
type bool,2,7,3,1.5861,3.200,0.227
group multiple,2,7,3,1.5861,3.200,0.171
match exactly,2,11,2,1.5855,3.200,0.198
intended use,2,11,2,1.5855,3.200,0.060
broken down,2,11,2,1.5855,3.200,0.354
level await,2,11,2,1.5855,3.200,0.238
call console,2,11,2,1.5855,3.200,0.164
active language,2,11,2,1.5855,3.200,0.275
matched in,2,7,3,1.5861,3.200,0.034
check return,2,7,3,1.5861,3.200,0.050
underlying operating,2,7,3,1.5861,3.200,0.367
method note,2,7,3,1.5861,3.200,0.008
const declaration,2,11,2,1.5855,3.200,0.347
same operation,2,11,2,1.5855,3.200,0.081
corresponding entry,2,7,3,1.5861,3.200,0.290
start seeing,2,7,3,1.5861,3.200,0.311
agreed upon,2,7,3,1.5861,3.200,0.670
api directly,2,11,2,1.5855,3.200,0.086
use whichever,2,7,3,1.5861,3.200,0.229
using square,2,7,3,1.5861,3.200,0.189
same content,2,11,2,1.5855,3.200,0.069
set session,2,11,2,1.5855,3.200,0.104
view dispatch,2,11,2,1.5855,3.200,0.203
connection reset,2,7,3,1.5861,3.200,0.288
start see,2,11,2,1.5855,3.200,0.019
special key,2,11,2,1.5855,3.200,0.151
use text,2,7,3,1.5861,3.200,-0.056
usually need,2,11,2,1.5855,3.200,0.096
field see,2,11,2,1.5855,3.200,-0.001
official release,2,11,2,1.5855,3.200,0.285
local object,2,11,2,1.5855,3.200,0.019
code often,2,7,3,1.5861,3.200,0.031
canonical name,2,7,3,1.5861,3.200,0.269
name prefix,2,11,2,1.5855,3.200,0.135
specify more,2,7,3,1.5861,3.200,0.036
module see,2,11,2,1.5855,3.200,-0.014
name binding,2,11,2,1.5855,3.200,0.198
new inner,2,7,3,1.5861,3.200,0.127
two part,2,7,3,1.5861,3.200,0.082
between data,2,11,2,1.5855,3.200,0.007
id prop,2,11,2,1.5855,3.200,0.282
same base,2,7,3,1.5861,3.200,0.059
arg value,2,7,3,1.5861,3.200,0.177
code over,2,7,3,1.5861,3.200,-0.010
multiple input,2,7,3,1.5861,3.200,0.104
name indication,2,11,2,1.5855,3.200,0.349
tuple like,2,7,3,1.5861,3.200,0.101
state rather,2,7,3,1.5861,3.200,0.080
marked in,2,7,3,1.5861,3.200,0.001
good commit,2,7,3,1.5861,3.200,0.173
file foo,2,11,2,1.5855,3.200,0.079
matching the given,3,11,2,1.5855,3.200,0.327
required to build,3,11,2,1.5855,3.200,0.238
need to consider,3,7,3,1.5861,3.200,0.134
top level await,3,11,2,1.5855,3.200,0.356
non strict code,3,11,2,1.5855,3.200,0.275
underlying operating system,3,7,3,1.5861,3.200,0.396
need to execute,3,7,3,1.5861,3.200,0.126
specify the value,3,7,3,1.5861,3.200,0.106
program is running,3,7,3,1.5861,3.200,0.290
set up in,3,7,3,1.5861,3.200,-0.020
response status code,3,11,2,1.5855,3.200,0.332
use the generic,3,7,3,1.5861,3.200,0.133
ready to start,3,7,3,1.5861,3.200,0.305
string based on,3,11,2,1.5855,3.200,0.088
set and frozenset,3,11,2,1.5855,3.200,0.455
around the world,3,11,2,1.5855,3.200,0.422
learn more see,3,11,2,1.5855,3.200,0.210
set the new,3,7,3,1.5861,3.200,0.048
response to user,3,11,2,1.5855,3.200,0.261
array or object,3,11,2,1.5855,3.200,0.290
see the react,3,11,2,1.5855,3.200,0.093
lifting state up,3,11,2,1.5855,3.200,0.508
get started using,3,7,3,1.5861,3.200,0.211
name you want,3,7,3,1.5861,3.200,0.020
server name indication,3,11,2,1.5855,3.200,0.507
list of file,3,7,3,1.5861,3.200,0.034
private api,2,13,2,1.5726,3.197,0.157
alphanumeric character,2,13,2,1.5726,3.197,0.457
os keychain,2,13,2,1.5726,3.197,0.518
transition plan,2,13,2,1.5726,3.197,0.392
shipped in,2,13,2,1.5726,3.197,0.149
message fix,2,13,2,1.5726,3.197,0.107
indirect eval,2,13,2,1.5726,3.197,0.596
immediately following,2,13,2,1.5726,3.197,0.161
define getter,2,13,2,1.5726,3.197,0.372
most notable,2,13,2,1.5726,3.197,0.419
include information,2,13,2,1.5726,3.197,0.109
most secure,2,13,2,1.5726,3.197,0.255
returned on,2,13,2,1.5726,3.197,-0.022
asyncio loop,2,13,2,1.5726,3.197,0.336
development workflow,2,13,2,1.5726,3.197,0.362
supported language,2,13,2,1.5726,3.197,0.198
per view,2,13,2,1.5726,3.197,0.191
match statement,2,13,2,1.5726,3.197,0.137
empty dictionary,2,13,2,1.5726,3.197,0.248
up local,2,13,2,1.5726,3.197,0.079
incremental adoption,2,13,2,1.5726,3.197,0.617
inside git,2,13,2,1.5726,3.197,0.022
existing python,2,13,2,1.5726,3.197,0.088
object corresponding,2,13,2,1.5726,3.197,0.112
python str,2,13,2,1.5726,3.197,0.164
non python,2,13,2,1.5726,3.197,0.063
index test,2,13,2,1.5726,3.197,0.031
email sending,2,13,2,1.5726,3.197,0.324
table reference,2,13,2,1.5726,3.197,0.076
format date,2,13,2,1.5726,3.197,0.140
passing undefined,2,13,2,1.5726,3.197,0.270
unauthorized access,2,13,2,1.5726,3.197,0.430
project template,2,13,2,1.5726,3.197,0.138
action function,2,13,2,1.5726,3.197,-0.007
function outside,2,13,2,1.5726,3.197,0.067
mount in,2,13,2,1.5726,3.197,0.006
state react,2,13,2,1.5726,3.197,0.023
fetch fsck,2,13,2,1.5726,3.197,0.429
script src,2,13,2,1.5726,3.197,0.181
over two,2,9,2,1.5732,3.197,0.088
reference material,2,9,2,1.5732,3.197,0.379
drop table,2,9,2,1.5732,3.197,0.195
single operation,2,9,2,1.5732,3.197,0.156
configuration using,2,9,2,1.5732,3.197,-0.036
thin wrapper,2,9,2,1.5732,3.197,0.515
query language,2,9,2,1.5732,3.197,0.126
search functionality,2,9,2,1.5732,3.197,0.252
memory using,2,9,2,1.5732,3.197,-0.002
subsequent git,2,9,2,1.5732,3.197,0.200
code read,2,9,2,1.5732,3.197,-0.033
behave similarly,2,9,2,1.5732,3.197,0.444
currently two,2,9,2,1.5732,3.197,0.140
more precision,2,9,2,1.5732,3.197,0.202
original iterator,2,9,2,1.5732,3.197,0.246
successful match,2,9,2,1.5732,3.197,0.300
language such,2,9,2,1.5732,3.197,0.099
next list,2,9,2,1.5732,3.197,0.072
lock release,2,9,2,1.5732,3.197,0.217
handle change,2,9,2,1.5732,3.197,0.109
via the git,3,13,2,1.5726,3.197,0.177
find last index,3,13,2,1.5726,3.197,0.412
via the new,3,13,2,1.5726,3.197,0.165
used to ignore,3,13,2,1.5726,3.197,0.170
expression to match,3,13,2,1.5726,3.197,0.265
working with multiple,3,13,2,1.5726,3.197,0.240
object index method,3,13,2,1.5726,3.197,0.352
execute the function,3,13,2,1.5726,3.197,0.187
work in general,3,13,2,1.5726,3.197,0.232
built in default,3,13,2,1.5726,3.197,0.095
using the current,3,13,2,1.5726,3.197,-0.007
install the extension,3,13,2,1.5726,3.197,0.331
create an account,3,9,2,1.5732,3.197,0.365
needs to provide,3,9,2,1.5732,3.197,0.204
default to using,3,9,2,1.5732,3.197,0.196
like git hub,3,9,2,1.5732,3.197,0.095
git remote rename,3,9,2,1.5732,3.197,0.463
use the number,3,9,2,1.5732,3.197,-0.002
within the range,3,9,2,1.5732,3.197,0.266
pass the value,3,9,2,1.5732,3.197,0.116
function is provided,3,9,2,1.5732,3.197,0.163
creation of new,3,9,2,1.5732,3.197,0.250
never going,2,5,3,1.5698,3.196,0.219
character ascii,2,5,3,1.5698,3.196,0.333
separate table,2,5,3,1.5698,3.196,0.154
base encode,2,5,3,1.5698,3.196,0.354
other node,2,5,3,1.5698,3.196,0.020
cannot load,2,5,3,1.5698,3.196,0.210
path through,2,5,3,1.5698,3.196,0.082
default block,2,5,3,1.5698,3.196,0.039
really strange,2,5,3,1.5698,3.196,0.429
using console,2,5,3,1.5698,3.196,0.082
behave unexpectedly,2,5,3,1.5698,3.196,0.571
function try,2,5,3,1.5698,3.196,-0.015
work anymore,2,5,3,1.5698,3.196,0.263
origin resource,2,5,3,1.5698,3.196,0.352
consume more,2,5,3,1.5698,3.196,0.260
yourself using,2,5,3,1.5698,3.196,0.126
support available,2,5,3,1.5698,3.196,0.090
query version,2,5,3,1.5698,3.196,0.039
less performant,2,5,3,1.5698,3.196,0.499
child parent,2,5,3,1.5698,3.196,0.251
given id,2,5,3,1.5698,3.196,0.127
app engine,2,5,3,1.5698,3.196,0.191
open database,2,5,3,1.5698,3.196,0.109
anything more,2,5,3,1.5698,3.196,0.085
standard behaviour,2,5,3,1.5698,3.196,0.282
ground up,2,5,3,1.5698,3.196,0.451
system out,2,5,3,1.5698,3.196,0.068
compiler cannot,2,5,3,1.5698,3.196,0.154
like json,2,5,3,1.5698,3.196,0.007
worth considering,2,5,3,1.5698,3.196,0.568
bit complicated,2,5,3,1.5698,3.196,0.336
list based,2,5,3,1.5698,3.196,0.076
window onerror,2,5,3,1.5698,3.196,0.622
real dom,2,5,3,1.5698,3.196,0.299
wrapped around,2,5,3,1.5698,3.196,0.341
live without,2,5,3,1.5698,3.196,0.237
works reliably,2,5,3,1.5698,3.196,0.393
find the root,3,5,3,1.5698,3.196,0.220
possible to update,3,5,3,1.5698,3.196,0.174
going to get,3,5,3,1.5698,3.196,0.153
try to reproduce,3,5,3,1.5698,3.196,0.384
get the name,3,5,3,1.5698,3.196,0.080
trying to configure,3,5,3,1.5698,3.196,0.243
out the problem,3,5,3,1.5698,3.196,0.153
try to parse,3,5,3,1.5698,3.196,0.265
cross origin resource,3,5,3,1.5698,3.196,0.506
origin resource sharing,3,5,3,1.5698,3.196,0.695
find the most,3,5,3,1.5698,3.196,0.200
use to start,3,5,3,1.5698,3.196,0.061
overriding the method,3,5,3,1.5698,3.196,0.341
make the application,3,5,3,1.5698,3.196,0.138
trying to achieve,3,5,3,1.5698,3.196,0.331
well at least,3,5,3,1.5698,3.196,0.211
out of luck,3,5,3,1.5698,3.196,0.450
way to give,3,5,3,1.5698,3.196,0.182
trying to import,3,5,3,1.5698,3.196,0.183
running the above,3,5,3,1.5698,3.196,0.181
way to modify,3,5,3,1.5698,3.196,0.215
value and pass,3,5,3,1.5698,3.196,0.181
note keep,2,6,3,1.5627,3.194,0.117
current stable,2,6,3,1.5627,3.194,0.220
like platform,2,6,3,1.5627,3.194,0.113
ever change,2,6,3,1.5627,3.194,0.238
instead read,2,6,3,1.5627,3.194,0.052
like path,2,6,3,1.5627,3.194,-0.030
visual representation,2,6,3,1.5627,3.194,0.372
directory source,2,6,3,1.5627,3.194,0.080
method add,2,6,3,1.5627,3.194,-0.013
code please,2,6,3,1.5627,3.194,0.053
behavior between,2,6,3,1.5627,3.194,0.115
reading code,2,6,3,1.5627,3.194,0.069
up space,2,6,3,1.5627,3.194,0.147
external module,2,6,3,1.5627,3.194,0.153
file via,2,6,3,1.5627,3.194,0.034
maintenance mode,2,6,3,1.5627,3.194,0.313
following warning,2,6,3,1.5627,3.194,0.128
request content,2,6,3,1.5627,3.194,0.131
main app,2,6,3,1.5627,3.194,0.101
use url,2,6,3,1.5627,3.194,-0.025
more concrete,2,6,3,1.5627,3.194,0.189
save data,2,6,3,1.5627,3.194,0.100
use classes,2,6,3,1.5627,3.194,0.006
last event,2,6,3,1.5627,3.194,0.188
test different,2,6,3,1.5627,3.194,0.001
sending out,2,6,3,1.5627,3.194,0.210
unchanged in,2,6,3,1.5627,3.194,0.088
response json,2,6,3,1.5627,3.194,0.122
implement such,2,6,3,1.5627,3.194,0.105
validate user,2,6,3,1.5627,3.194,0.178
other behavior,2,6,3,1.5627,3.194,0.035
same style,2,6,3,1.5627,3.194,0.089
check flag,2,6,3,1.5627,3.194,0.113
implement get,2,6,3,1.5627,3.194,0.078
dump python,2,6,3,1.5627,3.194,0.202
assert expression,2,6,3,1.5627,3.194,0.228
single action,2,6,3,1.5627,3.194,0.109
style file,2,6,3,1.5627,3.194,0.062
other view,2,6,3,1.5627,3.194,0.039
recommend starting,2,6,3,1.5627,3.194,0.317
like time,2,6,3,1.5627,3.194,-0.057
use real,2,6,3,1.5627,3.194,0.032
connection timeout,2,6,3,1.5627,3.194,0.314
specify it in,3,6,3,1.5627,3.194,0.195
argument is required,3,6,3,1.5627,3.194,0.255
check the current,3,6,3,1.5627,3.194,0.103
value of null,3,6,3,1.5627,3.194,0.169
call and apply,3,6,3,1.5627,3.194,0.360
change its behavior,3,6,3,1.5627,3.194,0.378
imagine you want,3,6,3,1.5627,3.194,0.292
pass the request,3,6,3,1.5627,3.194,0.220
tried to solve,3,6,3,1.5627,3.194,0.370
find the module,3,6,3,1.5627,3.194,0.198
function the same,3,6,3,1.5627,3.194,-0.092
couple of other,3,6,3,1.5627,3.194,0.247
easy to install,3,6,3,1.5627,3.194,0.278
handler is registered,3,6,3,1.5627,3.194,0.538
need to rely,3,6,3,1.5627,3.194,0.233
start by looking,3,6,3,1.5627,3.194,0.364
option to run,3,6,3,1.5627,3.194,0.086
let you write,3,6,3,1.5627,3.194,0.294
strongly recommend using,3,6,3,1.5627,3.194,0.361
now be able,3,6,3,1.5627,3.194,0.122
css stylesheet,2,7,2,1.5569,3.192,0.436
saved on,2,7,2,1.5569,3.192,0.112
event target,2,7,2,1.5569,3.192,0.178
whole document,2,7,2,1.5569,3.192,0.307
text type,2,7,2,1.5569,3.192,-0.003
increment decrement,2,7,2,1.5569,3.192,0.653
expression special,2,7,2,1.5569,3.192,0.183
rather slow,2,7,2,1.5569,3.192,0.281
enabled true,2,7,2,1.5569,3.192,0.170
instance running,2,7,2,1.5569,3.192,0.087
system property,2,7,2,1.5569,3.192,0.100
memory footprint,2,7,2,1.5569,3.192,0.493
asynchronous process,2,7,2,1.5569,3.192,0.232
specific revision,2,7,2,1.5569,3.192,0.334
write multi,2,7,2,1.5569,3.192,0.222
container type,2,7,2,1.5569,3.192,-0.009
long ago,2,7,2,1.5569,3.192,0.363
never set,2,7,2,1.5569,3.192,0.067
get image,2,7,2,1.5569,3.192,0.023
mismatch between,2,7,2,1.5569,3.192,0.395
random data,2,7,2,1.5569,3.192,0.142
raised on,2,7,2,1.5569,3.192,0.041
empty response,2,7,2,1.5569,3.192,0.169
function given,2,7,2,1.5569,3.192,-0.005
see man,2,7,2,1.5569,3.192,0.260
class use,2,7,2,1.5569,3.192,-0.095
th bit,2,7,2,1.5569,3.192,0.370
use array,2,7,2,1.5569,3.192,-0.088
same word,2,7,2,1.5569,3.192,0.135
execution stack,2,7,2,1.5569,3.192,0.235
native function,2,7,2,1.5569,3.192,0.089
such function,2,7,2,1.5569,3.192,-0.063
another page,2,7,2,1.5569,3.192,0.107
non constant,2,7,2,1.5569,3.192,0.271
most reliable,2,7,2,1.5569,3.192,0.326
newly inserted,2,7,2,1.5569,3.192,0.475
simply return,2,7,2,1.5569,3.192,0.148
matched literally,2,7,2,1.5569,3.192,0.555
few people,2,7,2,1.5569,3.192,0.260
existing class,2,7,2,1.5569,3.192,0.101
iron python,2,7,2,1.5569,3.192,0.476
render content,2,7,2,1.5569,3.192,0.205
key prop,2,7,2,1.5569,3.192,0.252
uncontrolled input,2,7,2,1.5569,3.192,0.444
see the message,3,7,2,1.5569,3.192,0.108
add it back,3,7,2,1.5569,3.192,0.325
regular expression special,3,7,2,1.5569,3.192,0.327
command to list,3,7,2,1.5569,3.192,0.198
file make sure,3,7,2,1.5569,3.192,0.068
within the file,3,7,2,1.5569,3.192,0.085
without any argument,3,7,2,1.5569,3.192,0.255
make the first,3,7,2,1.5569,3.192,0.045
array to string,3,7,2,1.5569,3.192,0.229
constructor to create,3,7,2,1.5569,3.192,0.189
install it again,3,7,2,1.5569,3.192,0.402
available in python,3,7,2,1.5569,3.192,0.197
image format,2,8,3,1.5499,3.190,0.097
note using,2,8,3,1.5499,3.190,-0.052
hub user,2,8,3,1.5499,3.190,0.113
automated testing,2,8,3,1.5499,3.190,0.402
official node,2,8,3,1.5499,3.190,0.252
message see,2,8,3,1.5499,3.190,0.011
ordinary function,2,8,3,1.5499,3.190,0.234
generally discouraged,2,8,3,1.5499,3.190,0.498
added back,2,8,3,1.5499,3.190,0.158
same system,2,8,3,1.5499,3.190,0.018
good performance,2,8,3,1.5499,3.190,0.206
above using,2,8,3,1.5499,3.190,-0.007
list dict,2,8,3,1.5499,3.190,0.166
valid type,2,8,3,1.5499,3.190,0.043
heavy lifting,2,8,3,1.5499,3.190,0.756
double underscore,2,8,3,1.5499,3.190,0.447
development configuration,2,8,3,1.5499,3.190,0.148
error logging,2,8,3,1.5499,3.190,0.117
document root,2,8,3,1.5499,3.190,0.230
add handler,2,8,3,1.5499,3.190,0.126
form get,2,8,3,1.5499,3.190,0.048
more explanation,2,8,3,1.5499,3.190,0.197
module directly,2,8,3,1.5499,3.190,0.089
silently fail,2,8,3,1.5499,3.190,0.396
reporting in,2,8,3,1.5499,3.190,0.031
expensive operation,2,8,3,1.5499,3.190,0.364
printed on,2,8,3,1.5499,3.190,0.085
individual data,2,8,3,1.5499,3.190,0.129
same props,2,8,3,1.5499,3.190,0.142
original list,2,8,3,1.5499,3.190,0.126
module syntax,2,8,3,1.5499,3.190,0.082
work right,2,8,3,1.5499,3.190,0.104
baked in,2,8,3,1.5499,3.190,0.222
conceptually similar,2,8,3,1.5499,3.190,0.398
documentation for information,3,8,3,1.5499,3.190,0.217
use the current,3,8,3,1.5499,3.190,-0.046
possible to insert,3,8,3,1.5499,3.190,0.288
support for asynchronous,3,8,3,1.5499,3.190,0.316
use the exec,3,8,3,1.5499,3.190,0.218
option to set,3,8,3,1.5499,3.190,0.136
value in order,3,8,3,1.5499,3.190,0.066
want to preserve,3,8,3,1.5499,3.190,0.253
order to perform,3,8,3,1.5499,3.190,0.256
help you migrate,3,8,3,1.5499,3.190,0.485
mutate the existing,3,8,3,1.5499,3.190,0.397
implemented on top,3,8,3,1.5499,3.190,0.382
continue to receive,3,8,3,1.5499,3.190,0.391
ascii text,2,10,3,1.5370,3.187,0.271
repository url,2,10,3,1.5370,3.187,0.149
locked in,2,10,3,1.5370,3.187,0.068
loaded using,2,10,3,1.5370,3.187,0.106
evaluated on,2,10,3,1.5370,3.187,0.092
considered part,2,10,3,1.5370,3.187,0.222
array method,2,10,3,1.5370,3.187,0.007
correct value,2,10,3,1.5370,3.187,0.011
system access,2,10,3,1.5370,3.187,0.086
object parameter,2,10,3,1.5370,3.187,0.003
non word,2,10,3,1.5370,3.187,0.227
additional overhead,2,10,3,1.5370,3.187,0.323
version without,2,10,3,1.5370,3.187,0.024
operation using,2,10,3,1.5370,3.187,0.037
system using,2,10,3,1.5370,3.187,-0.025
client id,2,10,3,1.5370,3.187,0.130
mounted on,2,10,3,1.5370,3.187,0.148
fired in,2,10,3,1.5370,3.187,0.129
success message,2,10,3,1.5370,3.187,0.242
other direction,2,10,3,1.5370,3.187,0.257
across several,2,10,3,1.5370,3.187,0.267
note unlike,2,10,3,1.5370,3.187,0.207
version set,2,10,3,1.5370,3.187,-0.025
cannot write,2,10,3,1.5370,3.187,0.121
line per,2,10,3,1.5370,3.187,0.126
namespace package,2,10,3,1.5370,3.187,0.208
non unique,2,10,3,1.5370,3.187,0.206
exposed through,2,10,3,1.5370,3.187,0.332
now default,2,10,3,1.5370,3.187,-0.038
well suited,2,10,3,1.5370,3.187,0.444
stack react,2,10,3,1.5370,3.187,0.128
wrapper function,2,10,3,1.5370,3.187,0.116
component call,2,10,3,1.5370,3.187,0.071
new output,2,10,3,1.5370,3.187,-0.040
string manipulation,2,10,3,1.5370,3.187,0.313
within double,2,10,3,1.5370,3.187,0.238
azure dev,2,10,3,1.5370,3.187,0.460
often make,2,6,3,1.5376,3.187,0.114
server first,2,6,3,1.5376,3.187,-0.001
more thorough,2,6,3,1.5376,3.187,0.346
start writing,2,6,3,1.5376,3.187,0.154
run another,2,6,3,1.5376,3.187,0.023
text like,2,6,3,1.5376,3.187,0.009
different location,2,6,3,1.5376,3.187,0.145
browser tab,2,6,3,1.5376,3.187,0.275
more accessible,2,6,3,1.5376,3.187,0.193
useful feature,2,6,3,1.5376,3.187,0.155
most current,2,6,3,1.5376,3.187,0.080
count function,2,6,3,1.5376,3.187,0.073
first result,2,6,3,1.5376,3.187,0.023
increasing number,2,6,3,1.5376,3.187,0.316
line change,2,6,3,1.5376,3.187,0.027
result like,2,6,3,1.5376,3.187,-0.011
now send,2,6,3,1.5376,3.187,0.105
return two,2,6,3,1.5376,3.187,0.024
using clone,2,6,3,1.5376,3.187,0.084
far right,2,6,3,1.5376,3.187,0.265
final line,2,6,3,1.5376,3.187,0.171
reside on,2,6,3,1.5376,3.187,0.288
element see,2,6,3,1.5376,3.187,0.041
git installation,2,6,3,1.5376,3.187,0.149
first message,2,6,3,1.5376,3.187,0.038
repository needs,2,6,3,1.5376,3.187,0.155
element using,2,6,3,1.5376,3.187,0.004
other location,2,6,3,1.5376,3.187,0.103
another advantage,2,6,3,1.5376,3.187,0.257
particular name,2,6,3,1.5376,3.187,0.079
give different,2,6,3,1.5376,3.187,0.126
preceding code,2,6,3,1.5376,3.187,0.215
effectively equivalent,2,6,3,1.5376,3.187,0.369
error until,2,6,3,1.5376,3.187,0.073
statement using,2,6,3,1.5376,3.187,0.003
data contained,2,6,3,1.5376,3.187,0.178
query rather,2,6,3,1.5376,3.187,0.118
finished processing,2,6,3,1.5376,3.187,0.414
integer division,2,6,3,1.5376,3.187,0.429
new sorted,2,6,3,1.5376,3.187,0.188
making it more,3,10,3,1.5370,3.187,0.231
building an image,3,10,3,1.5370,3.187,0.357
object the following,3,10,3,1.5370,3.187,-0.038
statement to execute,3,10,3,1.5370,3.187,0.281
condition is evaluated,3,10,3,1.5370,3.187,0.458
useful when dealing,3,10,3,1.5370,3.187,0.419
set the log,3,10,3,1.5370,3.187,0.200
rather than directly,3,10,3,1.5370,3.187,0.168
full stack react,3,10,3,1.5370,3.187,0.433
want the user,3,10,3,1.5370,3.187,0.066
back to using,3,10,3,1.5370,3.187,0.085
update the dom,3,10,3,1.5370,3.187,0.284
designed to allow,3,10,3,1.5370,3.187,0.303
method to add,3,6,3,1.5376,3.187,0.094
line of output,3,6,3,1.5376,3.187,0.226
read the error,3,6,3,1.5376,3.187,0.139
work very well,3,6,3,1.5376,3.187,0.363
without the option,3,6,3,1.5376,3.187,0.180
unlike many other,3,6,3,1.5376,3.187,0.464
value will never,3,6,3,1.5376,3.187,0.200
want the value,3,6,3,1.5376,3.187,0.027
pattern must match,3,6,3,1.5376,3.187,0.400
type to another,3,6,3,1.5376,3.187,0.157
write the function,3,6,3,1.5376,3.187,0.109
function return value,3,6,3,1.5376,3.187,0.112
module is available,3,6,3,1.5376,3.187,0.205
code should look,3,6,3,1.5376,3.187,0.226
delete in,2,12,2,1.5242,3.183,-0.067
database column,2,12,2,1.5242,3.183,0.138
list below,2,12,2,1.5242,3.183,0.094
see release,2,12,2,1.5242,3.183,0.046
automatically install,2,12,2,1.5242,3.183,0.158
interface name,2,12,2,1.5242,3.183,0.107
min value,2,12,2,1.5242,3.183,0.179
name column,2,12,2,1.5242,3.183,0.072
several new,2,12,2,1.5242,3.183,0.080
creation form,2,12,2,1.5242,3.183,0.263
error function,2,12,2,1.5242,3.183,-0.116
connection name,2,12,2,1.5242,3.183,0.075
different tables,2,12,2,1.5242,3.183,0.136
select insert,2,12,2,1.5242,3.183,0.218
integer parameter,2,12,2,1.5242,3.183,0.167
copy instruction,2,12,2,1.5242,3.183,0.271
docker access,2,12,2,1.5242,3.183,0.000
non containerized,2,12,2,1.5242,3.183,0.385
access key,2,12,2,1.5242,3.183,0.073
warning on,2,12,2,1.5242,3.183,0.008
internal dns,2,12,2,1.5242,3.183,0.380
docker nat,2,12,2,1.5242,3.183,0.329
encoding decoding,2,12,2,1.5242,3.183,0.435
load on,2,12,2,1.5242,3.183,0.017
configure idle,2,12,2,1.5242,3.183,0.410
command executed,2,12,2,1.5242,3.183,0.126
merge conflict,2,12,2,1.5242,3.183,0.283
make install,2,12,2,1.5242,3.183,0.093
storage type,2,12,2,1.5242,3.183,0.104
recent git,2,12,2,1.5242,3.183,0.168
msg hook,2,12,2,1.5242,3.183,0.457
local user,2,12,2,1.5242,3.183,0.070
like help,2,12,2,1.5242,3.183,0.033
position within,2,12,2,1.5242,3.183,0.262
splice method,2,12,2,1.5242,3.183,0.435
underlying implementation,2,12,2,1.5242,3.183,0.279
resulting array,2,12,2,1.5242,3.183,0.208
compare function,2,12,2,1.5242,3.183,0.107
conversion between,2,12,2,1.5242,3.183,0.246
import function,2,12,2,1.5242,3.183,0.002
statement executed,2,12,2,1.5242,3.183,0.210
command cannot,2,12,2,1.5242,3.183,0.064
unlogged tables,2,12,2,1.5242,3.183,0.526
class statement,2,12,2,1.5242,3.183,0.085
sampling rate,2,12,2,1.5242,3.183,0.650
thread id,2,12,2,1.5242,3.183,0.135
iteration exception,2,12,2,1.5242,3.183,0.203
file ex,2,12,2,1.5242,3.183,0.259
using suspense,2,12,2,1.5242,3.183,0.218
install and run,3,12,2,1.5242,3.183,0.285
term support release,3,12,2,1.5242,3.183,0.507
access to information,3,12,2,1.5242,3.183,0.167
user creation form,3,12,2,1.5242,3.183,0.505
unbound local error,3,12,2,1.5242,3.183,0.450
transaction is rolled,3,12,2,1.5242,3.183,0.600
order they appear,3,12,2,1.5242,3.183,0.424
run the container,3,12,2,1.5242,3.183,0.111
image and run,3,12,2,1.5242,3.183,0.238
run your container,3,12,2,1.5242,3.183,0.295
note the following,3,12,2,1.5242,3.183,0.027
file in git,3,12,2,1.5242,3.183,0.160
non null pointer,3,12,2,1.5242,3.183,0.382
undefined or null,3,12,2,1.5242,3.183,0.428
block is executed,3,12,2,1.5242,3.183,0.309
stop iteration exception,3,12,2,1.5242,3.183,0.412
non public,2,5,3,1.5143,3.180,0.201
based project,2,5,3,1.5143,3.180,0.109
run individual,2,5,3,1.5143,3.180,0.150
needs additional,2,5,3,1.5143,3.180,0.179
request please,2,5,3,1.5143,3.180,0.166
plugin using,2,5,3,1.5143,3.180,0.028
developer tool,2,5,3,1.5143,3.180,0.330
default member,2,5,3,1.5143,3.180,0.125
quickly create,2,5,3,1.5143,3.180,0.216
process instead,2,5,3,1.5143,3.180,0.062
json content,2,5,3,1.5143,3.180,0.140
using most,2,5,3,1.5143,3.180,-0.033
code return,2,5,3,1.5143,3.180,-0.075
within python,2,5,3,1.5143,3.180,0.068
download progress,2,5,3,1.5143,3.180,0.363
single exception,2,5,3,1.5143,3.180,0.061
raw function,2,5,3,1.5143,3.180,0.096
class module,2,5,3,1.5143,3.180,0.029
get json,2,5,3,1.5143,3.180,0.025
user root,2,5,3,1.5143,3.180,0.089
statement block,2,5,3,1.5143,3.180,0.140
unknown exception,2,5,3,1.5143,3.180,0.226
function per,2,5,3,1.5143,3.180,0.049
deep cloning,2,5,3,1.5143,3.180,0.531
originally built,2,5,3,1.5143,3.180,0.306
good in,2,5,3,1.5143,3.180,-0.097
use time,2,5,3,1.5143,3.180,-0.126
input box,2,5,3,1.5143,3.180,0.219
point between,2,5,3,1.5143,3.180,0.118
react class,2,5,3,1.5143,3.180,0.040
print json,2,5,3,1.5143,3.180,0.157
anyone using,2,5,3,1.5143,3.180,0.119
bare metal,2,5,3,1.5143,3.180,0.733
million times,2,5,3,1.5143,3.180,0.413
within the application,3,5,3,1.5143,3.180,0.165
select the correct,3,5,3,1.5143,3.180,0.240
recommend you use,3,5,3,1.5143,3.180,0.304
happen when using,3,5,3,1.5143,3.180,0.265
required to provide,3,5,3,1.5143,3.180,0.267
run your code,3,5,3,1.5143,3.180,0.088
once per request,3,5,3,1.5143,3.180,0.367
send the data,3,5,3,1.5143,3.180,0.202
open the connection,3,5,3,1.5143,3.180,0.278
bit more complex,3,5,3,1.5143,3.180,0.346
error is shown,3,5,3,1.5143,3.180,0.252
suggested to use,3,5,3,1.5143,3.180,0.246
way to install,3,5,3,1.5143,3.180,0.154
refreshing the page,3,5,3,1.5143,3.180,0.548
match is returned,3,5,3,1.5143,3.180,0.296
order to solve,3,5,3,1.5143,3.180,0.288
type script file,3,5,3,1.5143,3.180,0.121
building an app,3,5,3,1.5143,3.180,0.379
get post put,3,5,3,1.5143,3.180,0.420
component in react,3,5,3,1.5143,3.180,0.287
prevent older,2,6,2,1.5072,3.178,0.310
reaching out,2,6,2,1.5072,3.178,0.387
against multiple,2,6,2,1.5072,3.178,0.174
customized in,2,6,2,1.5072,3.178,0.076
test see,2,6,2,1.5072,3.178,-0.046
organized in,2,6,2,1.5072,3.178,0.117
successful response,2,6,2,1.5072,3.178,0.310
actual api,2,6,2,1.5072,3.178,0.145
file setting,2,6,2,1.5072,3.178,0.020
context source,2,6,2,1.5072,3.178,0.127
location information,2,6,2,1.5072,3.178,0.164
required parameter,2,6,2,1.5072,3.178,0.146
build deploy,2,6,2,1.5072,3.178,0.230
remove legacy,2,6,2,1.5072,3.178,0.290
expression iife,2,6,2,1.5072,3.178,0.448
code complexity,2,6,2,1.5072,3.178,0.178
last clause,2,6,2,1.5072,3.178,0.264
allow pattern,2,6,2,1.5072,3.178,0.133
error parameter,2,6,2,1.5072,3.178,0.005
level true,2,6,2,1.5072,3.178,0.112
default formatter,2,6,2,1.5072,3.178,0.215
default module,2,6,2,1.5072,3.178,-0.014
like fast,2,6,2,1.5072,3.178,0.047
request directly,2,6,2,1.5072,3.178,0.103
malicious website,2,6,2,1.5072,3.178,0.518
request parameter,2,6,2,1.5072,3.178,0.084
app dependency,2,6,2,1.5072,3.178,0.114
linked in,2,6,2,1.5072,3.178,0.036
python dict,2,6,2,1.5072,3.178,0.155
gradual migration,2,6,2,1.5072,3.178,0.629
request made,2,6,2,1.5072,3.178,0.138
like post,2,6,2,1.5072,3.178,0.034
standard type,2,6,2,1.5072,3.178,0.006
most complex,2,6,2,1.5072,3.178,0.181
page app,2,6,2,1.5072,3.178,0.088
per route,2,6,2,1.5072,3.178,0.330
value unchanged,2,6,2,1.5072,3.178,0.218
path object,2,6,2,1.5072,3.178,-0.040
function multiple,2,6,2,1.5072,3.178,-0.036
single long,2,6,2,1.5072,3.178,0.142
run twice,2,6,2,1.5072,3.178,0.181
error ignore,2,6,2,1.5072,3.178,0.060
mock response,2,6,2,1.5072,3.178,0.281
intermediate state,2,6,2,1.5072,3.178,0.236
pre parsed,2,6,2,1.5072,3.178,0.396
start new,2,6,2,1.5072,3.178,0.010
identifier name,2,6,2,1.5072,3.178,0.121
rest param,2,6,2,1.5072,3.178,0.431
middleware function,2,6,2,1.5072,3.178,0.039
calling dispatch,2,6,2,1.5072,3.178,0.224
corresponding action,2,6,2,1.5072,3.178,0.218
state given,2,6,2,1.5072,3.178,0.055
app wide,2,6,2,1.5072,3.178,0.265
related logic,2,6,2,1.5072,3.178,0.213
logic instead,2,6,2,1.5072,3.178,0.092
logic directly,2,6,2,1.5072,3.178,0.159
listener api,2,6,2,1.5072,3.178,0.244
existing cache,2,6,2,1.5072,3.178,0.183
logic based,2,6,2,1.5072,3.178,0.155
using response,2,6,2,1.5072,3.178,0.002
fixed minor,2,6,2,1.5072,3.178,0.286
detailed migration,2,6,2,1.5072,3.178,0.431
technical preview,2,6,2,1.5072,3.178,0.567
use hot,2,6,2,1.5072,3.178,0.136
working as intended,3,6,2,1.5072,3.178,0.427
unless you define,3,6,2,1.5072,3.178,0.319
file is included,3,6,2,1.5072,3.178,0.212
used to extend,3,6,2,1.5072,3.178,0.257
information about configuration,3,6,2,1.5072,3.178,0.175
take priority over,3,6,2,1.5072,3.178,0.494
software to use,3,6,2,1.5072,3.178,0.161
use the source,3,6,2,1.5072,3.178,0.046
feature is experimental,3,6,2,1.5072,3.178,0.442
function expression iife,3,6,2,1.5072,3.178,0.429
space is required,3,6,2,1.5072,3.178,0.342
using the expression,3,6,2,1.5072,3.178,0.098
such as window,3,6,2,1.5072,3.178,0.189
property is now,3,6,2,1.5072,3.178,0.212
used with other,3,6,2,1.5072,3.178,0.150
possible to invoke,3,6,2,1.5072,3.178,0.365
number parse int,3,6,2,1.5072,3.178,0.374
file to check,3,6,2,1.5072,3.178,0.091
type is set,3,6,2,1.5072,3.178,0.094
exit code in,3,6,2,1.5072,3.178,0.053
possible to declare,3,6,2,1.5072,3.178,0.274
image from scratch,3,6,2,1.5072,3.178,0.340
use the extra,3,6,2,1.5072,3.178,0.113
deploy your app,3,6,2,1.5072,3.178,0.370
os path join,3,6,2,1.5072,3.178,0.510
looking for information,3,6,2,1.5072,3.178,0.254
server to serve,3,6,2,1.5072,3.178,0.314
useful for complex,3,6,2,1.5072,3.178,0.331
component re rendering,3,6,2,1.5072,3.178,0.375
cut down on,3,6,2,1.5072,3.178,0.334
level of nesting,3,6,2,1.5072,3.178,0.505
shorter and easier,3,6,2,1.5072,3.178,0.575
understanding of type,3,6,2,1.5072,3.178,0.243
library for managing,3,6,2,1.5072,3.178,0.353
typically implemented,2,7,3,1.5014,3.176,0.299
source branch,2,7,3,1.5014,3.176,0.140
major update,2,7,3,1.5014,3.176,0.207
another data,2,7,3,1.5014,3.176,-0.002
basic functionality,2,7,3,1.5014,3.176,0.289
self explanatory,2,7,3,1.5014,3.176,0.557
using web,2,7,3,1.5014,3.176,0.018
server application,2,7,3,1.5014,3.176,0.030
default route,2,7,3,1.5014,3.176,0.179
query function,2,7,3,1.5014,3.176,-0.038
project page,2,7,3,1.5014,3.176,0.104
main block,2,7,3,1.5014,3.176,0.137
string key,2,7,3,1.5014,3.176,0.015
now running,2,7,3,1.5014,3.176,0.027
coming up,2,7,3,1.5014,3.176,0.234
almost entirely,2,7,3,1.5014,3.176,0.412
json payload,2,7,3,1.5014,3.176,0.280
relation between,2,7,3,1.5014,3.176,0.271
mixed type,2,7,3,1.5014,3.176,0.235
build number,2,7,3,1.5014,3.176,0.020
performance testing,2,7,3,1.5014,3.176,0.228
learn react,2,7,3,1.5014,3.176,0.175
code look,2,7,3,1.5014,3.176,-0.019
right clicking,2,7,3,1.5014,3.176,0.345
props change,2,7,3,1.5014,3.176,0.189
quickly get,2,7,3,1.5014,3.176,0.207
manually run,2,7,3,1.5014,3.176,0.122
more typical,2,7,3,1.5014,3.176,0.200
appropriate time,2,7,3,1.5014,3.176,0.132
new kind,2,7,3,1.5014,3.176,0.103
performance related,2,7,3,1.5014,3.176,0.226
instead want,2,7,3,1.5014,3.176,-0.021
use an older,3,7,3,1.5014,3.176,0.190
want to play,3,7,3,1.5014,3.176,0.242
lots of people,3,7,3,1.5014,3.176,0.415
wrap the call,3,7,3,1.5014,3.176,0.297
use the native,3,7,3,1.5014,3.176,0.166
bit more detail,3,7,3,1.5014,3.176,0.353
specify your own,3,7,3,1.5014,3.176,0.222
out the branch,3,7,3,1.5014,3.176,0.253
case the user,3,7,3,1.5014,3.176,0.095
file per,2,8,2,1.4944,3.174,0.061
memory representation,2,8,2,1.4944,3.174,0.245
optional name,2,8,2,1.4944,3.174,0.090
split out,2,8,2,1.4944,3.174,0.214
above copyright,2,8,2,1.4944,3.174,0.386
distributed under,2,8,2,1.4944,3.174,0.391
repository create,2,8,2,1.4944,3.174,0.053
specified type,2,8,2,1.4944,3.174,-0.016
base option,2,8,2,1.4944,3.174,0.076
different color,2,8,2,1.4944,3.174,0.153
bind method,2,8,2,1.4944,3.174,0.171
create module,2,8,2,1.4944,3.174,0.004
making code,2,8,2,1.4944,3.174,0.047
parameter using,2,8,2,1.4944,3.174,-0.022
using global,2,8,2,1.4944,3.174,0.027
automatically enabled,2,8,2,1.4944,3.174,0.186
text insert,2,8,2,1.4944,3.174,0.202
recommend upgrading,2,8,2,1.4944,3.174,0.433
used again,2,8,2,1.4944,3.174,0.057
api extension,2,8,2,1.4944,3.174,0.118
common web,2,8,2,1.4944,3.174,0.162
format like,2,8,2,1.4944,3.174,0.010
application see,2,8,2,1.4944,3.174,-0.010
server set,2,8,2,1.4944,3.174,-0.025
previous page,2,8,2,1.4944,3.174,0.174
response instance,2,8,2,1.4944,3.174,0.121
private attribute,2,8,2,1.4944,3.174,0.235
actual function,2,8,2,1.4944,3.174,0.062
next generation,2,8,2,1.4944,3.174,0.299
test instead,2,8,2,1.4944,3.174,-0.008
testing against,2,8,2,1.4944,3.174,0.265
tree instead,2,8,2,1.4944,3.174,0.096
cache import,2,8,2,1.4944,3.174,0.167
semantic analysis,2,8,2,1.4944,3.174,0.518
generating unique,2,8,2,1.4944,3.174,0.368
prev state,2,8,2,1.4944,3.174,0.363
loaded via,2,8,2,1.4944,3.174,0.264
glue code,2,8,2,1.4944,3.174,0.342
server host,2,8,2,1.4944,3.174,0.100
nonce value,2,8,2,1.4944,3.174,0.285
issue on git,3,8,2,1.4944,3.174,0.319
system or user,3,8,2,1.4944,3.174,0.340
command by default,3,8,2,1.4944,3.174,0.054
such as build,3,8,2,1.4944,3.174,0.043
behavior by setting,3,8,2,1.4944,3.174,0.271
important to make,3,8,2,1.4944,3.174,0.182
lead to confusing,3,8,2,1.4944,3.174,0.452
specify the directory,3,8,2,1.4944,3.174,0.182
above copyright notice,3,8,2,1.4944,3.174,0.541
specify the maximum,3,8,2,1.4944,3.174,0.292
json by default,3,8,2,1.4944,3.174,0.111
pass the same,3,8,2,1.4944,3.174,0.038
starting the server,3,8,2,1.4944,3.174,0.224
logging get logger,3,8,2,1.4944,3.174,0.623
across your entire,3,8,2,1.4944,3.174,0.511
keyword only argument,3,8,2,1.4944,3.174,0.426
update that state,3,8,2,1.4944,3.174,0.364
such as react,3,8,2,1.4944,3.174,0.063
admin class,2,9,2,1.4885,3.173,0.163
tag like,2,9,2,1.4885,3.173,0.059
never see,2,9,2,1.4885,3.173,0.058
default character,2,9,2,1.4885,3.173,0.077
escape string,2,9,2,1.4885,3.173,0.172
internal api,2,9,2,1.4885,3.173,0.145
over using,2,9,2,1.4885,3.173,-0.003
input using,2,9,2,1.4885,3.173,-0.007
underlying database,2,9,2,1.4885,3.173,0.227
return more,2,9,2,1.4885,3.173,-0.033
same argument,2,9,2,1.4885,3.173,0.012
finished executing,2,9,2,1.4885,3.173,0.409
starting on,2,9,2,1.4885,3.173,0.013
longer work,2,9,2,1.4885,3.173,0.115
xml serializer,2,9,2,1.4885,3.173,0.482
old function,2,9,2,1.4885,3.173,0.052
key instead,2,9,2,1.4885,3.173,0.036
same language,2,9,2,1.4885,3.173,0.059
new interface,2,9,2,1.4885,3.173,0.094
disk access,2,9,2,1.4885,3.173,0.214
general principle,2,9,2,1.4885,3.173,0.454
another tag,2,9,2,1.4885,3.173,0.144
other container,2,9,2,1.4885,3.173,0.010
like environment,2,9,2,1.4885,3.173,0.001
class rather,2,9,2,1.4885,3.173,0.094
manual intervention,2,9,2,1.4885,3.173,0.639
token instead,2,9,2,1.4885,3.173,0.135
specified name,2,9,2,1.4885,3.173,0.009
storage area,2,9,2,1.4885,3.173,0.376
debug flag,2,9,2,1.4885,3.173,0.194
normal behavior,2,9,2,1.4885,3.173,0.206
reclaim space,2,9,2,1.4885,3.173,0.536
using system,2,9,2,1.4885,3.173,-0.027
another version,2,9,2,1.4885,3.173,0.045
fill up,2,9,2,1.4885,3.173,0.244
container state,2,9,2,1.4885,3.173,0.034
up automatically,2,9,2,1.4885,3.173,0.077
single use,2,9,2,1.4885,3.173,-0.064
using syntax,2,9,2,1.4885,3.173,-0.010
wrong directory,2,9,2,1.4885,3.173,0.159
branch instead,2,9,2,1.4885,3.173,0.082
external process,2,9,2,1.4885,3.173,0.189
mixed up,2,9,2,1.4885,3.173,0.299
directly call,2,9,2,1.4885,3.173,0.078
found see,2,9,2,1.4885,3.173,0.058
log line,2,9,2,1.4885,3.173,0.079
previously declared,2,9,2,1.4885,3.173,0.326
stack property,2,9,2,1.4885,3.173,0.149
new message,2,9,2,1.4885,3.173,0.003
point representation,2,9,2,1.4885,3.173,0.249
single precision,2,9,2,1.4885,3.173,0.282
given table,2,9,2,1.4885,3.173,0.100
database owner,2,9,2,1.4885,3.173,0.242
joined table,2,9,2,1.4885,3.173,0.348
object error,2,9,2,1.4885,3.173,-0.096
python such,2,9,2,1.4885,3.173,0.002
support iteration,2,9,2,1.4885,3.173,0.224
through props,2,9,2,1.4885,3.173,0.238
pass props,2,9,2,1.4885,3.173,0.231
node like,2,9,2,1.4885,3.173,0.006
way to allow,3,9,2,1.4885,3.173,0.133
change the password,3,9,2,1.4885,3.173,0.248
keyword is used,3,9,2,1.4885,3.173,0.220
often the case,3,9,2,1.4885,3.173,0.269
use docker container,3,9,2,1.4885,3.173,0.129
up or down,3,9,2,1.4885,3.173,0.510
note that on,3,9,2,1.4885,3.173,-0.054
principle of least,3,9,2,1.4885,3.173,0.583
use the copy,3,9,2,1.4885,3.173,0.096
integrated into docker,3,9,2,1.4885,3.173,0.342
use the non,3,9,2,1.4885,3.173,0.071
want to inspect,3,9,2,1.4885,3.173,0.209
cumbersome to use,3,9,2,1.4885,3.173,0.319
return an integer,3,9,2,1.4885,3.173,0.212
body is executed,3,9,2,1.4885,3.173,0.351
executing the query,3,9,2,1.4885,3.173,0.340
end of statement,3,9,2,1.4885,3.173,0.200
add error,2,6,3,1.4821,3.171,-0.049
running without,2,10,2,1.4815,3.171,0.054
single binary,2,6,3,1.4821,3.171,0.160
code faster,2,6,3,1.4821,3.171,0.085
functionality provided,2,6,3,1.4821,3.171,0.226
true unless,2,10,2,1.4815,3.171,0.181
re compile,2,10,2,1.4815,3.171,0.205
header value,2,10,2,1.4815,3.171,0.059
same workspace,2,6,3,1.4821,3.171,0.109
listed under,2,10,2,1.4815,3.171,0.301
path see,2,10,2,1.4815,3.171,-0.027
set registry,2,10,2,1.4815,3.171,0.088
specific set,2,10,2,1.4815,3.171,0.024
name directly,2,6,3,1.4821,3.171,0.040
writing custom,2,10,2,1.4815,3.171,0.168
break between,2,10,2,1.4815,3.171,0.207
executed instead,2,6,3,1.4821,3.171,0.138
allow list,2,10,2,1.4815,3.171,0.074
return without,2,10,2,1.4815,3.171,0.025
proto property,2,10,2,1.4815,3.171,0.411
extra whitespace,2,10,2,1.4815,3.171,0.299
array item,2,10,2,1.4815,3.171,0.123
advanced configuration,2,10,2,1.4815,3.171,0.229
removed using,2,6,3,1.4821,3.171,0.032
support new,2,6,3,1.4821,3.171,-0.002
defined directly,2,10,2,1.4815,3.171,0.124
land in,2,10,2,1.4815,3.171,0.170
explicitly close,2,10,2,1.4815,3.171,0.300
json instead,2,10,2,1.4815,3.171,0.048
value read,2,10,2,1.4815,3.171,-0.021
work instead,2,6,3,1.4821,3.171,0.013
other utility,2,6,3,1.4821,3.171,0.195
built around,2,6,3,1.4821,3.171,0.189
specific field,2,10,2,1.4815,3.171,0.083
string template,2,10,2,1.4815,3.171,0.073
user set,2,10,2,1.4815,3.171,-0.026
using asyncio,2,10,2,1.4815,3.171,0.185
entirely new,2,6,3,1.4821,3.171,0.174
vary cookie,2,10,2,1.4815,3.171,0.491
cursor position,2,10,2,1.4815,3.171,0.408
policy enforcement,2,10,2,1.4815,3.171,0.533
tuple list,2,10,2,1.4815,3.171,0.143
during data,2,6,3,1.4821,3.171,0.038
value except,2,6,3,1.4821,3.171,0.061
python test,2,10,2,1.4815,3.171,-0.015
given multiple,2,6,3,1.4821,3.171,0.096
test path,2,10,2,1.4815,3.171,-0.003
hook like,2,10,2,1.4815,3.171,0.095
single entry,2,10,2,1.4815,3.171,0.172
new start,2,6,3,1.4821,3.171,0.009
computed on,2,6,3,1.4821,3.171,0.111
function string,2,6,3,1.4821,3.171,-0.089
extension mechanism,2,10,2,1.4815,3.171,0.297
works differently,2,6,3,1.4821,3.171,0.309
corresponding code,2,6,3,1.4821,3.171,0.074
granular level,2,6,3,1.4821,3.171,0.431
powerful enough,2,6,3,1.4821,3.171,0.385
callback returned,2,10,2,1.4815,3.171,0.221
related functionality,2,6,3,1.4821,3.171,0.260
happen more,2,6,3,1.4821,3.171,0.118
implement other,2,6,3,1.4821,3.171,0.063
query value,2,6,3,1.4821,3.171,-0.034
data now,2,6,3,1.4821,3.171,-0.054
string prefix,2,10,2,1.4815,3.171,0.141
reduce duplication,2,6,3,1.4821,3.171,0.467
using various,2,6,3,1.4821,3.171,0.077
label on,2,6,3,1.4821,3.171,0.072
different needs,2,6,3,1.4821,3.171,0.095
bare module,2,10,2,1.4815,3.171,0.284
pre render,2,10,2,1.4815,3.171,0.272
option is provided,3,10,2,1.4815,3.171,0.221
value is defined,3,6,3,1.4821,3.171,0.124
try to match,3,10,2,1.4815,3.171,0.173
specify an empty,3,6,3,1.4821,3.171,0.236
first or last,3,10,2,1.4815,3.171,0.432
meet the following,3,10,2,1.4815,3.171,0.299
assigned the value,3,6,3,1.4821,3.171,0.237
using the dot,3,6,3,1.4821,3.171,0.264
exception is set,3,10,2,1.4815,3.171,0.162
express the same,3,6,3,1.4821,3.171,0.193
such as get,3,6,3,1.4821,3.171,0.013
easier to handle,3,6,3,1.4821,3.171,0.254
useful for many,3,6,3,1.4821,3.171,0.230
using the update,3,6,3,1.4821,3.171,0.068
able to produce,3,10,2,1.4815,3.171,0.259
vary cookie header,3,10,2,1.4815,3.171,0.626
time to start,3,6,3,1.4821,3.171,0.147
compare the two,3,6,3,1.4821,3.171,0.330
change its value,3,6,3,1.4821,3.171,0.284
instead of python,3,6,3,1.4821,3.171,0.048
such as network,3,6,3,1.4821,3.171,0.133
running the reducer,3,10,2,1.4815,3.171,0.267
well as other,3,6,3,1.4821,3.171,0.113
like use state,3,10,2,1.4815,3.171,0.261
works well enough,3,6,3,1.4821,3.171,0.488
value to make,3,6,3,1.4821,3.171,0.005
added and removed,3,10,2,1.4815,3.171,0.425
together to create,3,6,3,1.4821,3.171,0.216
want to count,3,6,3,1.4821,3.171,0.135
vary across,2,12,2,1.4686,3.167,0.414
explicitly marked,2,12,2,1.4686,3.167,0.315
host using,2,12,2,1.4686,3.167,0.022
paying attention,2,12,2,1.4686,3.167,0.693
fail due,2,12,2,1.4686,3.167,0.265
package level,2,12,2,1.4686,3.167,0.099
formatting without,2,12,2,1.4686,3.167,0.201
appear below,2,12,2,1.4686,3.167,0.230
use customized,2,12,2,1.4686,3.167,0.164
begin make,2,12,2,1.4686,3.167,0.205
backslash character,2,12,2,1.4686,3.167,0.386
manually configure,2,12,2,1.4686,3.167,0.273
last occurrence,2,12,2,1.4686,3.167,0.431
null without,2,12,2,1.4686,3.167,0.095
number coercion,2,12,2,1.4686,3.167,0.301
single key,2,12,2,1.4686,3.167,0.076
rejection reason,2,12,2,1.4686,3.167,0.456
delete property,2,12,2,1.4686,3.167,0.181
ensure consistent,2,12,2,1.4686,3.167,0.295
re enabled,2,12,2,1.4686,3.167,0.208
encoding header,2,12,2,1.4686,3.167,0.282
gzip compression,2,12,2,1.4686,3.167,0.575
memory file,2,12,2,1.4686,3.167,0.006
integer number,2,12,2,1.4686,3.167,0.125
method see,2,12,2,1.4686,3.167,-0.050
dict get,2,12,2,1.4686,3.167,0.134
separate database,2,12,2,1.4686,3.167,0.149
content disposition,2,12,2,1.4686,3.167,0.571
necessarily mean,2,12,2,1.4686,3.167,0.410
check ignore,2,12,2,1.4686,3.167,0.142
specified otherwise,2,12,2,1.4686,3.167,0.143
tuple set,2,12,2,1.4686,3.167,0.107
dict type,2,12,2,1.4686,3.167,0.101
decimal type,2,12,2,1.4686,3.167,0.141
mapping protocol,2,12,2,1.4686,3.167,0.352
info directory,2,12,2,1.4686,3.167,0.154
avoid memory,2,12,2,1.4686,3.167,0.158
syntax warning,2,12,2,1.4686,3.167,0.184
write back,2,12,2,1.4686,3.167,0.131
textual data,2,12,2,1.4686,3.167,0.280
compiler runtime,2,12,2,1.4686,3.167,0.185
infer mode,2,12,2,1.4686,3.167,0.298
non react,2,12,2,1.4686,3.167,0.089
react performance,2,12,2,1.4686,3.167,0.128
object add,2,12,2,1.4686,3.167,-0.053
try editing,2,12,2,1.4686,3.167,0.307
other react,2,12,2,1.4686,3.167,-0.006
state call,2,12,2,1.4686,3.167,-0.001
array subclass,2,12,2,1.4686,3.167,0.215
non essential,2,12,2,1.4686,3.167,0.359
vary in,2,12,2,1.4686,3.167,0.070
resulting iterator,2,12,2,1.4686,3.167,0.310
dark mode,2,12,2,1.4686,3.167,0.442
time information,2,12,2,1.4686,3.167,0.011
supported python,2,8,2,1.4693,3.167,0.100
usually want,2,8,2,1.4693,3.167,0.090
small change,2,8,2,1.4693,3.167,0.167
message such,2,8,2,1.4693,3.167,0.048
python prompt,2,8,2,1.4693,3.167,0.173
name add,2,8,2,1.4693,3.167,-0.033
addition subtraction,2,8,2,1.4693,3.167,0.538
nearest integer,2,8,2,1.4693,3.167,0.466
reuse code,2,8,2,1.4693,3.167,0.154
form name,2,8,2,1.4693,3.167,0.036
message similar,2,8,2,1.4693,3.167,0.127
background without,2,8,2,1.4693,3.167,0.198
using dot,2,8,2,1.4693,3.167,0.164
multiple cpu,2,8,2,1.4693,3.167,0.238
system automatically,2,8,2,1.4693,3.167,0.111
information between,2,8,2,1.4693,3.167,0.076
branch used,2,8,2,1.4693,3.167,0.035
remote set,2,8,2,1.4693,3.167,0.074
transfer protocol,2,8,2,1.4693,3.167,0.422
double quotation,2,8,2,1.4693,3.167,0.579
pop method,2,8,2,1.4693,3.167,0.283
iteration behavior,2,8,2,1.4693,3.167,0.248
number na,2,8,2,1.4693,3.167,0.250
macro used,2,8,2,1.4693,3.167,0.090
begin make sure,3,12,2,1.4686,3.167,0.325
string the full,3,12,2,1.4686,3.167,0.161
setting this option,3,12,2,1.4686,3.167,0.219
means that in,3,12,2,1.4686,3.167,-0.061
want to re,3,12,2,1.4686,3.167,0.084
asyncio create task,3,12,2,1.4686,3.167,0.632
visible to other,3,12,2,1.4686,3.167,0.321
using this feature,3,12,2,1.4686,3.167,0.159
used to track,3,12,2,1.4686,3.167,0.223
undefined and null,3,12,2,1.4686,3.167,0.457
such as custom,3,12,2,1.4686,3.167,0.101
return an instance,3,12,2,1.4686,3.167,0.172
null and undefined,3,12,2,1.4686,3.167,0.451
sensitive information such,3,12,2,1.4686,3.167,0.407
method to return,3,8,2,1.4693,3.167,0.154
match the new,3,8,2,1.4693,3.167,0.131
use more memory,3,8,2,1.4693,3.167,0.277
stream of data,3,8,2,1.4693,3.167,0.322
see output similar,3,8,2,1.4693,3.167,0.388
such as sys,3,8,2,1.4693,3.167,0.212
improve the error,3,8,2,1.4693,3.167,0.252
top level directory,3,8,2,1.4693,3.167,0.195
filename and line,3,8,2,1.4693,3.167,0.426
more user friendly,3,8,2,1.4693,3.167,0.345
used to ask,3,8,2,1.4693,3.167,0.238
url from git,3,8,2,1.4693,3.167,0.344
issuing the command,3,8,2,1.4693,3.167,0.420
value is added,3,8,2,1.4693,3.167,0.177
required to implement,3,8,2,1.4693,3.167,0.263
pointer of type,3,8,2,1.4693,3.167,0.303
space around,2,5,3,1.4588,3.164,0.242
field syntax,2,5,3,1.4588,3.164,0.090
shell directly,2,5,3,1.4588,3.164,0.176
run serially,2,5,3,1.4588,3.164,0.397
cannot stop,2,5,3,1.4588,3.164,0.215
json field,2,5,3,1.4588,3.164,0.073
entirely under,2,5,3,1.4588,3.164,0.331
take time,2,5,3,1.4588,3.164,0.053
contribute please,2,5,3,1.4588,3.164,0.440
getting more,2,5,3,1.4588,3.164,0.093
debugging in,2,5,3,1.4588,3.164,-0.033
boolean property,2,5,3,1.4588,3.164,0.204
valid according,2,5,3,1.4588,3.164,0.266
use property,2,5,3,1.4588,3.164,-0.059
support es,2,5,3,1.4588,3.164,0.211
type syntax,2,5,3,1.4588,3.164,0.006
never execute,2,5,3,1.4588,3.164,0.214
setting using,2,5,3,1.4588,3.164,0.004
based lookup,2,5,3,1.4588,3.164,0.265
user dependency,2,5,3,1.4588,3.164,0.090
slow file,2,5,3,1.4588,3.164,0.134
handled internally,2,5,3,1.4588,3.164,0.396
task queue,2,5,3,1.4588,3.164,0.378
specific view,2,5,3,1.4588,3.164,0.120
starting value,2,5,3,1.4588,3.164,0.063
entire new,2,5,3,1.4588,3.164,0.101
core data,2,5,3,1.4588,3.164,0.055
same series,2,5,3,1.4588,3.164,0.177
full trace,2,5,3,1.4588,3.164,0.270
framework specific,2,5,3,1.4588,3.164,0.196
map instead,2,5,3,1.4588,3.164,0.118
field access,2,5,3,1.4588,3.164,0.067
set reference,2,5,3,1.4588,3.164,0.003
pass anything,2,5,3,1.4588,3.164,0.180
entirely possible,2,5,3,1.4588,3.164,0.261
moving away,2,5,3,1.4588,3.164,0.417
large sized,2,5,3,1.4588,3.164,0.412
more guidance,2,5,3,1.4588,3.164,0.280
simplify common,2,5,3,1.4588,3.164,0.314
run additional,2,5,3,1.4588,3.164,0.068
lazy loaded,2,5,3,1.4588,3.164,0.420
data tables,2,5,3,1.4588,3.164,0.078
single unified,2,5,3,1.4588,3.164,0.361
delete the entire,3,5,3,1.4588,3.164,0.292
file is available,3,5,3,1.4588,3.164,0.125
command will update,3,5,3,1.4588,3.164,0.281
way to describe,3,5,3,1.4588,3.164,0.266
update the path,3,5,3,1.4588,3.164,0.174
use as well,3,5,3,1.4588,3.164,-0.020
find the full,3,5,3,1.4588,3.164,0.244
input is valid,3,5,3,1.4588,3.164,0.317
please check out,3,5,3,1.4588,3.164,0.353
working with data,3,5,3,1.4588,3.164,0.155
such as generating,3,5,3,1.4588,3.164,0.260
keep the data,3,5,3,1.4588,3.164,0.176
technique works,2,6,2,1.4529,3.162,0.293
make new,2,6,2,1.4529,3.162,-0.039
add class,2,6,2,1.4529,3.162,0.006
text element,2,6,2,1.4529,3.162,0.120
well use,2,6,2,1.4529,3.162,-0.051
produced on,2,6,2,1.4529,3.162,0.112
error crash,2,6,2,1.4529,3.162,0.018
old method,2,6,2,1.4529,3.162,0.107
multi column,2,6,2,1.4529,3.162,0.269
leading comma,2,6,2,1.4529,3.162,0.423
memory storage,2,6,2,1.4529,3.162,0.220
account number,2,6,2,1.4529,3.162,0.175
object within,2,6,2,1.4529,3.162,0.018
export import,2,6,2,1.4529,3.162,0.239
get output,2,6,2,1.4529,3.162,-0.025
quick way,2,6,2,1.4529,3.162,0.237
semantic meaning,2,6,2,1.4529,3.162,0.478
fresh install,2,6,2,1.4529,3.162,0.393
default image,2,6,2,1.4529,3.162,0.008
better use,2,6,2,1.4529,3.162,-0.007
min level,2,6,2,1.4529,3.162,0.304
image directly,2,6,2,1.4529,3.162,0.109
parent folder,2,6,2,1.4529,3.162,0.256
os sierra,2,6,2,1.4529,3.162,0.553
showing in,2,6,2,1.4529,3.162,-0.016
single click,2,6,2,1.4529,3.162,0.190
memory exception,2,6,2,1.4529,3.162,0.078
outside docker,2,6,2,1.4529,3.162,0.091
another without,2,6,2,1.4529,3.162,0.059
lock down,2,6,2,1.4529,3.162,0.258
child relationship,2,6,2,1.4529,3.162,0.406
originally used,2,6,2,1.4529,3.162,0.182
recent tag,2,6,2,1.4529,3.162,0.295
head back,2,6,2,1.4529,3.162,0.245
two simple,2,6,2,1.4529,3.162,0.108
above two,2,6,2,1.4529,3.162,0.075
project tree,2,6,2,1.4529,3.162,0.132
remote end,2,6,2,1.4529,3.162,0.165
way content,2,6,2,1.4529,3.162,0.088
more logical,2,6,2,1.4529,3.162,0.148
pointer variable,2,6,2,1.4529,3.162,0.141
platform default,2,6,2,1.4529,3.162,0.118
see color,2,6,2,1.4529,3.162,0.106
redirect stdout,2,6,2,1.4529,3.162,0.424
closure over,2,6,2,1.4529,3.162,0.216
chrome console,2,6,2,1.4529,3.162,0.334
base constructor,2,6,2,1.4529,3.162,0.186
clone algorithm,2,6,2,1.4529,3.162,0.348
full precision,2,6,2,1.4529,3.162,0.335
following piece,2,6,2,1.4529,3.162,0.214
deep copying,2,6,2,1.4529,3.162,0.461
multiline string,2,6,2,1.4529,3.162,0.281
forward compatible,2,6,2,1.4529,3.162,0.373
using prepared,2,6,2,1.4529,3.162,0.151
database crash,2,6,2,1.4529,3.162,0.101
entire row,2,6,2,1.4529,3.162,0.250
polymorphic type,2,6,2,1.4529,3.162,0.260
literal text,2,6,2,1.4529,3.162,0.198
query without,2,6,2,1.4529,3.162,0.049
update node,2,6,2,1.4529,3.162,0.084
work differently,2,6,2,1.4529,3.162,0.248
work item,2,6,2,1.4529,3.162,0.113
get executed,2,6,2,1.4529,3.162,0.112
sigsegv signal,2,6,2,1.4529,3.162,0.580
binary arithmetic,2,6,2,1.4529,3.162,0.390
optional prefix,2,6,2,1.4529,3.162,0.275
use props,2,6,2,1.4529,3.162,0.058
ask yourself,2,6,2,1.4529,3.162,0.370
like to find,3,6,2,1.4529,3.162,0.102
work with git,3,6,2,1.4529,3.162,0.151
query to get,3,6,2,1.4529,3.162,0.108
delete the file,3,6,2,1.4529,3.162,0.193
allow your code,3,6,2,1.4529,3.162,0.175
access the host,3,6,2,1.4529,3.162,0.207
add an empty,3,6,2,1.4529,3.162,0.161
order to fix,3,6,2,1.4529,3.162,0.198
harder to maintain,3,6,2,1.4529,3.162,0.508
mac os sierra,3,6,2,1.4529,3.162,0.627
information you want,3,6,2,1.4529,3.162,0.072
use the ignore,3,6,2,1.4529,3.162,0.112
know the name,3,6,2,1.4529,3.162,0.149
most recent tag,3,6,2,1.4529,3.162,0.375
over the internet,3,6,2,1.4529,3.162,0.366
attempt was made,3,6,2,1.4529,3.162,0.517
multi threaded environment,3,6,2,1.4529,3.162,0.417
around the time,3,6,2,1.4529,3.162,0.222
tried to look,3,6,2,1.4529,3.162,0.261
find the commit,3,6,2,1.4529,3.162,0.241
works exactly like,3,6,2,1.4529,3.162,0.406
object every time,3,6,2,1.4529,3.162,0.142
inside the body,3,6,2,1.4529,3.162,0.234
using the statement,3,6,2,1.4529,3.162,0.101
structured clone algorithm,3,6,2,1.4529,3.162,0.656
exception by using,3,6,2,1.4529,3.162,0.155
less than operator,3,6,2,1.4529,3.162,0.321
match the whole,3,6,2,1.4529,3.162,0.249
support this feature,3,6,2,1.4529,3.162,0.268
instead of defining,3,6,2,1.4529,3.162,0.233
process to exit,3,6,2,1.4529,3.162,0.371
press the button,3,6,2,1.4529,3.162,0.495
id file,2,7,3,1.4459,3.160,0.000
longer term,2,7,3,1.4459,3.160,0.292
full build,2,7,3,1.4459,3.160,0.106
section add,2,7,3,1.4459,3.160,0.063
build into,2,7,3,1.4459,3.160,-0.005
metadata like,2,7,3,1.4459,3.160,0.111
actual behavior,2,7,3,1.4459,3.160,0.194
doubly linked,2,7,3,1.4459,3.160,0.703
processing time,2,7,3,1.4459,3.160,0.163
times per,2,7,3,1.4459,3.160,0.226
step forward,2,7,3,1.4459,3.160,0.338
network bandwidth,2,7,3,1.4459,3.160,0.457
context see,2,7,3,1.4459,3.160,0.029
undeclared variable,2,7,3,1.4459,3.160,0.428
cannot check,2,7,3,1.4459,3.160,0.109
comment line,2,7,3,1.4459,3.160,0.140
use include,2,7,3,1.4459,3.160,-0.037
now configure,2,7,3,1.4459,3.160,0.120
first convert,2,7,3,1.4459,3.160,0.139
file rather,2,7,3,1.4459,3.160,0.023
correct data,2,7,3,1.4459,3.160,0.027
work seamlessly,2,7,3,1.4459,3.160,0.411
using many,2,7,3,1.4459,3.160,-0.032
possible ways,2,7,3,1.4459,3.160,0.174
callable function,2,7,3,1.4459,3.160,0.156
special class,2,7,3,1.4459,3.160,0.121
possibly other,2,7,3,1.4459,3.160,0.174
full power,2,7,3,1.4459,3.160,0.337
context such,2,7,3,1.4459,3.160,0.069
instead write,2,7,3,1.4459,3.160,0.046
visit in,2,7,3,1.4459,3.160,0.064
used over,2,7,3,1.4459,3.160,0.023
maximum recursion,2,7,3,1.4459,3.160,0.461
error raise,2,7,3,1.4459,3.160,0.118
cached on,2,7,3,1.4459,3.160,0.079
function level,2,7,3,1.4459,3.160,-0.010
calculated in,2,7,3,1.4459,3.160,0.078
new web,2,7,3,1.4459,3.160,0.047
specific application,2,7,3,1.4459,3.160,0.076
generate new,2,7,3,1.4459,3.160,0.089
initialized on,2,7,3,1.4459,3.160,0.089
auto generate,2,7,3,1.4459,3.160,0.287
built directly,2,7,3,1.4459,3.160,0.144
more significant,2,7,3,1.4459,3.160,0.180
manually delete,2,7,3,1.4459,3.160,0.271
need to retrieve,3,7,3,1.4459,3.160,0.215
change to make,3,7,3,1.4459,3.160,0.089
least the following,3,7,3,1.4459,3.160,0.144
doubly linked list,3,7,3,1.4459,3.160,0.504
use the returned,3,7,3,1.4459,3.160,0.098
default error message,3,7,3,1.4459,3.160,0.111
error or warning,3,7,3,1.4459,3.160,0.412
ways to configure,3,7,3,1.4459,3.160,0.315
required to ensure,3,7,3,1.4459,3.160,0.258
remove the default,3,7,3,1.4459,3.160,0.128
need to clean,3,7,3,1.4459,3.160,0.168
include the same,3,7,3,1.4459,3.160,0.048
first class support,3,7,3,1.4459,3.160,0.452
use an async,3,7,3,1.4459,3.160,0.108
rather than raising,3,7,3,1.4459,3.160,0.392
change the behaviour,3,7,3,1.4459,3.160,0.337
using the normal,3,7,3,1.4459,3.160,0.170
maximum recursion depth,3,7,3,1.4459,3.160,0.646
easier to implement,3,7,3,1.4459,3.160,0.263
load the data,3,7,3,1.4459,3.160,0.220
order to update,3,7,3,1.4459,3.160,0.176
show the same,3,7,3,1.4459,3.160,0.060
maybe you want,3,7,3,1.4459,3.160,0.252
dependency order,2,9,3,1.4330,3.156,0.136
internal function,2,9,3,1.4330,3.156,0.060
roll out,2,9,3,1.4330,3.156,0.331
without executing,2,9,3,1.4330,3.156,0.198
use up,2,9,3,1.4330,3.156,-0.101
container object,2,9,3,1.4330,3.156,-0.010
without parentheses,2,9,3,1.4330,3.156,0.223
type return,2,9,3,1.4330,3.156,-0.051
option specified,2,9,3,1.4330,3.156,0.027
url used,2,9,3,1.4330,3.156,0.034
use none,2,9,3,1.4330,3.156,-0.000
data persistence,2,9,3,1.4330,3.156,0.312
use logging,2,9,3,1.4330,3.156,0.047
specific state,2,9,3,1.4330,3.156,0.042
potential performance,2,9,3,1.4330,3.156,0.291
external binary,2,9,3,1.4330,3.156,0.244
git repos,2,9,3,1.4330,3.156,0.348
running make,2,9,3,1.4330,3.156,0.036
required version,2,9,3,1.4330,3.156,0.094
other error,2,9,3,1.4330,3.156,-0.081
information regarding,2,9,3,1.4330,3.156,0.314
store true,2,9,3,1.4330,3.156,0.093
separate server,2,9,3,1.4330,3.156,0.115
well see,2,9,3,1.4330,3.156,0.021
effect use,2,9,3,1.4330,3.156,-0.012
wrapped function,2,9,3,1.4330,3.156,0.149
raw memory,2,9,3,1.4330,3.156,0.228
defined see,2,9,3,1.4330,3.156,0.016
query use,2,9,3,1.4330,3.156,-0.079
succeed in,2,9,3,1.4330,3.156,0.093
latest value,2,9,3,1.4330,3.156,0.072
diff between,2,9,3,1.4330,3.156,0.182
like push,2,9,3,1.4330,3.156,0.085
language support,2,9,3,1.4330,3.156,0.124
null boolean,2,9,3,1.4330,3.156,0.228
list use,2,9,3,1.4330,3.156,-0.106
watch in,2,9,3,1.4330,3.156,0.039
security problem,2,5,3,1.4336,3.156,0.157
own default,2,5,3,1.4336,3.156,0.032
definition like,2,5,3,1.4336,3.156,0.070
much greater,2,5,3,1.4336,3.156,0.302
few useful,2,5,3,1.4336,3.156,0.183
powerful feature,2,5,3,1.4336,3.156,0.308
hard work,2,5,3,1.4336,3.156,0.189
public facing,2,5,3,1.4336,3.156,0.434
aggregation function,2,5,3,1.4336,3.156,0.235
many nested,2,5,3,1.4336,3.156,0.189
longer true,2,5,3,1.4336,3.156,0.149
field within,2,5,3,1.4336,3.156,0.096
different problem,2,5,3,1.4336,3.156,0.067
explicitly calling,2,5,3,1.4336,3.156,0.212
error similar,2,5,3,1.4336,3.156,0.036
code work,2,5,3,1.4336,3.156,-0.075
make two,2,5,3,1.4336,3.156,0.015
value once,2,5,3,1.4336,3.156,0.004
separator character,2,5,3,1.4336,3.156,0.367
up reading,2,5,3,1.4336,3.156,0.155
server support,2,5,3,1.4336,3.156,0.040
share access,2,5,3,1.4336,3.156,0.203
spend more,2,5,3,1.4336,3.156,0.274
array variable,2,5,3,1.4336,3.156,0.032
filter data,2,5,3,1.4336,3.156,0.090
reference pointing,2,5,3,1.4336,3.156,0.274
iso standard,2,5,3,1.4336,3.156,0.283
tracking down,2,5,3,1.4336,3.156,0.352
human reader,2,5,3,1.4336,3.156,0.471
module defined,2,5,3,1.4336,3.156,0.069
string thus,2,5,3,1.4336,3.156,0.134
utf character,2,5,3,1.4336,3.156,0.284
far less,2,5,3,1.4336,3.156,0.292
same using,2,5,3,1.4336,3.156,-0.104
input token,2,5,3,1.4336,3.156,0.194
improve on,2,5,3,1.4336,3.156,0.072
data produced,2,5,3,1.4336,3.156,0.183
other format,2,5,3,1.4336,3.156,0.017
line up,2,5,3,1.4336,3.156,0.012
array rather,2,5,3,1.4336,3.156,0.098
arbitrary size,2,5,3,1.4336,3.156,0.276
learn in,2,5,3,1.4336,3.156,-0.055
filling in,2,5,3,1.4336,3.156,0.148
more annoying,2,5,3,1.4336,3.156,0.288
result in unexpected,3,9,3,1.4330,3.156,0.383
make the server,3,9,3,1.4330,3.156,0.093
need for manual,3,9,3,1.4330,3.156,0.437
need the same,3,9,3,1.4330,3.156,-0.052
careful to avoid,3,9,3,1.4330,3.156,0.355
using the async,3,9,3,1.4330,3.156,0.104
server side render,3,9,3,1.4330,3.156,0.351
refer to other,3,9,3,1.4330,3.156,0.107
code to call,3,5,3,1.4336,3.156,0.066
false the value,3,5,3,1.4336,3.156,0.130
need to distinguish,3,5,3,1.4336,3.156,0.281
data by using,3,5,3,1.4336,3.156,0.095
much more powerful,3,5,3,1.4336,3.156,0.459
add the value,3,5,3,1.4336,3.156,0.044
way to limit,3,5,3,1.4336,3.156,0.217
variable as long,3,5,3,1.4336,3.156,0.216
user to create,3,5,3,1.4336,3.156,0.082
need to communicate,3,5,3,1.4336,3.156,0.256
operating system specific,3,5,3,1.4336,3.156,0.250
out of space,3,5,3,1.4336,3.156,0.243
attempt to perform,3,5,3,1.4336,3.156,0.327
use the long,3,5,3,1.4336,3.156,0.102
use the macro,3,5,3,1.4336,3.156,0.140
merge them into,3,5,3,1.4336,3.156,0.354
choose to return,3,5,3,1.4336,3.156,0.261
get the index,3,5,3,1.4336,3.156,0.114
code is run,3,5,3,1.4336,3.156,0.125
use the string,3,5,3,1.4336,3.156,-0.011
number and type,3,5,3,1.4336,3.156,0.235
enough to require,3,5,3,1.4336,3.156,0.356
data type rather,3,5,3,1.4336,3.156,0.284
see the data,3,5,3,1.4336,3.156,0.013
statically typed language,3,5,3,1.4336,3.156,0.537
use the catch,3,5,3,1.4336,3.156,0.115
split it into,3,5,3,1.4336,3.156,0.420
result is none,3,5,3,1.4336,3.156,0.314
using sys,2,11,2,1.4202,3.152,0.103
broken link,2,11,2,1.4202,3.152,0.357
pushed out,2,11,2,1.4202,3.152,0.258
installed python,2,11,2,1.4202,3.152,0.097
use static,2,11,2,1.4202,3.152,-0.012
use built,2,11,2,1.4202,3.152,-0.035
reduce memory,2,11,2,1.4202,3.152,0.248
constructor used,2,11,2,1.4202,3.152,0.058
object list,2,11,2,1.4202,3.152,-0.047
arbitrary data,2,11,2,1.4202,3.152,0.137
function set,2,11,2,1.4202,3.152,-0.104
image built,2,11,2,1.4202,3.152,0.115
curl command,2,11,2,1.4202,3.152,0.282
commit instead,2,11,2,1.4202,3.152,0.066
image builder,2,11,2,1.4202,3.152,0.248
near zero,2,11,2,1.4202,3.152,0.420
mount option,2,11,2,1.4202,3.152,0.188
use bind,2,11,2,1.4202,3.152,0.071
least privilege,2,11,2,1.4202,3.152,0.378
use copy,2,11,2,1.4202,3.152,-0.026
host localhost,2,11,2,1.4202,3.152,0.333
testing environment,2,11,2,1.4202,3.152,0.165
log show,2,11,2,1.4202,3.152,0.157
single image,2,11,2,1.4202,3.152,0.083
manifest list,2,11,2,1.4202,3.152,0.147
committer email,2,11,2,1.4202,3.152,0.444
remove docker,2,11,2,1.4202,3.152,0.041
container restart,2,11,2,1.4202,3.152,0.221
window size,2,11,2,1.4202,3.152,0.242
other image,2,11,2,1.4202,3.152,0.006
current repository,2,11,2,1.4202,3.152,0.101
same date,2,11,2,1.4202,3.152,0.049
re read,2,11,2,1.4202,3.152,0.133
driver docker,2,11,2,1.4202,3.152,0.134
multiple key,2,11,2,1.4202,3.152,0.062
first field,2,11,2,1.4202,3.152,0.017
fast forwarding,2,11,2,1.4202,3.152,0.389
topo order,2,11,2,1.4202,3.152,0.545
writing out,2,11,2,1.4202,3.152,0.116
remote prune,2,11,2,1.4202,3.152,0.343
fast forwards,2,11,2,1.4202,3.152,0.450
message later,2,11,2,1.4202,3.152,0.096
sorted according,2,11,2,1.4202,3.152,0.394
lazy clone,2,11,2,1.4202,3.152,0.395
half way,2,11,2,1.4202,3.152,0.267
bitmap file,2,11,2,1.4202,3.152,0.198
post mortem,2,11,2,1.4202,3.152,0.574
single index,2,11,2,1.4202,3.152,0.080
commit time,2,11,2,1.4202,3.152,0.045
single bit,2,11,2,1.4202,3.152,0.141
second bit,2,11,2,1.4202,3.152,0.178
find method,2,11,2,1.4202,3.152,0.049
code new,2,11,2,1.4202,3.152,-0.126
array see,2,11,2,1.4202,3.152,-0.021
number epsilon,2,11,2,1.4202,3.152,0.438
string returning,2,11,2,1.4202,3.152,0.133
la te,2,11,2,1.4202,3.152,0.846
particular table,2,11,2,1.4202,3.152,0.138
avoid such,2,11,2,1.4202,3.152,0.096
upon success,2,11,2,1.4202,3.152,0.406
select row,2,11,2,1.4202,3.152,0.168
get removed,2,11,2,1.4202,3.152,0.079
call function,2,11,2,1.4202,3.152,-0.066
module documentation,2,11,2,1.4202,3.152,0.074
future python,2,11,2,1.4202,3.152,0.092
react needs,2,11,2,1.4202,3.152,0.110
effect instead,2,11,2,1.4202,3.152,0.099
force react,2,11,2,1.4202,3.152,0.199
next props,2,11,2,1.4202,3.152,0.227
using the service,3,11,2,1.4202,3.152,0.127
use built in,3,11,2,1.4202,3.152,0.009
permission to create,3,11,2,1.4202,3.152,0.294
default time zone,3,11,2,1.4202,3.152,0.173
once the container,3,11,2,1.4202,3.152,0.200
image with docker,3,11,2,1.4202,3.152,0.257
specify the following,3,11,2,1.4202,3.152,0.076
host and docker,3,11,2,1.4202,3.152,0.264
required to create,3,11,2,1.4202,3.152,0.171
use the right,3,11,2,1.4202,3.152,0.046
starting the docker,3,11,2,1.4202,3.152,0.227
flag for docker,3,11,2,1.4202,3.152,0.302
good or bad,3,11,2,1.4202,3.152,0.588
zero exit status,3,11,2,1.4202,3.152,0.461
commit msg hook,3,11,2,1.4202,3.152,0.559
instead of working,3,11,2,1.4202,3.152,0.114
more robust against,3,11,2,1.4202,3.152,0.439
keep it in,3,11,2,1.4202,3.152,0.156
safe to run,3,11,2,1.4202,3.152,0.214
derived class constructor,3,11,2,1.4202,3.152,0.453
positive and negative,3,11,2,1.4202,3.152,0.612
exception on failure,3,11,2,1.4202,3.152,0.290
like all other,3,11,2,1.4202,3.152,0.191
hold the result,3,11,2,1.4202,3.152,0.288
note that python,3,11,2,1.4202,3.152,0.057
react will compare,3,11,2,1.4202,3.152,0.416
render your component,3,11,2,1.4202,3.152,0.351
small feature,2,5,2,1.4032,3.147,0.225
community feedback,2,5,2,1.4032,3.147,0.404
issue template,2,5,2,1.4032,3.147,0.153
like dev,2,5,2,1.4032,3.147,0.075
define another,2,5,2,1.4032,3.147,0.122
help automate,2,5,2,1.4032,3.147,0.376
listing format,2,5,2,1.4032,3.147,0.313
build rather,2,5,2,1.4032,3.147,0.086
default binary,2,5,2,1.4032,3.147,0.079
overall build,2,5,2,1.4032,3.147,0.251
auto discovery,2,5,2,1.4032,3.147,0.442
highly platform,2,5,2,1.4032,3.147,0.409
maintain consistency,2,5,2,1.4032,3.147,0.480
see registry,2,5,2,1.4032,3.147,0.078
tracking in,2,5,2,1.4032,3.147,0.025
specified through,2,5,2,1.4032,3.147,0.103
many code,2,5,2,1.4032,3.147,-0.045
local code,2,5,2,1.4032,3.147,-0.023
non defaulted,2,5,2,1.4032,3.147,0.437
using source,2,5,2,1.4032,3.147,-0.016
check during,2,5,2,1.4032,3.147,0.116
cache contents,2,5,2,1.4032,3.147,0.213
npmrc file,2,5,2,1.4032,3.147,0.435
issue please,2,5,2,1.4032,3.147,0.194
clearly marked,2,5,2,1.4032,3.147,0.441
review pull,2,5,2,1.4032,3.147,0.303
issue number,2,5,2,1.4032,3.147,0.074
first issue,2,5,2,1.4032,3.147,0.054
initial segment,2,5,2,1.4032,3.147,0.392
text property,2,5,2,1.4032,3.147,0.095
fix flag,2,5,2,1.4032,3.147,0.124
text source,2,5,2,1.4032,3.147,0.104
given integer,2,5,2,1.4032,3.147,0.172
allow implicit,2,5,2,1.4032,3.147,0.293
body true,2,5,2,1.4032,3.147,0.153
help track,2,5,2,1.4032,3.147,0.237
code clarity,2,5,2,1.4032,3.147,0.232
property call,2,5,2,1.4032,3.147,0.056
strict option,2,5,2,1.4032,3.147,0.124
consecutive line,2,5,2,1.4032,3.147,0.306
entire project,2,5,2,1.4032,3.147,0.180
single import,2,5,2,1.4032,3.147,0.111
browser code,2,5,2,1.4032,3.147,0.005
disallow multiple,2,5,2,1.4032,3.147,0.284
never read,2,5,2,1.4032,3.147,0.134
rule without,2,5,2,1.4032,3.147,0.028
json serialized,2,5,2,1.4032,3.147,0.290
several breaking,2,5,2,1.4032,3.147,0.308
api previously,2,5,2,1.4032,3.147,0.176
more strictly,2,5,2,1.4032,3.147,0.239
becomes harder,2,5,2,1.4032,3.147,0.426
minimize code,2,5,2,1.4032,3.147,0.223
specific library,2,5,2,1.4032,3.147,0.103
public url,2,5,2,1.4032,3.147,0.211
script client,2,5,2,1.4032,3.147,0.079
custom operation,2,5,2,1.4032,3.147,0.168
api user,2,5,2,1.4032,3.147,0.012
callback url,2,5,2,1.4032,3.147,0.205
point later,2,5,2,1.4032,3.147,0.120
operation read,2,5,2,1.4032,3.147,0.147
popular python,2,5,2,1.4032,3.147,0.242
code repetition,2,5,2,1.4032,3.147,0.245
code extension,2,5,2,1.4032,3.147,0.019
use background,2,5,2,1.4032,3.147,0.067
extra validation,2,5,2,1.4032,3.147,0.220
url token,2,5,2,1.4032,3.147,0.207
app testing,2,5,2,1.4032,3.147,0.146
setup otherwise,2,5,2,1.4032,3.147,0.236
valid address,2,5,2,1.4032,3.147,0.200
canonical url,2,5,2,1.4032,3.147,0.366
username request,2,5,2,1.4032,3.147,0.197
use current,2,5,2,1.4032,3.147,-0.074
result id,2,5,2,1.4032,3.147,0.084
file filename,2,5,2,1.4032,3.147,0.120
user query,2,5,2,1.4032,3.147,0.032
cache object,2,5,2,1.4032,3.147,0.041
client level,2,5,2,1.4032,3.147,0.125
text iterator,2,5,2,1.4032,3.147,0.167
same json,2,5,2,1.4032,3.147,0.011
serialization error,2,5,2,1.4032,3.147,0.145
strip whitespace,2,5,2,1.4032,3.147,0.484
pipeline api,2,5,2,1.4032,3.147,0.241
list validator,2,5,2,1.4032,3.147,0.242
generation process,2,5,2,1.4032,3.147,0.288
generating json,2,5,2,1.4032,3.147,0.267
custom init,2,5,2,1.4032,3.147,0.232
ignore glob,2,5,2,1.4032,3.147,0.301
diff use,2,5,2,1.4032,3.147,0.025
setup call,2,5,2,1.4032,3.147,0.140
auto loading,2,5,2,1.4032,3.147,0.322
logging file,2,5,2,1.4032,3.147,0.097
improving react,2,5,2,1.4032,3.147,0.327
flow graph,2,5,2,1.4032,3.147,0.345
json round,2,5,2,1.4032,3.147,0.287
remove dead,2,5,2,1.4032,3.147,0.371
pass code,2,5,2,1.4032,3.147,-0.025
full analysis,2,5,2,1.4032,3.147,0.300
func context,2,5,2,1.4032,3.147,0.306
middleware use,2,5,2,1.4032,3.147,-0.004
existing middleware,2,5,2,1.4032,3.147,0.190
implement async,2,5,2,1.4032,3.147,0.167
single feature,2,5,2,1.4032,3.147,0.122
corresponding state,2,5,2,1.4032,3.147,0.143
store instead,2,5,2,1.4032,3.147,0.047
reducer needs,2,5,2,1.4032,3.147,0.188
hand write,2,5,2,1.4032,3.147,0.199
state whenever,2,5,2,1.4032,3.147,0.156
counter increment,2,5,2,1.4032,3.147,0.442
part using,2,5,2,1.4032,3.147,-0.014
user wrote,2,5,2,1.4032,3.147,0.241
data loaded,2,5,2,1.4032,3.147,0.126
inside create,2,5,2,1.4032,3.147,0.030
post date,2,5,2,1.4032,3.147,0.154
like loading,2,5,2,1.4032,3.147,0.122
dispatch more,2,5,2,1.4032,3.147,0.085
couple more,2,5,2,1.4032,3.147,0.190
single api,2,5,2,1.4032,3.147,0.052
usually written,2,5,2,1.4032,3.147,0.219
testing implementation,2,5,2,1.4032,3.147,0.207
go extension,2,5,2,1.4032,3.147,0.191
address syntax,2,5,2,1.4032,3.147,0.168
block message,2,5,2,1.4032,3.147,0.105
remote object,2,5,2,1.4032,3.147,0.051
automatically rebased,2,5,2,1.4032,3.147,0.432
env local,2,5,2,1.4032,3.147,0.209
socket server,2,5,2,1.4032,3.147,0.175
wasm file,2,5,2,1.4032,3.147,0.258
header size,2,5,2,1.4032,3.147,0.214
setting the working,3,5,2,1.4032,3.147,0.264
registry the default,3,5,2,1.4032,3.147,0.159
set the package,3,5,2,1.4032,3.147,0.124
using the top,3,5,2,1.4032,3.147,0.076
currently being built,3,5,2,1.4032,3.147,0.450
used to explicitly,3,5,2,1.4032,3.147,0.177
parameter or return,3,5,2,1.4032,3.147,0.393
set this in,3,5,2,1.4032,3.147,0.086
specified as such,3,5,2,1.4032,3.147,0.269
inability to use,3,5,2,1.4032,3.147,0.355
use the custom,3,5,2,1.4032,3.147,0.071
see the dedicated,3,5,2,1.4032,3.147,0.321
version of json,3,5,2,1.4032,3.147,0.142
own property call,3,5,2,1.4032,3.147,0.309
function expression body,3,5,2,1.4032,3.147,0.377
order to aid,3,5,2,1.4032,3.147,0.449
call internal method,3,5,2,1.4032,3.147,0.391
ignore case true,3,5,2,1.4032,3.147,0.388
support by default,3,5,2,1.4032,3.147,0.099
include the scope,3,5,2,1.4032,3.147,0.263
based on standard,3,5,2,1.4032,3.147,0.156
sending the response,3,5,2,1.4032,3.147,0.358
simple and intuitive,3,5,2,1.4032,3.147,0.540
defined with async,3,5,2,1.4032,3.147,0.357
remember to pass,3,5,2,1.4032,3.147,0.341
module the file,3,5,2,1.4032,3.147,0.094
extending the previous,3,5,2,1.4032,3.147,0.453
update the data,3,5,2,1.4032,3.147,0.117
python web application,3,5,2,1.4032,3.147,0.287
possible to bind,3,5,2,1.4032,3.147,0.309
non privileged port,3,5,2,1.4032,3.147,0.519
machinery will try,3,5,2,1.4032,3.147,0.530
fail the test,3,5,2,1.4032,3.147,0.253
control flow graph,3,5,2,1.4032,3.147,0.454
use memo cache,3,5,2,1.4032,3.147,0.361
state in effects,3,5,2,1.4032,3.147,0.380
need to cache,3,5,2,1.4032,3.147,0.089
use with type,3,5,2,1.4032,3.147,0.179
create the root,3,5,2,1.4032,3.147,0.131
random or date,3,5,2,1.4032,3.147,0.570
use type script,3,5,2,1.4032,3.147,0.064
such as app,3,5,2,1.4032,3.147,0.056
go standard library,3,5,2,1.4032,3.147,0.244
detailed migration guide,3,5,2,1.4032,3.147,0.602
highlight in,2,6,3,1.3974,3.145,0.112
git use,2,6,3,1.3974,3.145,-0.143
stop reading,2,6,3,1.3974,3.145,0.286
install debug,2,6,3,1.3974,3.145,0.206
known good,2,6,3,1.3974,3.145,0.240
edge case,2,6,3,1.3974,3.145,0.246
loop like,2,6,3,1.3974,3.145,0.026
first problem,2,6,3,1.3974,3.145,0.047
another such,2,6,3,1.3974,3.145,0.043
native language,2,6,3,1.3974,3.145,0.240
please stop,2,6,3,1.3974,3.145,0.269
handled separately,2,6,3,1.3974,3.145,0.409
up like,2,6,3,1.3974,3.145,-0.037
another domain,2,6,3,1.3974,3.145,0.207
hard code,2,6,3,1.3974,3.145,0.094
class hierarchy,2,6,3,1.3974,3.145,0.249
use lower,2,6,3,1.3974,3.145,0.063
python flask,2,6,3,1.3974,3.145,0.113
url without,2,6,3,1.3974,3.145,0.094
get hold,2,6,3,1.3974,3.145,0.158
another environment,2,6,3,1.3974,3.145,0.081
show error,2,6,3,1.3974,3.145,0.035
multi threading,2,6,3,1.3974,3.145,0.454
usually contain,2,6,3,1.3974,3.145,0.222
code contained,2,6,3,1.3974,3.145,0.132
get added,2,6,3,1.3974,3.145,0.041
probably more,2,6,3,1.3974,3.145,0.085
include function,2,6,3,1.3974,3.145,-0.002
key collision,2,6,3,1.3974,3.145,0.402
quite easily,2,6,3,1.3974,3.145,0.351
preferred approach,2,6,3,1.3974,3.145,0.373
change something,2,6,3,1.3974,3.145,0.077
works internally,2,6,3,1.3974,3.145,0.264
date data,2,6,3,1.3974,3.145,0.033
another query,2,6,3,1.3974,3.145,0.070
single tag,2,6,3,1.3974,3.145,0.141
put anything,2,6,3,1.3974,3.145,0.225
code pen,2,6,3,1.3974,3.145,0.385
works much,2,6,3,1.3974,3.145,0.161
now made,2,6,3,1.3974,3.145,0.090
module needs,2,6,3,1.3974,3.145,0.098
immediately return,2,6,3,1.3974,3.145,0.156
intermediate table,2,6,3,1.3974,3.145,0.274
request type,2,6,3,1.3974,3.145,-0.026
clear enough,2,6,3,1.3974,3.145,0.304
using absolute,2,6,3,1.3974,3.145,0.127
page via,2,6,3,1.3974,3.145,0.143
above script,2,6,3,1.3974,3.145,0.073
keychain access,2,6,3,1.3974,3.145,0.421
help you out,3,6,3,1.3974,3.145,0.245
pipe the output,3,6,3,1.3974,3.145,0.363
up the tree,3,6,3,1.3974,3.145,0.254
cause the following,3,6,3,1.3974,3.145,0.115
flag is provided,3,6,3,1.3974,3.145,0.294
due to incompatibility,3,6,3,1.3974,3.145,0.546
want to retain,3,6,3,1.3974,3.145,0.304
clean it up,3,6,3,1.3974,3.145,0.462
control the server,3,6,3,1.3974,3.145,0.180
inclusive and exclusive,3,6,3,1.3974,3.145,0.775
come in handy,3,6,3,1.3974,3.145,0.595
attempt to delete,3,6,3,1.3974,3.145,0.308
file and use,3,6,3,1.3974,3.145,0.058
invoke the function,3,6,3,1.3974,3.145,0.255
state in react,3,6,3,1.3974,3.145,0.212
generate the same,3,6,3,1.3974,3.145,0.102
needs to pass,3,6,3,1.3974,3.145,0.177
able to show,3,6,3,1.3974,3.145,0.174
remove the last,3,6,3,1.3974,3.145,0.198
much more difficult,3,6,3,1.3974,3.145,0.443
like to update,3,6,3,1.3974,3.145,0.113
use case in,3,6,3,1.3974,3.145,0.010
run see,2,7,2,1.3904,3.143,-0.062
primary way,2,7,2,1.3904,3.143,0.152
env environment,2,7,2,1.3904,3.143,0.187
take additional,2,7,2,1.3904,3.143,0.158
fully specified,2,7,2,1.3904,3.143,0.227
build custom,2,7,2,1.3904,3.143,0.069
level information,2,7,2,1.3904,3.143,0.087
version support,2,7,2,1.3904,3.143,0.036
parameter default,2,7,2,1.3904,3.143,0.013
default without,2,7,2,1.3904,3.143,-0.018
meta property,2,7,2,1.3904,3.143,0.239
see message,2,7,2,1.3904,3.143,0.003
information necessary,2,7,2,1.3904,3.143,0.153
module like,2,7,2,1.3904,3.143,-0.030
id property,2,7,2,1.3904,3.143,0.106
error otherwise,2,7,2,1.3904,3.143,0.054
considered good,2,7,2,1.3904,3.143,0.252
debugger statement,2,7,2,1.3904,3.143,0.296
pre es,2,7,2,1.3904,3.143,0.334
iterator property,2,7,2,1.3904,3.143,0.169
generally safe,2,7,2,1.3904,3.143,0.289
confusion around,2,7,2,1.3904,3.143,0.374
cannot match,2,7,2,1.3904,3.143,0.127
removed without,2,7,2,1.3904,3.143,0.117
used unless,2,7,2,1.3904,3.143,0.085
use asynchronous,2,7,2,1.3904,3.143,0.056
global code,2,7,2,1.3904,3.143,0.011
brace pair,2,7,2,1.3904,3.143,0.551
boolean number,2,7,2,1.3904,3.143,0.160
database library,2,7,2,1.3904,3.143,0.086
default server,2,7,2,1.3904,3.143,-0.032
reflected on,2,7,2,1.3904,3.143,0.203
use base,2,7,2,1.3904,3.143,-0.030
new subscription,2,7,2,1.3904,3.143,0.171
handle authentication,2,7,2,1.3904,3.143,0.236
internal code,2,7,2,1.3904,3.143,0.046
key feature,2,7,2,1.3904,3.143,0.108
first import,2,7,2,1.3904,3.143,0.057
prefix include,2,7,2,1.3904,3.143,0.226
extra keyword,2,7,2,1.3904,3.143,0.221
request finished,2,7,2,1.3904,3.143,0.254
app use,2,7,2,1.3904,3.143,-0.087
executing arbitrary,2,7,2,1.3904,3.143,0.361
installed automatically,2,7,2,1.3904,3.143,0.165
extension object,2,7,2,1.3904,3.143,0.051
declarative approach,2,7,2,1.3904,3.143,0.435
test response,2,7,2,1.3904,3.143,0.056
value during,2,7,2,1.3904,3.143,0.012
same field,2,7,2,1.3904,3.143,-0.006
change across,2,7,2,1.3904,3.143,0.159
explicit encoding,2,7,2,1.3904,3.143,0.328
handling more,2,7,2,1.3904,3.143,0.081
enum int,2,7,2,1.3904,3.143,0.275
model see,2,7,2,1.3904,3.143,0.008
passing through,2,7,2,1.3904,3.143,0.190
tip learn,2,7,2,1.3904,3.143,0.357
own module,2,7,2,1.3904,3.143,0.078
module method,2,7,2,1.3904,3.143,-0.002
list default,2,7,2,1.3904,3.143,-0.031
managing state,2,7,2,1.3904,3.143,0.215
file scope,2,7,2,1.3904,3.143,-0.000
wired into,2,7,2,1.3904,3.143,0.392
directly see,2,7,2,1.3904,3.143,0.029
create temporary,2,7,2,1.3904,3.143,0.158
specific feature,2,7,2,1.3904,3.143,0.130
belong in,2,7,2,1.3904,3.143,0.110
abstraction over,2,7,2,1.3904,3.143,0.324
optimistic update,2,7,2,1.3904,3.143,0.343
timeout value,2,7,2,1.3904,3.143,0.136
runner api,2,7,2,1.3904,3.143,0.220
explicitly listed,2,7,2,1.3904,3.143,0.298
need to debug,3,7,2,1.3904,3.143,0.115
use the profile,3,7,2,1.3904,3.143,0.163
configuration file see,3,7,2,1.3904,3.143,0.134
debug environment variable,3,7,2,1.3904,3.143,0.272
file to ensure,3,7,2,1.3904,3.143,0.103
depend on other,3,7,2,1.3904,3.143,0.155
object for more,3,7,2,1.3904,3.143,0.030
time to complete,3,7,2,1.3904,3.143,0.252
file in order,3,7,2,1.3904,3.143,0.066
type by default,3,7,2,1.3904,3.143,0.005
make sense in,3,7,2,1.3904,3.143,0.069
following is true,3,7,2,1.3904,3.143,0.208
change in behavior,3,7,2,1.3904,3.143,0.325
app with multiple,3,7,2,1.3904,3.143,0.273
object you need,3,7,2,1.3904,3.143,0.016
running the server,3,7,2,1.3904,3.143,0.123
note this section,3,7,2,1.3904,3.143,0.200
tip learn more,3,7,2,1.3904,3.143,0.449
state by calling,3,7,2,1.3904,3.143,0.211
create and delete,3,7,2,1.3904,3.143,0.293
login using,2,8,2,1.3846,3.141,0.114
key relationship,2,8,2,1.3846,3.141,0.293
come out,2,8,2,1.3846,3.141,0.188
base context,2,8,2,1.3846,3.141,0.144
available online,2,8,2,1.3846,3.141,0.279
table such,2,8,2,1.3846,3.141,0.037
minimum length,2,8,2,1.3846,3.141,0.331
memory efficient,2,8,2,1.3846,3.141,0.271
id column,2,8,2,1.3846,3.141,0.153
see file,2,8,2,1.3846,3.141,-0.098
other process,2,8,2,1.3846,3.141,0.020
otherwise default,2,8,2,1.3846,3.141,0.068
apache web,2,8,2,1.3846,3.141,0.324
full table,2,8,2,1.3846,3.141,0.132
particular string,2,8,2,1.3846,3.141,0.082
client such,2,8,2,1.3846,3.141,0.067
image based,2,8,2,1.3846,3.141,0.102
automatically start,2,8,2,1.3846,3.141,0.111
date version,2,8,2,1.3846,3.141,0.080
critical part,2,8,2,1.3846,3.141,0.304
shell profile,2,8,2,1.3846,3.141,0.262
managing multiple,2,8,2,1.3846,3.141,0.257
different docker,2,8,2,1.3846,3.141,-0.037
vendor specific,2,8,2,1.3846,3.141,0.344
condition between,2,8,2,1.3846,3.141,0.200
power pc,2,8,2,1.3846,3.141,0.578
context create,2,8,2,1.3846,3.141,0.047
case letter,2,8,2,1.3846,3.141,0.237
trusted root,2,8,2,1.3846,3.141,0.327
single step,2,8,2,1.3846,3.141,0.171
branch track,2,8,2,1.3846,3.141,0.241
show more,2,8,2,1.3846,3.141,0.041
gave up,2,8,2,1.3846,3.141,0.297
stopped working,2,8,2,1.3846,3.141,0.309
sub process,2,8,2,1.3846,3.141,0.231
round up,2,8,2,1.3846,3.141,0.251
original repository,2,8,2,1.3846,3.141,0.177
correct use,2,8,2,1.3846,3.141,-0.040
extra space,2,8,2,1.3846,3.141,0.229
indicate success,2,8,2,1.3846,3.141,0.375
most general,2,8,2,1.3846,3.141,0.171
seen above,2,8,2,1.3846,3.141,0.221
basic multilingual,2,8,2,1.3846,3.141,0.637
multilingual plane,2,8,2,1.3846,3.141,0.890
formatting style,2,8,2,1.3846,3.141,0.292
become valid,2,8,2,1.3846,3.141,0.264
enclosing class,2,8,2,1.3846,3.141,0.316
base encoding,2,8,2,1.3846,3.141,0.235
string int,2,8,2,1.3846,3.141,0.110
approximately equivalent,2,8,2,1.3846,3.141,0.450
const int,2,8,2,1.3846,3.141,0.315
send output,2,8,2,1.3846,3.141,0.103
select distinct,2,8,2,1.3846,3.141,0.287
big table,2,8,2,1.3846,3.141,0.195
original table,2,8,2,1.3846,3.141,0.148
grant command,2,8,2,1.3846,3.141,0.252
name new,2,8,2,1.3846,3.141,-0.074
indentation level,2,8,2,1.3846,3.141,0.340
set something,2,8,2,1.3846,3.141,0.027
exception unless,2,8,2,1.3846,3.141,0.142
lot like,2,8,2,1.3846,3.141,0.086
run react,2,8,2,1.3846,3.141,0.000
foreign key relationship,3,8,2,1.3846,3.141,0.507
used the following,3,8,2,1.3846,3.141,-0.039
non null value,3,8,2,1.3846,3.141,0.229
calculate the number,3,8,2,1.3846,3.141,0.313
resolve this issue,3,8,2,1.3846,3.141,0.369
order of execution,3,8,2,1.3846,3.141,0.352
apache web server,3,8,2,1.3846,3.141,0.475
file is now,3,8,2,1.3846,3.141,0.096
docker hub account,3,8,2,1.3846,3.141,0.293
server on port,3,8,2,1.3846,3.141,0.360
save the image,3,8,2,1.3846,3.141,0.286
show or hide,3,8,2,1.3846,3.141,0.583
user visible behavior,3,8,2,1.3846,3.141,0.487
number of affected,3,8,2,1.3846,3.141,0.273
using the index,3,8,2,1.3846,3.141,0.062
move the cursor,3,8,2,1.3846,3.141,0.409
used with caution,3,8,2,1.3846,3.141,0.399
basic multilingual plane,3,8,2,1.3846,3.141,0.647
floating point representation,3,8,2,1.3846,3.141,0.406
up the prototype,3,8,2,1.3846,3.141,0.273
string of length,3,8,2,1.3846,3.141,0.362
want to subtract,3,8,2,1.3846,3.141,0.341
escaped by doubling,3,8,2,1.3846,3.141,0.731
want to examine,3,8,2,1.3846,3.141,0.262
compatible with python,3,8,2,1.3846,3.141,0.214
flag is true,3,8,2,1.3846,3.141,0.277
distributed through,2,9,2,1.3775,3.139,0.333
change based,2,5,3,1.3781,3.139,0.079
index format,2,9,2,1.3775,3.139,0.085
existing contents,2,9,2,1.3775,3.139,0.202
like open,2,9,2,1.3775,3.139,0.019
value note,2,9,2,1.3775,3.139,-0.055
key type,2,9,2,1.3775,3.139,-0.028
registry server,2,9,2,1.3775,3.139,0.117
case conversion,2,9,2,1.3775,3.139,0.195
per page,2,9,2,1.3775,3.139,0.172
current default,2,9,2,1.3775,3.139,0.002
file run,2,9,2,1.3775,3.139,-0.085
app fully,2,9,2,1.3775,3.139,0.214
fully implemented,2,9,2,1.3775,3.139,0.330
value comes,2,5,3,1.3781,3.139,0.095
context argument,2,9,2,1.3775,3.139,0.102
variable foo,2,9,2,1.3775,3.139,0.141
language name,2,9,2,1.3775,3.139,0.054
mode argument,2,9,2,1.3775,3.139,0.097
used most,2,5,3,1.3781,3.139,-0.011
match more,2,9,2,1.3775,3.139,0.014
tool such,2,9,2,1.3775,3.139,0.136
note use,2,9,2,1.3775,3.139,-0.098
optional parameter,2,9,2,1.3775,3.139,0.162
following tables,2,5,3,1.3781,3.139,0.119
defined without,2,5,3,1.3781,3.139,0.067
inside parentheses,2,5,3,1.3781,3.139,0.248
constant expression,2,5,3,1.3781,3.139,0.263
less obvious,2,5,3,1.3781,3.139,0.372
variable reference,2,9,2,1.3775,3.139,0.045
produce two,2,5,3,1.3781,3.139,0.175
common technique,2,5,3,1.3781,3.139,0.291
without saving,2,5,3,1.3781,3.139,0.268
argument text,2,5,3,1.3781,3.139,0.084
own pace,2,9,2,1.3775,3.139,0.506
project see,2,9,2,1.3775,3.139,0.001
support form,2,9,2,1.3775,3.139,0.098
minimum size,2,9,2,1.3775,3.139,0.304
file sizes,2,9,2,1.3775,3.139,0.215
strict content,2,9,2,1.3775,3.139,0.224
everything under,2,5,3,1.3781,3.139,0.250
see several,2,5,3,1.3781,3.139,0.077
set above,2,5,3,1.3781,3.139,0.026
find many,2,5,3,1.3781,3.139,0.101
database directly,2,9,2,1.3775,3.139,0.100
type different,2,5,3,1.3781,3.139,-0.051
password secret,2,9,2,1.3775,3.139,0.319
use sessions,2,9,2,1.3775,3.139,0.143
log response,2,9,2,1.3775,3.139,0.141
global data,2,9,2,1.3775,3.139,0.048
set debug,2,9,2,1.3775,3.139,0.087
new concept,2,5,3,1.3781,3.139,0.159
existing server,2,9,2,1.3775,3.139,0.085
value needs,2,5,3,1.3781,3.139,0.014
similar fashion,2,5,3,1.3781,3.139,0.404
python comes,2,9,2,1.3775,3.139,0.157
ensure consistency,2,9,2,1.3775,3.139,0.369
consistency between,2,9,2,1.3775,3.139,0.298
server during,2,9,2,1.3775,3.139,0.082
development use,2,9,2,1.3775,3.139,-0.002
handler set,2,9,2,1.3775,3.139,0.089
especially helpful,2,5,3,1.3781,3.139,0.376
cache get,2,9,2,1.3775,3.139,0.068
own needs,2,5,3,1.3781,3.139,0.146
text within,2,5,3,1.3781,3.139,0.112
temporary database,2,5,3,1.3781,3.139,0.208
name associated,2,5,3,1.3781,3.139,0.106
default meaning,2,5,3,1.3781,3.139,0.130
underlying socket,2,9,2,1.3775,3.139,0.357
use list,2,9,2,1.3775,3.139,-0.109
invalid code,2,5,3,1.3781,3.139,0.067
module package,2,9,2,1.3775,3.139,0.048
format supported,2,9,2,1.3775,3.139,0.150
converted using,2,9,2,1.3775,3.139,0.107
float object,2,9,2,1.3775,3.139,0.165
name alias,2,9,2,1.3775,3.139,0.125
parent classes,2,9,2,1.3775,3.139,0.210
data associated,2,5,3,1.3781,3.139,0.090
field directly,2,5,3,1.3781,3.139,0.092
fail early,2,5,3,1.3781,3.139,0.322
optionally take,2,9,2,1.3775,3.139,0.282
float value,2,9,2,1.3775,3.139,0.149
dynamically using,2,9,2,1.3775,3.139,0.144
file archive,2,9,2,1.3775,3.139,0.161
os environ,2,9,2,1.3775,3.139,0.477
define two,2,9,2,1.3775,3.139,0.094
type help,2,5,3,1.3781,3.139,0.013
mode instead,2,9,2,1.3775,3.139,0.058
unique per,2,9,2,1.3775,3.139,0.252
once during,2,9,2,1.3775,3.139,0.149
changed instead,2,5,3,1.3781,3.139,0.106
unwanted side,2,9,2,1.3775,3.139,0.428
more modular,2,5,3,1.3781,3.139,0.321
considered in,2,9,2,1.3775,3.139,-0.047
execution order,2,9,2,1.3775,3.139,0.179
err write,2,9,2,1.3775,3.139,0.240
key data,2,9,2,1.3775,3.139,-0.018
use direct,2,9,2,1.3775,3.139,0.087
ref value,2,5,3,1.3781,3.139,0.058
proper error,2,5,3,1.3781,3.139,0.166
error result,2,5,3,1.3781,3.139,-0.023
perform side,2,9,2,1.3775,3.139,0.243
useful data,2,5,3,1.3781,3.139,0.020
without react,2,9,2,1.3775,3.139,0.041
two key,2,5,3,1.3781,3.139,0.042
like moving,2,5,3,1.3781,3.139,0.166
contain other,2,9,2,1.3775,3.139,0.072
failure action,2,9,2,1.3775,3.139,0.210
become out,2,5,3,1.3781,3.139,0.189
cached result,2,9,2,1.3775,3.139,0.221
id select,2,9,2,1.3775,3.139,0.117
entire component,2,9,2,1.3775,3.139,0.196
second half,2,5,3,1.3781,3.139,0.349
otherwise empty,2,5,3,1.3781,3.139,0.191
common feature,2,5,3,1.3781,3.139,0.148
provide such,2,5,3,1.3781,3.139,0.077
more confidence,2,9,2,1.3775,3.139,0.322
now defined,2,5,3,1.3781,3.139,0.040
get server,2,9,2,1.3775,3.139,-0.022
state first,2,9,2,1.3775,3.139,-0.023
two most,2,9,2,1.3775,3.139,0.047
get none,2,5,3,1.3781,3.139,0.083
operation needs,2,5,3,1.3781,3.139,0.185
automatically loaded,2,9,2,1.3775,3.139,0.236
corresponding module,2,9,2,1.3775,3.139,0.167
true flag,2,9,2,1.3775,3.139,0.112
expected to happen,3,5,3,1.3781,3.139,0.367
built in list,3,9,2,1.3775,3.139,0.121
change based on,3,5,3,1.3781,3.139,0.114
value in other,3,5,3,1.3781,3.139,0.088
code to allow,3,5,3,1.3781,3.139,0.080
more than half,3,5,3,1.3781,3.139,0.414
type you want,3,5,3,1.3781,3.139,-0.016
used to optimize,3,9,2,1.3775,3.139,0.267
file the default,3,9,2,1.3775,3.139,-0.018
expression whose value,3,5,3,1.3781,3.139,0.405
without any extra,3,9,2,1.3775,3.139,0.305
limiting the number,3,5,3,1.3781,3.139,0.429
name is set,3,9,2,1.3775,3.139,0.112
want to adjust,3,5,3,1.3781,3.139,0.245
set of key,3,9,2,1.3775,3.139,0.159
function is executed,3,9,2,1.3775,3.139,0.163
receive the same,3,9,2,1.3775,3.139,0.130
closing the connection,3,5,3,1.3781,3.139,0.453
create the tables,3,5,3,1.3781,3.139,0.280
version of pip,3,5,3,1.3781,3.139,0.326
data is read,3,5,3,1.3781,3.139,0.224
provide the path,3,5,3,1.3781,3.139,0.219
split into multiple,3,9,2,1.3775,3.139,0.410
server to another,3,5,3,1.3781,3.139,0.207
none is returned,3,9,2,1.3775,3.139,0.338
output is going,3,5,3,1.3781,3.139,0.251
option is similar,3,5,3,1.3781,3.139,0.209
find it helpful,3,9,2,1.3775,3.139,0.485
used to populate,3,9,2,1.3775,3.139,0.328
under the current,3,5,3,1.3781,3.139,0.172
argument to specify,3,9,2,1.3775,3.139,0.179
note that like,3,5,3,1.3781,3.139,0.016
defined to return,3,5,3,1.3781,3.139,0.216
unwanted side effects,3,9,2,1.3775,3.139,0.546
perform side effects,3,9,2,1.3775,3.139,0.361
check them out,3,5,3,1.3781,3.139,0.414
more granular level,3,5,3,1.3781,3.139,0.452
rendering the component,3,9,2,1.3775,3.139,0.343
use the select,3,5,3,1.3781,3.139,0.066
store data in,3,9,2,1.3775,3.139,0.190
value the current,3,5,3,1.3781,3.139,-0.011
indicate the current,3,5,3,1.3781,3.139,0.240
possible to import,3,9,2,1.3775,3.139,0.196
removing the need,3,9,2,1.3775,3.139,0.253
over the data,3,5,3,1.3781,3.139,0.122
take some action,3,5,3,1.3781,3.139,0.389
default when using,3,5,3,1.3781,3.139,0.093
such as import,3,5,3,1.3781,3.139,0.100
module use,2,11,2,1.3647,3.135,-0.098
fetch in,2,11,2,1.3647,3.135,-0.081
file within,2,11,2,1.3647,3.135,0.005
obtain information,2,11,2,1.3647,3.135,0.279
different image,2,11,2,1.3647,3.135,0.044
token using,2,11,2,1.3647,3.135,0.053
fetch depth,2,11,2,1.3647,3.135,0.356
configuration used,2,11,2,1.3647,3.135,-0.018
assignment target,2,11,2,1.3647,3.135,0.243
reflect set,2,11,2,1.3647,3.135,0.226
fix potential,2,11,2,1.3647,3.135,0.244
value auto,2,11,2,1.3647,3.135,0.085
loose equality,2,11,2,1.3647,3.135,0.514
task result,2,11,2,1.3647,3.135,0.168
python int,2,11,2,1.3647,3.135,0.123
field primary,2,11,2,1.3647,3.135,0.183
mode use,2,11,2,1.3647,3.135,-0.054
decimal field,2,11,2,1.3647,3.135,0.218
block tag,2,11,2,1.3647,3.135,0.160
id set,2,11,2,1.3647,3.135,0.024
support use,2,11,2,1.3647,3.135,-0.077
ignore whitespace,2,11,2,1.3647,3.135,0.293
contain non,2,11,2,1.3647,3.135,0.165
first positional,2,11,2,1.3647,3.135,0.244
type statement,2,11,2,1.3647,3.135,0.011
line string,2,11,2,1.3647,3.135,-0.019
request argument,2,11,2,1.3647,3.135,0.068
new implementation,2,11,2,1.3647,3.135,0.040
resource warning,2,11,2,1.3647,3.135,0.264
file logging,2,11,2,1.3647,3.135,0.094
given function,2,11,2,1.3647,3.135,-0.015
valid react,2,11,2,1.3647,3.135,0.115
boundary between,2,11,2,1.3647,3.135,0.283
check function,2,11,2,1.3647,3.135,-0.039
binding pattern,2,11,2,1.3647,3.135,0.276
value equality,2,11,2,1.3647,3.135,0.153
post save,2,11,2,1.3647,3.135,0.209
primary query,2,11,2,1.3647,3.135,0.186
first react,2,11,2,1.3647,3.135,0.013
commit timestamp,2,11,2,1.3647,3.135,0.284
authentication mechanism,2,11,2,1.3647,3.135,0.339
cloud integration,2,11,2,1.3647,3.135,0.355
next run,2,11,2,1.3647,3.135,0.033
socket path,2,11,2,1.3647,3.135,0.177
ai coding,2,11,2,1.3647,3.135,0.485
prefix option,2,11,2,1.3647,3.135,0.143
require special,2,11,2,1.3647,3.135,0.223
application make,2,11,2,1.3647,3.135,0.021
overridden using,2,11,2,1.3647,3.135,0.151
custom name,2,7,2,1.3653,3.135,0.031
incorporated into,2,7,2,1.3653,3.135,0.411
entire history,2,7,2,1.3653,3.135,0.292
address associated,2,7,2,1.3653,3.135,0.244
prevent data,2,7,2,1.3653,3.135,0.094
other important,2,7,2,1.3653,3.135,0.071
method calling,2,7,2,1.3653,3.135,0.073
url name,2,7,2,1.3653,3.135,0.044
consistent interface,2,7,2,1.3653,3.135,0.303
site name,2,7,2,1.3653,3.135,0.117
again note,2,7,2,1.3653,3.135,0.109
user without,2,7,2,1.3653,3.135,0.017
new ref,2,7,2,1.3653,3.135,0.082
expression such,2,7,2,1.3653,3.135,0.065
write error,2,7,2,1.3653,3.135,-0.008
expression without,2,7,2,1.3653,3.135,0.078
use filter,2,7,2,1.3653,3.135,0.022
simple form,2,7,2,1.3653,3.135,0.153
double clicking,2,7,2,1.3653,3.135,0.411
first define,2,7,2,1.3653,3.135,0.069
freely available,2,7,2,1.3653,3.135,0.411
file currently,2,7,2,1.3653,3.135,0.055
workflow using,2,7,2,1.3653,3.135,0.164
better security,2,7,2,1.3653,3.135,0.196
first stage,2,7,2,1.3653,3.135,0.192
starting new,2,7,2,1.3653,3.135,0.083
hugging face,2,7,2,1.3653,3.135,0.839
new account,2,7,2,1.3653,3.135,0.117
shell configuration,2,7,2,1.3653,3.135,0.133
exclusive access,2,7,2,1.3653,3.135,0.334
available data,2,7,2,1.3653,3.135,-0.004
use operating,2,7,2,1.3653,3.135,0.056
user rather,2,7,2,1.3653,3.135,0.081
data out,2,7,2,1.3653,3.135,-0.032
small part,2,7,2,1.3653,3.135,0.202
unique primary,2,7,2,1.3653,3.135,0.294
git default,2,7,2,1.3653,3.135,-0.068
sometimes used,2,7,2,1.3653,3.135,0.086
serial execution,2,7,2,1.3653,3.135,0.438
like text,2,7,2,1.3653,3.135,-0.000
often helpful,2,7,2,1.3653,3.135,0.305
other primitive,2,7,2,1.3653,3.135,0.173
different module,2,7,2,1.3653,3.135,0.020
carrying out,2,7,2,1.3653,3.135,0.453
later call,2,7,2,1.3653,3.135,0.058
lazy meaning,2,7,2,1.3653,3.135,0.405
single inheritance,2,7,2,1.3653,3.135,0.247
more other,2,7,2,1.3653,3.135,-0.078
scalar type,2,7,2,1.3653,3.135,0.238
therefore cannot,2,7,2,1.3653,3.135,0.204
new concurrent,2,7,2,1.3653,3.135,0.169
type keyword,2,7,2,1.3653,3.135,0.063
text processing,2,7,2,1.3653,3.135,0.224
basic api,2,7,2,1.3653,3.135,0.155
use the form,3,11,2,1.3647,3.135,0.061
during an update,3,11,2,1.3647,3.135,0.360
used to start,3,11,2,1.3647,3.135,0.103
using the context,3,11,2,1.3647,3.135,0.090
non capturing group,3,11,2,1.3647,3.135,0.437
promise is pending,3,11,2,1.3647,3.135,0.531
file is present,3,11,2,1.3647,3.135,0.206
attribute is used,3,11,2,1.3647,3.135,0.181
field primary key,3,11,2,1.3647,3.135,0.261
easy to add,3,11,2,1.3647,3.135,0.175
first positional argument,3,11,2,1.3647,3.135,0.351
tool for defining,3,11,2,1.3647,3.135,0.484
need to invoke,3,11,2,1.3647,3.135,0.223
order to help,3,11,2,1.3647,3.135,0.207
react compiler runtime,3,11,2,1.3647,3.135,0.353
memo use callback,3,11,2,1.3647,3.135,0.602
object is returned,3,11,2,1.3647,3.135,0.177
more than million,3,11,2,1.3647,3.135,0.437
such as node,3,11,2,1.3647,3.135,0.076
application make sure,3,11,2,1.3647,3.135,0.140
changed to use,3,11,2,1.3647,3.135,0.099
up the value,3,7,2,1.3653,3.135,0.053
use the filter,3,7,2,1.3653,3.135,0.139
determine the number,3,7,2,1.3653,3.135,0.259
more recent version,3,7,2,1.3653,3.135,0.353
keep the old,3,7,2,1.3653,3.135,0.263
limit the amount,3,7,2,1.3653,3.135,0.410
match the first,3,7,2,1.3653,3.135,0.091
repository the name,3,7,2,1.3653,3.135,0.156
create and run,3,7,2,1.3653,3.135,0.173
run this script,3,7,2,1.3653,3.135,0.243
using dot notation,3,7,2,1.3653,3.135,0.294
use the shorthand,3,7,2,1.3653,3.135,0.268
use operating system,3,7,2,1.3653,3.135,0.084
string to get,3,7,2,1.3653,3.135,0.053
currently in use,3,7,2,1.3653,3.135,0.235
file to read,3,7,2,1.3653,3.135,0.083
git commit command,3,7,2,1.3653,3.135,0.232
forgot to update,3,7,2,1.3653,3.135,0.341
string the first,3,7,2,1.3653,3.135,0.015
attempt to set,3,7,2,1.3653,3.135,0.147
true the value,3,7,2,1.3653,3.135,0.090
nonzero exit status,3,7,2,1.3653,3.135,0.602
reading this chapter,3,7,2,1.3653,3.135,0.350
return the length,3,7,2,1.3653,3.135,0.231
run to completion,3,7,2,1.3653,3.135,0.358
match the code,3,7,2,1.3653,3.135,0.087
presentation logic,2,5,2,1.3489,3.130,0.406
significantly less,2,5,2,1.3489,3.130,0.381
really good,2,5,2,1.3489,3.130,0.221
fire up,2,5,2,1.3489,3.130,0.299
asynchronous nature,2,5,2,1.3489,3.130,0.457
near future,2,5,2,1.3489,3.130,0.381
value dict,2,5,2,1.3489,3.130,0.083
exception method,2,5,2,1.3489,3.130,-0.006
crash due,2,5,2,1.3489,3.130,0.192
revert back,2,5,2,1.3489,3.130,0.331
safely use,2,5,2,1.3489,3.130,0.096
compelling reason,2,5,2,1.3489,3.130,0.540
much effort,2,5,2,1.3489,3.130,0.340
argument works,2,5,2,1.3489,3.130,0.104
safe enough,2,5,2,1.3489,3.130,0.277
same kernel,2,5,2,1.3489,3.130,0.197
running correctly,2,5,2,1.3489,3.130,0.157
other stuff,2,5,2,1.3489,3.130,0.214
application flow,2,5,2,1.3489,3.130,0.198
web client,2,5,2,1.3489,3.130,0.148
up error,2,5,2,1.3489,3.130,-0.043
account name,2,5,2,1.3489,3.130,0.128
outdated version,2,5,2,1.3489,3.130,0.314
certificate information,2,5,2,1.3489,3.130,0.218
current setup,2,5,2,1.3489,3.130,0.167
version error,2,5,2,1.3489,3.130,-0.051
docker crash,2,5,2,1.3489,3.130,0.018
memory statistics,2,5,2,1.3489,3.130,0.267
local computer,2,5,2,1.3489,3.130,0.249
write on,2,5,2,1.3489,3.130,-0.079
key sequence,2,5,2,1.3489,3.130,0.164
use unless,2,5,2,1.3489,3.130,0.017
simply using,2,5,2,1.3489,3.130,0.058
file back,2,5,2,1.3489,3.130,0.022
another shell,2,5,2,1.3489,3.130,0.143
input until,2,5,2,1.3489,3.130,0.173
file copy,2,5,2,1.3489,3.130,0.021
redirect stderr,2,5,2,1.3489,3.130,0.448
load store,2,5,2,1.3489,3.130,0.172
following setting,2,5,2,1.3489,3.130,0.070
real reason,2,5,2,1.3489,3.130,0.238
buried in,2,5,2,1.3489,3.130,0.276
landed in,2,5,2,1.3489,3.130,0.221
basically means,2,5,2,1.3489,3.130,0.264
script resource,2,5,2,1.3489,3.130,0.157
particular exception,2,5,2,1.3489,3.130,0.111
syntax mistake,2,5,2,1.3489,3.130,0.274
array during,2,5,2,1.3489,3.130,0.093
trace information,2,5,2,1.3489,3.130,0.192
current stack,2,5,2,1.3489,3.130,0.129
try deleting,2,5,2,1.3489,3.130,0.309
string except,2,5,2,1.3489,3.130,0.101
situation like,2,5,2,1.3489,3.130,0.133
main problem,2,5,2,1.3489,3.130,0.123
specific encoding,2,5,2,1.3489,3.130,0.202
event viewer,2,5,2,1.3489,3.130,0.452
temp table,2,5,2,1.3489,3.130,0.319
sequence name,2,5,2,1.3489,3.130,0.104
element name,2,5,2,1.3489,3.130,0.037
other memory,2,5,2,1.3489,3.130,0.025
short version,2,5,2,1.3489,3.130,0.126
using insert,2,5,2,1.3489,3.130,0.073
statement object,2,5,2,1.3489,3.130,0.016
other element,2,5,2,1.3489,3.130,0.033
initial setting,2,5,2,1.3489,3.130,0.202
more application,2,5,2,1.3489,3.130,-0.022
less overhead,2,5,2,1.3489,3.130,0.342
two output,2,5,2,1.3489,3.130,0.006
use system,2,5,2,1.3489,3.130,-0.071
count on,2,5,2,1.3489,3.130,0.016
variable argument,2,5,2,1.3489,3.130,0.051
exception system,2,5,2,1.3489,3.130,0.052
library developer,2,5,2,1.3489,3.130,0.236
run bash,2,5,2,1.3489,3.130,0.202
trivial task,2,5,2,1.3489,3.130,0.405
lazy programmer,2,5,2,1.3489,3.130,0.468
write permission,2,5,2,1.3489,3.130,0.254
load method,2,5,2,1.3489,3.130,0.111
vertical scroll,2,5,2,1.3489,3.130,0.604
statement outside,2,5,2,1.3489,3.130,0.198
same box,2,5,2,1.3489,3.130,0.114
inline style,2,5,2,1.3489,3.130,0.297
asynchronous data,2,5,2,1.3489,3.130,0.117
reporting system,2,5,2,1.3489,3.130,0.262
reset the database,3,5,2,1.3489,3.130,0.291
get to use,3,5,2,1.3489,3.130,-0.032
find the file,3,5,2,1.3489,3.130,0.111
mime type text,3,5,2,1.3489,3.130,0.398
following code in,3,5,2,1.3489,3.130,0.013
little more complicated,3,5,2,1.3489,3.130,0.463
note this method,3,5,2,1.3489,3.130,0.190
through the list,3,5,2,1.3489,3.130,0.150
model class name,3,5,2,1.3489,3.130,0.297
whenever you use,3,5,2,1.3489,3.130,0.178
class to make,3,5,2,1.3489,3.130,0.074
use it like,3,5,2,1.3489,3.130,0.092
info or debug,3,5,2,1.3489,3.130,0.555
command the container,3,5,2,1.3489,3.130,0.112
use an image,3,5,2,1.3489,3.130,0.092
remove the image,3,5,2,1.3489,3.130,0.220
trying to convert,3,5,2,1.3489,3.130,0.248
want to achieve,3,5,2,1.3489,3.130,0.204
try to build,3,5,2,1.3489,3.130,0.114
pip is installed,3,5,2,1.3489,3.130,0.492
crash the application,3,5,2,1.3489,3.130,0.188
add the directory,3,5,2,1.3489,3.130,0.161
use of in,3,5,2,1.3489,3.130,-0.078
see the relevant,3,5,2,1.3489,3.130,0.205
parent child relationship,3,5,2,1.3489,3.130,0.596
divided into two,3,5,2,1.3489,3.130,0.417
ask the user,3,5,2,1.3489,3.130,0.259
attribute to determine,3,5,2,1.3489,3.130,0.277
out in other,3,5,2,1.3489,3.130,0.171
able to differentiate,3,5,2,1.3489,3.130,0.450
way to stop,3,5,2,1.3489,3.130,0.198
want to ask,3,5,2,1.3489,3.130,0.165
order to take,3,5,2,1.3489,3.130,0.204
way of thinking,3,5,2,1.3489,3.130,0.445
exception handling code,3,5,2,1.3489,3.130,0.192
inversion of control,3,5,2,1.3489,3.130,0.573
base class constructor,3,5,2,1.3489,3.130,0.352
throwing the error,3,5,2,1.3489,3.130,0.319
instead of single,3,5,2,1.3489,3.130,0.088
trial and error,3,5,2,1.3489,3.130,0.418
need to append,3,5,2,1.3489,3.130,0.235
passing by value,3,5,2,1.3489,3.130,0.394
twice as fast,3,5,2,1.3489,3.130,0.536
write it like,3,5,2,1.3489,3.130,0.291
need to flush,3,5,2,1.3489,3.130,0.265
kill the process,3,5,2,1.3489,3.130,0.437
free to modify,3,5,2,1.3489,3.130,0.354
classes that inherit,3,5,2,1.3489,3.130,0.523
vertical scroll bar,3,5,2,1.3489,3.130,0.675
figure this out,3,5,2,1.3489,3.130,0.470
above and use,3,5,2,1.3489,3.130,0.207
single package,2,6,3,1.3419,3.128,0.074
properly set,2,6,3,1.3419,3.128,0.147
single variable,2,6,3,1.3419,3.128,0.053
additional output,2,6,3,1.3419,3.128,0.081
supported natively,2,6,3,1.3419,3.128,0.421
following package,2,6,3,1.3419,3.128,0.030
immediately obvious,2,6,3,1.3419,3.128,0.401
primary difference,2,6,3,1.3419,3.128,0.282
break on,2,6,3,1.3419,3.128,0.035
prevent other,2,6,3,1.3419,3.128,0.105
global setting,2,6,3,1.3419,3.128,0.167
type undefined,2,6,3,1.3419,3.128,0.076
manually enable,2,6,3,1.3419,3.128,0.250
method therefore,2,6,3,1.3419,3.128,0.117
return another,2,6,3,1.3419,3.128,0.041
declaration like,2,6,3,1.3419,3.128,0.101
use extra,2,6,3,1.3419,3.128,-0.013
variable default,2,6,3,1.3419,3.128,-0.023
await operator,2,6,3,1.3419,3.128,0.253
instead define,2,6,3,1.3419,3.128,0.079
invalid configuration,2,6,3,1.3419,3.128,0.178
start running,2,6,3,1.3419,3.128,0.077
running instance,2,6,3,1.3419,3.128,0.075
auto completion,2,6,3,1.3419,3.128,0.368
field instead,2,6,3,1.3419,3.128,0.025
bit differently,2,6,3,1.3419,3.128,0.329
times using,2,6,3,1.3419,3.128,0.031
infinite stream,2,6,3,1.3419,3.128,0.371
production level,2,6,3,1.3419,3.128,0.201
app instead,2,6,3,1.3419,3.128,0.021
longer directly,2,6,3,1.3419,3.128,0.165
using middleware,2,6,3,1.3419,3.128,0.029
never executed,2,6,3,1.3419,3.128,0.219
play around,2,6,3,1.3419,3.128,0.349
session use,2,6,3,1.3419,3.128,0.011
new tables,2,6,3,1.3419,3.128,0.076
url query,2,6,3,1.3419,3.128,0.104
programming experience,2,6,3,1.3419,3.128,0.348
regex engine,2,6,3,1.3419,3.128,0.375
goes beyond,2,6,3,1.3419,3.128,0.392
minimal overhead,2,6,3,1.3419,3.128,0.451
desired type,2,6,3,1.3419,3.128,0.138
use make,2,6,3,1.3419,3.128,-0.113
define different,2,6,3,1.3419,3.128,0.085
cross reference,2,6,3,1.3419,3.128,0.233
test without,2,6,3,1.3419,3.128,-0.001
option flag,2,6,3,1.3419,3.128,0.054
basic level,2,6,3,1.3419,3.128,0.204
torn down,2,6,3,1.3419,3.128,0.612
component logic,2,6,3,1.3419,3.128,0.139
case see,2,6,3,1.3419,3.128,-0.038
performance issue,2,6,3,1.3419,3.128,0.160
complete build,2,6,3,1.3419,3.128,0.134
like name,2,6,3,1.3419,3.128,-0.079
best place,2,6,3,1.3419,3.128,0.215
correlation between,2,6,3,1.3419,3.128,0.482
using next,2,6,3,1.3419,3.128,-0.017
time something,2,6,3,1.3419,3.128,0.037
key get,2,6,3,1.3419,3.128,0.003
transform data,2,6,3,1.3419,3.128,0.174
state works,2,6,3,1.3419,3.128,0.053
now added,2,6,3,1.3419,3.128,0.050
list app,2,6,3,1.3419,3.128,0.024
works under,2,6,3,1.3419,3.128,0.179
general approach,2,6,3,1.3419,3.128,0.268
more understandable,2,6,3,1.3419,3.128,0.348
task scheduler,2,6,3,1.3419,3.128,0.477
circular dependency,2,6,3,1.3419,3.128,0.390
plan to support,3,6,3,1.3419,3.128,0.338
foo and bar,3,6,3,1.3419,3.128,0.543
use the node,3,6,3,1.3419,3.128,0.049
line and column,3,6,3,1.3419,3.128,0.351
using the corresponding,3,6,3,1.3419,3.128,0.119
number of classes,3,6,3,1.3419,3.128,0.162
referenced by name,3,6,3,1.3419,3.128,0.263
order of precedence,3,6,3,1.3419,3.128,0.436
using the parameter,3,6,3,1.3419,3.128,0.072
know you need,3,6,3,1.3419,3.128,0.117
pip to install,3,6,3,1.3419,3.128,0.395
class as well,3,6,3,1.3419,3.128,0.093
application will use,3,6,3,1.3419,3.128,0.205
code as possible,3,6,3,1.3419,3.128,0.123
option to add,3,6,3,1.3419,3.128,0.088
exact same function,3,6,3,1.3419,3.128,0.191
once the user,3,6,3,1.3419,3.128,0.153
needs to interact,3,6,3,1.3419,3.128,0.342
let the browser,3,6,3,1.3419,3.128,0.256
hurt performance,2,8,3,1.3290,3.124,0.513
build multiple,2,8,3,1.3290,3.124,0.033
cannot control,2,8,3,1.3290,3.124,0.156
full version,2,8,3,1.3290,3.124,0.094
application start,2,8,3,1.3290,3.124,0.065
without rebuilding,2,8,3,1.3290,3.124,0.389
const variable,2,8,3,1.3290,3.124,0.195
run unless,2,8,3,1.3290,3.124,0.102
per instance,2,8,3,1.3290,3.124,0.156
code around,2,8,3,1.3290,3.124,0.021
following class,2,8,3,1.3290,3.124,0.003
usually best,2,8,3,1.3290,3.124,0.221
dynamic loading,2,8,3,1.3290,3.124,0.365
declared variable,2,8,3,1.3290,3.124,0.164
cause property,2,8,3,1.3290,3.124,0.153
catch handler,2,8,3,1.3290,3.124,0.224
property see,2,8,3,1.3290,3.124,0.008
code comment,2,8,3,1.3290,3.124,0.046
whitespace separated,2,8,3,1.3290,3.124,0.376
left unspecified,2,8,3,1.3290,3.124,0.434
response time,2,8,3,1.3290,3.124,0.046
get many,2,8,3,1.3290,3.124,0.012
generic error,2,8,3,1.3290,3.124,0.063
interface between,2,8,3,1.3290,3.124,0.172
helper class,2,8,3,1.3290,3.124,0.204
create empty,2,8,3,1.3290,3.124,0.070
different machine,2,8,3,1.3290,3.124,0.137
potential security,2,8,3,1.3290,3.124,0.283
send out,2,8,3,1.3290,3.124,0.120
disk based,2,8,3,1.3290,3.124,0.230
use streaming,2,8,3,1.3290,3.124,0.117
never happen,2,8,3,1.3290,3.124,0.241
potentially unsafe,2,8,3,1.3290,3.124,0.380
form instead,2,8,3,1.3290,3.124,0.061
default using,2,8,3,1.3290,3.124,-0.111
later point,2,8,3,1.3290,3.124,0.116
new mechanism,2,8,3,1.3290,3.124,0.141
python setup,2,8,3,1.3290,3.124,0.123
name change,2,8,3,1.3290,3.124,-0.018
internal name,2,8,3,1.3290,3.124,0.096
system file,2,8,3,1.3290,3.124,-0.021
non fatal,2,8,3,1.3290,3.124,0.304
declaration syntax,2,8,3,1.3290,3.124,0.204
implementation level,2,8,3,1.3290,3.124,0.140
props react,2,8,3,1.3290,3.124,0.187
state immediately,2,8,3,1.3290,3.124,0.137
project add,2,8,3,1.3290,3.124,0.031
unexpected ways,2,8,3,1.3290,3.124,0.338
standard function,2,8,3,1.3290,3.124,-0.019
user action,2,8,3,1.3290,3.124,0.055
page component,2,8,3,1.3290,3.124,0.111
page content,2,8,3,1.3290,3.124,0.145
minimum amount,2,8,3,1.3290,3.124,0.386
information using,2,8,3,1.3290,3.124,-0.050
render again,2,8,3,1.3290,3.124,0.197
chat app,2,8,3,1.3290,3.124,0.280
opening up,2,8,3,1.3290,3.124,0.240
parent object,2,8,3,1.3290,3.124,0.047
app works,2,8,3,1.3290,3.124,0.087
re implement,2,8,3,1.3290,3.124,0.177
page until,2,8,3,1.3290,3.124,0.168
quite common,2,8,3,1.3290,3.124,0.248
given command,2,8,3,1.3290,3.124,0.043
object outside,2,8,3,1.3290,3.124,0.075
function taking,2,8,3,1.3290,3.124,0.127
server environment,2,8,3,1.3290,3.124,0.039
used to help,3,8,3,1.3290,3.124,0.125
file is missing,3,8,3,1.3290,3.124,0.220
download and run,3,8,3,1.3290,3.124,0.329
issue an error,3,8,3,1.3290,3.124,0.132
attempt to fetch,3,8,3,1.3290,3.124,0.297
flag for more,3,8,3,1.3290,3.124,0.146
use git hub,3,8,3,1.3290,3.124,0.016
due to lack,3,8,3,1.3290,3.124,0.408
note that most,3,8,3,1.3290,3.124,0.092
during the time,3,8,3,1.3290,3.124,0.165
local and global,3,8,3,1.3290,3.124,0.434
configured to run,3,8,3,1.3290,3.124,0.231
true the default,3,8,3,1.3290,3.124,0.084
process is running,3,8,3,1.3290,3.124,0.277
string and return,3,8,3,1.3290,3.124,0.161
mean the same,3,8,3,1.3290,3.124,0.128
execute arbitrary python,3,8,3,1.3290,3.124,0.407
pass the string,3,8,3,1.3290,3.124,0.167
through the following,3,8,3,1.3290,3.124,0.069
useful for making,3,8,3,1.3290,3.124,0.307
need to activate,3,8,3,1.3290,3.124,0.243
server as well,3,8,3,1.3290,3.124,0.086
able to receive,3,8,3,1.3290,3.124,0.244
until the entire,3,8,3,1.3290,3.124,0.270
perform the following,3,8,3,1.3290,3.124,0.146
used multiple,2,10,2,1.3162,3.119,-0.018
meta class,2,10,2,1.3162,3.119,0.194
custom tag,2,10,2,1.3162,3.119,0.157
debug false,2,10,2,1.3162,3.119,0.196
using database,2,10,2,1.3162,3.119,-0.043
particular application,2,10,2,1.3162,3.119,0.119
run manage,2,10,2,1.3162,3.119,0.129
running mac,2,10,2,1.3162,3.119,0.161
data integrity,2,10,2,1.3162,3.119,0.264
violation error,2,10,2,1.3162,3.119,0.251
complete control,2,10,2,1.3162,3.119,0.217
without touching,2,10,2,1.3162,3.119,0.442
ordering column,2,10,2,1.3162,3.119,0.290
file associated,2,10,2,1.3162,3.119,0.073
time input,2,10,2,1.3162,3.119,0.037
system cache,2,10,2,1.3162,3.119,0.130
other context,2,10,2,1.3162,3.119,0.024
made via,2,10,2,1.3162,3.119,0.181
without escaping,2,10,2,1.3162,3.119,0.283
input form,2,10,2,1.3162,3.119,0.121
python syntax,2,10,2,1.3162,3.119,0.049
instead pass,2,10,2,1.3162,3.119,0.055
string primitive,2,10,2,1.3162,3.119,0.184
password based,2,10,2,1.3162,3.119,0.179
cascade option,2,10,2,1.3162,3.119,0.341
finally statement,2,10,2,1.3162,3.119,0.222
stream handler,2,10,2,1.3162,3.119,0.247
trust data,2,10,2,1.3162,3.119,0.187
menu item,2,10,2,1.3162,3.119,0.309
development stage,2,10,2,1.3162,3.119,0.309
web gl,2,10,2,1.3162,3.119,0.543
add instruction,2,10,2,1.3162,3.119,0.168
system performance,2,10,2,1.3162,3.119,0.136
file version,2,10,2,1.3162,3.119,-0.064
paste in,2,10,2,1.3162,3.119,0.076
new member,2,10,2,1.3162,3.119,0.105
portable across,2,10,2,1.3162,3.119,0.438
access through,2,10,2,1.3162,3.119,0.098
own internal,2,10,2,1.3162,3.119,0.189
build pipeline,2,10,2,1.3162,3.119,0.231
external links,2,10,2,1.3162,3.119,0.317
fixed port,2,10,2,1.3162,3.119,0.197
without warning,2,10,2,1.3162,3.119,0.132
support concurrent,2,10,2,1.3162,3.119,0.243
privileged access,2,10,2,1.3162,3.119,0.333
local host,2,10,2,1.3162,3.119,0.148
address range,2,10,2,1.3162,3.119,0.221
specified above,2,10,2,1.3162,3.119,0.090
add filter,2,10,2,1.3162,3.119,0.125
name mapping,2,10,2,1.3162,3.119,0.153
cannot remove,2,10,2,1.3162,3.119,0.148
avoid writing,2,10,2,1.3162,3.119,0.185
complete in,2,10,2,1.3162,3.119,-0.072
cloud formation,2,10,2,1.3162,3.119,0.689
untracked file,2,10,2,1.3162,3.119,0.220
status output,2,10,2,1.3162,3.119,0.112
randomly chosen,2,10,2,1.3162,3.119,0.573
stash pop,2,10,2,1.3162,3.119,0.534
fix up,2,10,2,1.3162,3.119,0.059
new history,2,10,2,1.3162,3.119,0.107
escape in,2,10,2,1.3162,3.119,-0.018
display width,2,10,2,1.3162,3.119,0.280
directory again,2,10,2,1.3162,3.119,0.105
object other,2,10,2,1.3162,3.119,-0.090
rename copy,2,10,2,1.3162,3.119,0.291
byte count,2,10,2,1.3162,3.119,0.302
int main,2,10,2,1.3162,3.119,0.194
function init,2,10,2,1.3162,3.119,0.090
date constructor,2,10,2,1.3162,3.119,0.177
two date,2,10,2,1.3162,3.119,0.089
query selector,2,10,2,1.3162,3.119,0.167
zero otherwise,2,10,2,1.3162,3.119,0.227
public static,2,10,2,1.3162,3.119,0.226
general case,2,10,2,1.3162,3.119,0.134
length data,2,10,2,1.3162,3.119,0.066
new iterable,2,10,2,1.3162,3.119,0.156
returning true,2,10,2,1.3162,3.119,0.191
new byte,2,10,2,1.3162,3.119,0.121
over byte,2,10,2,1.3162,3.119,0.229
exactly equal,2,10,2,1.3162,3.119,0.287
actual row,2,10,2,1.3162,3.119,0.231
explicit cast,2,10,2,1.3162,3.119,0.396
underlying table,2,10,2,1.3162,3.119,0.215
table schema,2,10,2,1.3162,3.119,0.138
update set,2,10,2,1.3162,3.119,-0.001
record type,2,10,2,1.3162,3.119,0.105
name foo,2,10,2,1.3162,3.119,0.093
end loop,2,10,2,1.3162,3.119,0.125
field separator,2,10,2,1.3162,3.119,0.280
root element,2,10,2,1.3162,3.119,0.146
update react,2,10,2,1.3162,3.119,0.056
show form,2,10,2,1.3162,3.119,0.142
toe game,2,10,2,1.3162,3.119,0.647
server to use,3,10,2,1.3162,3.119,-0.008
required to run,3,10,2,1.3162,3.119,0.175
python and later,3,10,2,1.3162,3.119,0.263
avoid the overhead,3,10,2,1.3162,3.119,0.442
due to incorrect,3,10,2,1.3162,3.119,0.250
command to view,3,10,2,1.3162,3.119,0.244
command to build,3,10,2,1.3162,3.119,0.140
develop and test,3,10,2,1.3162,3.119,0.423
means you cannot,3,10,2,1.3162,3.119,0.266
type of database,3,10,2,1.3162,3.119,0.154
service to run,3,10,2,1.3162,3.119,0.181
pull an image,3,10,2,1.3162,3.119,0.324
until the user,3,10,2,1.3162,3.119,0.195
daemon is running,3,10,2,1.3162,3.119,0.382
fixed in future,3,10,2,1.3162,3.119,0.373
using the log,3,10,2,1.3162,3.119,0.095
variable is unset,3,10,2,1.3162,3.119,0.425
known to git,3,10,2,1.3162,3.119,0.282
force with lease,3,10,2,1.3162,3.119,0.670
made to work,3,10,2,1.3162,3.119,0.223
block of memory,3,10,2,1.3162,3.119,0.280
last few days,3,10,2,1.3162,3.119,0.454
command will fail,3,10,2,1.3162,3.119,0.230
catching and re,3,10,2,1.3162,3.119,0.528
order of registration,3,10,2,1.3162,3.119,0.531
promise will resolve,3,10,2,1.3162,3.119,0.489
object is garbage,3,10,2,1.3162,3.119,0.375
table as well,3,10,2,1.3162,3.119,0.117
fetching with suspense,3,10,2,1.3162,3.119,0.604
outside your component,3,10,2,1.3162,3.119,0.370
tac toe game,3,10,2,1.3162,3.119,0.647
calling set state,3,10,2,1.3162,3.119,0.396
using existing,2,5,3,1.2934,3.112,0.004
boolean string,2,5,3,1.2934,3.112,0.125
use network,2,5,3,1.2934,3.112,-0.021
doubt use,2,5,3,1.2934,3.112,0.244
consider making,2,5,3,1.2934,3.112,0.247
error related,2,5,3,1.2934,3.112,0.066
different meaning,2,5,3,1.2934,3.112,0.165
cannot possibly,2,5,3,1.2934,3.112,0.269
another benefit,2,5,3,1.2934,3.112,0.271
output based,2,5,3,1.2934,3.112,0.053
desired target,2,5,3,1.2934,3.112,0.262
load more,2,5,3,1.2934,3.112,0.081
get error,2,5,3,1.2934,3.112,-0.077
little code,2,5,3,1.2934,3.112,0.082
read once,2,5,3,1.2934,3.112,0.106
data first,2,5,3,1.2934,3.112,-0.063
time working,2,5,3,1.2934,3.112,0.038
managing virtual,2,5,3,1.2934,3.112,0.369
last key,2,5,3,1.2934,3.112,0.105
see such,2,5,3,1.2934,3.112,-0.040
environment use,2,5,3,1.2934,3.112,-0.075
logging error,2,5,3,1.2934,3.112,0.102
further detail,2,5,3,1.2934,3.112,0.315
raw text,2,5,3,1.2934,3.112,0.202
without leaving,2,5,3,1.2934,3.112,0.288
entire code,2,5,3,1.2934,3.112,0.049
find on,2,5,3,1.2934,3.112,-0.062
create instance,2,5,3,1.2934,3.112,0.024
used correctly,2,5,3,1.2934,3.112,0.076
output during,2,5,3,1.2934,3.112,0.070
debugging on,2,5,3,1.2934,3.112,0.039
more suited,2,5,3,1.2934,3.112,0.327
circuit evaluation,2,5,3,1.2934,3.112,0.589
tree structured,2,5,3,1.2934,3.112,0.357
matching object,2,5,3,1.2934,3.112,0.099
real work,2,5,3,1.2934,3.112,0.136
write such,2,5,3,1.2934,3.112,0.039
different page,2,5,3,1.2934,3.112,0.059
different kind,2,5,3,1.2934,3.112,0.141
work now,2,5,3,1.2934,3.112,-0.009
often written,2,5,3,1.2934,3.112,0.203
write directly,2,5,3,1.2934,3.112,0.103
new tool,2,5,3,1.2934,3.112,0.086
black box,2,5,3,1.2934,3.112,0.496
input through,2,5,3,1.2934,3.112,0.123
definitely typed,2,5,3,1.2934,3.112,0.427
standard pattern,2,5,3,1.2934,3.112,0.111
really care,2,5,3,1.2934,3.112,0.299
using virtual,2,5,3,1.2934,3.112,0.071
stay up,2,5,3,1.2934,3.112,0.264
hub repo,2,5,3,1.2934,3.112,0.305
path specified,2,5,3,1.2934,3.112,0.036
populated in,2,5,3,1.2934,3.112,0.109
book pro,2,5,3,1.2934,3.112,0.523
conditional block,2,5,3,1.2934,3.112,0.282
merging two,2,5,3,1.2934,3.112,0.274
coupling between,2,5,3,1.2934,3.112,0.468
intended usage,2,5,3,1.2934,3.112,0.276
property attribute,2,5,3,1.2934,3.112,0.134
issue see,2,5,3,1.2934,3.112,0.021
able to make,3,5,3,1.2934,3.112,0.085
issue is fixed,3,5,3,1.2934,3.112,0.339
check the size,3,5,3,1.2934,3.112,0.243
needless to say,3,5,3,1.2934,3.112,0.626
change the size,3,5,3,1.2934,3.112,0.204
use to access,3,5,3,1.2934,3.112,0.030
run the unit,3,5,3,1.2934,3.112,0.259
want to help,3,5,3,1.2934,3.112,0.057
see the current,3,5,3,1.2934,3.112,0.015
mostly the same,3,5,3,1.2934,3.112,0.201
write it in,3,5,3,1.2934,3.112,0.133
able to check,3,5,3,1.2934,3.112,0.120
try except block,3,5,3,1.2934,3.112,0.413
operation to complete,3,5,3,1.2934,3.112,0.369
building an application,3,5,3,1.2934,3.112,0.359
modify the original,3,5,3,1.2934,3.112,0.264
find more information,3,5,3,1.2934,3.112,0.174
therefore you cannot,3,5,3,1.2934,3.112,0.335
command to enable,3,5,3,1.2934,3.112,0.153
convert the value,3,5,3,1.2934,3.112,0.187
try to identify,3,5,3,1.2934,3.112,0.300
means that most,3,5,3,1.2934,3.112,0.164
intend to run,3,5,3,1.2934,3.112,0.281
short circuit evaluation,3,5,3,1.2934,3.112,0.597
see the raw,3,5,3,1.2934,3.112,0.213
show up on,3,5,3,1.2934,3.112,0.157
keep the original,3,5,3,1.2934,3.112,0.214
fetch some data,3,5,3,1.2934,3.112,0.383
see for yourself,3,5,3,1.2934,3.112,0.376
need something like,3,5,3,1.2934,3.112,0.128
know the exact,3,5,3,1.2934,3.112,0.239
object you pass,3,5,3,1.2934,3.112,0.196
git hub repo,3,5,3,1.2934,3.112,0.333
find it easier,3,5,3,1.2934,3.112,0.291
mac book pro,3,5,3,1.2934,3.112,0.629
thanks to everyone,3,5,3,1.2934,3.112,0.504
using the run,3,5,3,1.2934,3.112,-0.002
build your app,3,5,3,1.2934,3.112,0.185
take many,2,6,2,1.2864,3.109,0.102
registry api,2,6,2,1.2864,3.109,0.118
flag like,2,6,2,1.2864,3.109,0.017
default source,2,6,2,1.2864,3.109,0.018
target without,2,6,2,1.2864,3.109,0.081
new manifest,2,6,2,1.2864,3.109,0.093
path key,2,6,2,1.2864,3.109,0.030
verify flag,2,6,2,1.2864,3.109,0.215
same policy,2,6,2,1.2864,3.109,0.115
full feature,2,6,2,1.2864,3.109,0.170
remote source,2,6,2,1.2864,3.109,0.153
global git,2,6,2,1.2864,3.109,0.057
critical bug,2,6,2,1.2864,3.109,0.348
library version,2,6,2,1.2864,3.109,0.045
dynamic library,2,6,2,1.2864,3.109,0.248
executable binary,2,6,2,1.2864,3.109,0.298
system works,2,6,2,1.2864,3.109,0.102
taking precedence,2,6,2,1.2864,3.109,0.413
extra command,2,6,2,1.2864,3.109,0.080
additional environment,2,6,2,1.2864,3.109,0.123
script documentation,2,6,2,1.2864,3.109,0.066
provided during,2,6,2,1.2864,3.109,0.159
writing more,2,6,2,1.2864,3.109,0.050
better compatibility,2,6,2,1.2864,3.109,0.250
custom profile,2,6,2,1.2864,3.109,0.214
compatible change,2,6,2,1.2864,3.109,0.174
required true,2,6,2,1.2864,3.109,0.130
point release,2,6,2,1.2864,3.109,0.136
primitive representation,2,6,2,1.2864,3.109,0.377
matching on,2,6,2,1.2864,3.109,0.031
header instead,2,6,2,1.2864,3.109,0.117
use foo,2,6,2,1.2864,3.109,0.012
warn on,2,6,2,1.2864,3.109,0.095
particular purpose,2,6,2,1.2864,3.109,0.274
next create,2,6,2,1.2864,3.109,0.038
future breaking,2,6,2,1.2864,3.109,0.281
pattern object,2,6,2,1.2864,3.109,0.003
same property,2,6,2,1.2864,3.109,0.010
logical operator,2,6,2,1.2864,3.109,0.269
allow specific,2,6,2,1.2864,3.109,0.111
require multiple,2,6,2,1.2864,3.109,0.140
string regardless,2,6,2,1.2864,3.109,0.164
line end,2,6,2,1.2864,3.109,0.055
need different,2,6,2,1.2864,3.109,-0.027
two primary,2,6,2,1.2864,3.109,0.164
using configuration,2,6,2,1.2864,3.109,-0.051
foreseeable future,2,6,2,1.2864,3.109,0.587
note make,2,6,2,1.2864,3.109,0.008
other application,2,6,2,1.2864,3.109,-0.019
same cached,2,6,2,1.2864,3.109,0.156
level value,2,6,2,1.2864,3.109,-0.014
match path,2,6,2,1.2864,3.109,0.057
init self,2,6,2,1.2864,3.109,0.301
index return,2,6,2,1.2864,3.109,0.034
validate method,2,6,2,1.2864,3.109,0.144
safe filter,2,6,2,1.2864,3.109,0.256
import namespace,2,6,2,1.2864,3.109,0.226
goes over,2,6,2,1.2864,3.109,0.229
directly against,2,6,2,1.2864,3.109,0.195
history list,2,6,2,1.2864,3.109,0.150
post init,2,6,2,1.2864,3.109,0.233
supported via,2,6,2,1.2864,3.109,0.179
construct method,2,6,2,1.2864,3.109,0.184
type match,2,6,2,1.2864,3.109,-0.006
assert statement,2,6,2,1.2864,3.109,0.217
init false,2,6,2,1.2864,3.109,0.241
class cls,2,6,2,1.2864,3.109,0.339
env name,2,6,2,1.2864,3.109,0.109
custom test,2,6,2,1.2864,3.109,0.044
assert in,2,6,2,1.2864,3.109,-0.052
assert false,2,6,2,1.2864,3.109,0.228
automatically based,2,6,2,1.2864,3.109,0.121
expensive computation,2,6,2,1.2864,3.109,0.558
via command,2,6,2,1.2864,3.109,0.065
test email,2,6,2,1.2864,3.109,0.108
returning none,2,6,2,1.2864,3.109,0.252
effects effect,2,6,2,1.2864,3.109,0.237
state new,2,6,2,1.2864,3.109,-0.059
logic needs,2,6,2,1.2864,3.109,0.161
deep equality,2,6,2,1.2864,3.109,0.450
based form,2,6,2,1.2864,3.109,0.120
structure state,2,6,2,1.2864,3.109,0.100
next function,2,6,2,1.2864,3.109,-0.019
reusable app,2,6,2,1.2864,3.109,0.287
typically written,2,6,2,1.2864,3.109,0.250
store use,2,6,2,1.2864,3.109,-0.071
calling create,2,6,2,1.2864,3.109,0.069
complete understanding,2,6,2,1.2864,3.109,0.343
plugin system,2,6,2,1.2864,3.109,0.130
file output,2,6,2,1.2864,3.109,-0.070
production deployment,2,6,2,1.2864,3.109,0.377
repository with multiple,3,6,2,1.2864,3.109,0.305
specified by setting,3,6,2,1.2864,3.109,0.232
package and run,3,6,2,1.2864,3.109,0.217
version is available,3,6,2,1.2864,3.109,0.174
converted to uppercase,3,6,2,1.2864,3.109,0.497
emit an error,3,6,2,1.2864,3.109,0.320
using the package,3,6,2,1.2864,3.109,0.056
added to make,3,6,2,1.2864,3.109,0.127
remove it in,3,6,2,1.2864,3.109,0.110
use the base,3,6,2,1.2864,3.109,0.073
object to use,3,6,2,1.2864,3.109,-0.063
using the node,3,6,2,1.2864,3.109,0.067
library like react,3,6,2,1.2864,3.109,0.399
use of certain,3,6,2,1.2864,3.109,0.253
readability and maintainability,3,6,2,1.2864,3.109,0.732
global variable name,3,6,2,1.2864,3.109,0.241
call is made,3,6,2,1.2864,3.109,0.264
directory by default,3,6,2,1.2864,3.109,0.069
note make sure,3,6,2,1.2864,3.109,0.126
type of event,3,6,2,1.2864,3.109,0.214
using the media,3,6,2,1.2864,3.109,0.269
async def function,3,6,2,1.2864,3.109,0.246
simplify the process,3,6,2,1.2864,3.109,0.393
based on type,3,6,2,1.2864,3.109,0.035
name as well,3,6,2,1.2864,3.109,0.050
def init self,3,6,2,1.2864,3.109,0.567
want to explicitly,3,6,2,1.2864,3.109,0.104
remove the user,3,6,2,1.2864,3.109,0.162
length is greater,3,6,2,1.2864,3.109,0.414
via command line,3,6,2,1.2864,3.109,0.162
keep the state,3,6,2,1.2864,3.109,0.201
simpler to use,3,6,2,1.2864,3.109,0.223
retrieve the current,3,6,2,1.2864,3.109,0.266
import the use,3,6,2,1.2864,3.109,0.128
way to load,3,6,2,1.2864,3.109,0.183
help you identify,3,6,2,1.2864,3.109,0.429
library and framework,3,6,2,1.2864,3.109,0.400
client server communication,3,6,2,1.2864,3.109,0.542
static file server,3,6,2,1.2864,3.109,0.427
second set,2,7,2,1.2806,3.107,0.041
alternative method,2,7,2,1.2806,3.107,0.162
system without,2,7,2,1.2806,3.107,0.052
serialized version,2,7,2,1.2806,3.107,0.238
server run,2,7,2,1.2806,3.107,-0.028
same buffer,2,7,2,1.2806,3.107,0.123
first ensure,2,7,2,1.2806,3.107,0.098
placeholder text,2,7,2,1.2806,3.107,0.296
entire system,2,7,2,1.2806,3.107,0.175
field label,2,7,2,1.2806,3.107,0.206
label tag,2,7,2,1.2806,3.107,0.277
auto now,2,7,2,1.2806,3.107,0.137
above note,2,7,2,1.2806,3.107,0.066
framework now,2,7,2,1.2806,3.107,0.123
own classes,2,7,2,1.2806,3.107,0.165
false instead,2,7,2,1.2806,3.107,0.075
specified database,2,7,2,1.2806,3.107,0.064
currently logged,2,7,2,1.2806,3.107,0.331
relationship use,2,7,2,1.2806,3.107,0.146
without raising,2,7,2,1.2806,3.107,0.303
between client,2,7,2,1.2806,3.107,0.102
specific location,2,7,2,1.2806,3.107,0.173
bin bash,2,7,2,1.2806,3.107,0.432
docker based,2,7,2,1.2806,3.107,0.014
same workflow,2,7,2,1.2806,3.107,0.199
full syntax,2,7,2,1.2806,3.107,0.150
other three,2,7,2,1.2806,3.107,0.069
terminal like,2,7,2,1.2806,3.107,0.088
new application,2,7,2,1.2806,3.107,-0.027
without root,2,7,2,1.2806,3.107,0.090
re import,2,7,2,1.2806,3.107,0.150
personal docker,2,7,2,1.2806,3.107,0.207
maximum compatibility,2,7,2,1.2806,3.107,0.315
login shell,2,7,2,1.2806,3.107,0.286
command needs,2,7,2,1.2806,3.107,0.063
specific command,2,7,2,1.2806,3.107,0.031
work best,2,7,2,1.2806,3.107,0.112
shell form,2,7,2,1.2806,3.107,0.162
image information,2,7,2,1.2806,3.107,0.060
now understand,2,7,2,1.2806,3.107,0.105
inter container,2,7,2,1.2806,3.107,0.380
use port,2,7,2,1.2806,3.107,0.010
version check,2,7,2,1.2806,3.107,0.029
os in,2,7,2,1.2806,3.107,-0.086
simple python,2,7,2,1.2806,3.107,0.079
another repository,2,7,2,1.2806,3.107,0.096
enough memory,2,7,2,1.2806,3.107,0.206
system see,2,7,2,1.2806,3.107,-0.002
string first,2,7,2,1.2806,3.107,-0.037
virtual size,2,7,2,1.2806,3.107,0.234
explicit use,2,7,2,1.2806,3.107,0.056
directory listing,2,7,2,1.2806,3.107,0.268
entire set,2,7,2,1.2806,3.107,0.101
raw output,2,7,2,1.2806,3.107,0.151
first paragraph,2,7,2,1.2806,3.107,0.334
git ignore,2,7,2,1.2806,3.107,0.063
object out,2,7,2,1.2806,3.107,-0.041
like test,2,7,2,1.2806,3.107,-0.065
micro optimization,2,7,2,1.2806,3.107,0.558
never get,2,7,2,1.2806,3.107,0.060
multiple remote,2,7,2,1.2806,3.107,0.126
additional code,2,7,2,1.2806,3.107,-0.002
generic object,2,7,2,1.2806,3.107,0.057
see link,2,7,2,1.2806,3.107,0.094
zero indicating,2,7,2,1.2806,3.107,0.357
header information,2,7,2,1.2806,3.107,0.143
shorthand alias,2,7,2,1.2806,3.107,0.411
result without,2,7,2,1.2806,3.107,0.036
numerical value,2,7,2,1.2806,3.107,0.254
declared outside,2,7,2,1.2806,3.107,0.277
code becomes,2,7,2,1.2806,3.107,0.083
become corrupted,2,7,2,1.2806,3.107,0.492
source value,2,7,2,1.2806,3.107,-0.017
specified sequence,2,7,2,1.2806,3.107,0.166
primitive data,2,7,2,1.2806,3.107,0.155
null error,2,7,2,1.2806,3.107,0.020
archive directory,2,7,2,1.2806,3.107,0.227
database command,2,7,2,1.2806,3.107,0.015
first order,2,7,2,1.2806,3.107,0.032
tree order,2,7,2,1.2806,3.107,0.131
client protocol,2,7,2,1.2806,3.107,0.215
float decimal,2,7,2,1.2806,3.107,0.402
decode method,2,7,2,1.2806,3.107,0.237
raise statement,2,7,2,1.2806,3.107,0.225
subprocess popen,2,7,2,1.2806,3.107,0.717
upgrade guide,2,7,2,1.2806,3.107,0.319
component multiple,2,7,2,1.2806,3.107,0.081
pause on,2,7,2,1.2806,3.107,0.160
rendering code,2,7,2,1.2806,3.107,0.062
need to follow,3,7,2,1.2806,3.107,0.124
without the trailing,3,7,2,1.2806,3.107,0.388
synchronous or asynchronous,3,7,2,1.2806,3.107,0.647
piece of information,3,7,2,1.2806,3.107,0.244
see the change,3,7,2,1.2806,3.107,0.068
specify the port,3,7,2,1.2806,3.107,0.282
time and date,3,7,2,1.2806,3.107,0.293
feature of docker,3,7,2,1.2806,3.107,0.246
try to connect,3,7,2,1.2806,3.107,0.252
race condition between,3,7,2,1.2806,3.107,0.377
amount of free,3,7,2,1.2806,3.107,0.318
see the result,3,7,2,1.2806,3.107,0.060
long and short,3,7,2,1.2806,3.107,0.442
used to switch,3,7,2,1.2806,3.107,0.208
convert it back,3,7,2,1.2806,3.107,0.393
replace the current,3,7,2,1.2806,3.107,0.193
set the property,3,7,2,1.2806,3.107,0.158
off the end,3,7,2,1.2806,3.107,0.233
useful for writing,3,7,2,1.2806,3.107,0.275
width no break,3,7,2,1.2806,3.107,0.651
object by calling,3,7,2,1.2806,3.107,0.163
necessary to call,3,7,2,1.2806,3.107,0.235
need to synchronize,3,7,2,1.2806,3.107,0.308
built in exception,3,7,2,1.2806,3.107,0.124
get familiar,2,8,2,1.2735,3.105,0.201
support data,2,8,2,1.2735,3.105,-0.018
arbitrary string,2,8,2,1.2735,3.105,0.155
like error,2,8,2,1.2735,3.105,-0.099
readable output,2,8,2,1.2735,3.105,0.178
supported see,2,8,2,1.2735,3.105,0.056
re executed,2,8,2,1.2735,3.105,0.213
library search,2,8,2,1.2735,3.105,0.151
token field,2,8,2,1.2735,3.105,0.148
handle specific,2,8,2,1.2735,3.105,0.126
given url,2,8,2,1.2735,3.105,0.130
previously cached,2,8,2,1.2735,3.105,0.352
enabled see,2,8,2,1.2735,3.105,0.070
full featured,2,8,2,1.2735,3.105,0.499
constructor method,2,8,2,1.2735,3.105,0.079
file set,2,8,2,1.2735,3.105,-0.098
existing configuration,2,8,2,1.2735,3.105,0.105
often necessary,2,8,2,1.2735,3.105,0.223
following pattern,2,8,2,1.2735,3.105,0.051
set option,2,8,2,1.2735,3.105,-0.049
error variable,2,8,2,1.2735,3.105,-0.041
specific option,2,8,2,1.2735,3.105,0.033
depth option,2,8,2,1.2735,3.105,0.218
pattern string,2,8,2,1.2735,3.105,0.033
using eval,2,8,2,1.2735,3.105,0.166
field initial,2,8,2,1.2735,3.105,0.150
two consecutive,2,8,2,1.2735,3.105,0.307
single configuration,2,8,2,1.2735,3.105,0.064
math pow,2,8,2,1.2735,3.105,0.662
computed in,2,8,2,1.2735,3.105,0.018
via configuration,2,8,2,1.2735,3.105,0.106
more technical,2,8,2,1.2735,3.105,0.226
permission required,2,8,2,1.2735,3.105,0.298
official python,2,8,2,1.2735,3.105,0.183
api now,2,8,2,1.2735,3.105,-0.009
handled automatically,2,8,2,1.2735,3.105,0.251
single session,2,8,2,1.2735,3.105,0.160
venv module,2,8,2,1.2735,3.105,0.344
function during,2,8,2,1.2735,3.105,0.000
admin static,2,8,2,1.2735,3.105,0.238
active during,2,8,2,1.2735,3.105,0.248
process use,2,8,2,1.2735,3.105,-0.062
set level,2,8,2,1.2735,3.105,0.021
response function,2,8,2,1.2735,3.105,-0.010
value data,2,8,2,1.2735,3.105,-0.121
fit within,2,8,2,1.2735,3.105,0.300
multi host,2,8,2,1.2735,3.105,0.253
object float,2,8,2,1.2735,3.105,0.159
uuid version,2,8,2,1.2735,3.105,0.268
public domain,2,8,2,1.2735,3.105,0.292
int object,2,8,2,1.2735,3.105,0.072
class decorator,2,8,2,1.2735,3.105,0.204
page header,2,8,2,1.2735,3.105,0.173
app create,2,8,2,1.2735,3.105,0.001
react without,2,8,2,1.2735,3.105,0.035
compile function,2,8,2,1.2735,3.105,0.031
compiler optimization,2,8,2,1.2735,3.105,0.284
remote data,2,8,2,1.2735,3.105,0.048
using classes,2,8,2,1.2735,3.105,0.028
connect multiple,2,8,2,1.2735,3.105,0.172
written inline,2,8,2,1.2735,3.105,0.283
react boston,2,8,2,1.2735,3.105,0.506
time react,2,8,2,1.2735,3.105,-0.002
own component,2,8,2,1.2735,3.105,0.113
create add,2,8,2,1.2735,3.105,-0.027
case add,2,8,2,1.2735,3.105,-0.009
like add,2,8,2,1.2735,3.105,-0.056
per app,2,8,2,1.2735,3.105,0.131
re fetch,2,8,2,1.2735,3.105,0.201
dictionary type,2,8,2,1.2735,3.105,0.083
module source,2,8,2,1.2735,3.105,0.065
during planning,2,8,2,1.2735,3.105,0.341
full time,2,8,2,1.2735,3.105,0.070
explicit list,2,8,2,1.2735,3.105,0.169
default during,2,8,2,1.2735,3.105,0.039
form output,2,8,2,1.2735,3.105,0.052
library search path,3,8,2,1.2735,3.105,0.357
use the credential,3,8,2,1.2735,3.105,0.191
way to override,3,8,2,1.2735,3.105,0.200
field is set,3,8,2,1.2735,3.105,0.163
use the build,3,8,2,1.2735,3.105,0.005
later is required,3,8,2,1.2735,3.105,0.250
following command inside,3,8,2,1.2735,3.105,0.253
easier to identify,3,8,2,1.2735,3.105,0.367
used to output,3,8,2,1.2735,3.105,0.046
such as function,3,8,2,1.2735,3.105,-0.047
during the same,3,8,2,1.2735,3.105,0.047
support the same,3,8,2,1.2735,3.105,0.003
open your browser,3,8,2,1.2735,3.105,0.328
id integer primary,3,8,2,1.2735,3.105,0.503
false the default,3,8,2,1.2735,3.105,0.116
possible to control,3,8,2,1.2735,3.105,0.210
raising an error,3,8,2,1.2735,3.105,0.319
build your application,3,8,2,1.2735,3.105,0.150
used for data,3,8,2,1.2735,3.105,0.083
feature is used,3,8,2,1.2735,3.105,0.163
more advanced usage,3,8,2,1.2735,3.105,0.376
persistent data,2,10,2,1.2607,3.101,0.237
public git,2,10,2,1.2607,3.101,0.093
behavior see,2,10,2,1.2607,3.101,0.016
using dev,2,10,2,1.2607,3.101,0.037
maintenance release,2,10,2,1.2607,3.101,0.310
start index,2,10,2,1.2607,3.101,0.075
end index,2,10,2,1.2607,3.101,0.088
map like,2,10,2,1.2607,3.101,0.061
returned true,2,10,2,1.2607,3.101,0.125
received message,2,10,2,1.2607,3.101,0.235
expiration date,2,10,2,1.2607,3.101,0.469
instance data,2,10,2,1.2607,3.101,-0.009
dot operator,2,10,2,1.2607,3.101,0.313
string coercion,2,10,2,1.2607,3.101,0.258
variable defined,2,10,2,1.2607,3.101,0.058
precision floating,2,10,2,1.2607,3.101,0.449
name assigned,2,10,2,1.2607,3.101,0.144
changed using,2,10,2,1.2607,3.101,0.025
bar foo,2,10,2,1.2607,3.101,0.295
scope using,2,10,2,1.2607,3.101,-0.021
complex object,2,10,2,1.2607,3.101,0.079
following best,2,10,2,1.2607,3.101,0.101
select open,2,10,2,1.2607,3.101,0.116
calculated during,2,10,2,1.2607,3.101,0.345
directly within,2,10,2,1.2607,3.101,0.125
port instead,2,10,2,1.2607,3.101,0.120
data used,2,10,2,1.2607,3.101,-0.099
python docker,2,10,2,1.2607,3.101,-0.056
parameter status,2,10,2,1.2607,3.101,0.160
pass information,2,10,2,1.2607,3.101,0.078
signed cookie,2,10,2,1.2607,3.101,0.412
basis using,2,10,2,1.2607,3.101,0.189
sys prefix,2,10,2,1.2607,3.101,0.320
found via,2,10,2,1.2607,3.101,0.166
relational mapper,2,10,2,1.2607,3.101,0.681
single result,2,10,2,1.2607,3.101,0.061
import stream,2,10,2,1.2607,3.101,0.190
become big,2,10,2,1.2607,3.101,0.326
based cache,2,10,2,1.2607,3.101,0.147
connection request,2,10,2,1.2607,3.101,0.121
encoding argument,2,10,2,1.2607,3.101,0.185
detailed documentation,2,10,2,1.2607,3.101,0.261
like interface,2,10,2,1.2607,3.101,0.079
follow symbolic,2,10,2,1.2607,3.101,0.389
float method,2,10,2,1.2607,3.101,0.193
type constructor,2,10,2,1.2607,3.101,0.037
during json,2,10,2,1.2607,3.101,0.114
information required,2,10,2,1.2607,3.101,0.111
subclass instance,2,10,2,1.2607,3.101,0.231
allow setting,2,10,2,1.2607,3.101,0.132
python extension,2,10,2,1.2607,3.101,0.089
tree without,2,10,2,1.2607,3.101,0.097
packaging user,2,10,2,1.2607,3.101,0.260
similar result,2,10,2,1.2607,3.101,0.100
transaction level,2,10,2,1.2607,3.101,0.196
request user,2,10,2,1.2607,3.101,0.025
write mode,2,10,2,1.2607,3.101,0.092
level command,2,10,2,1.2607,3.101,0.039
set delete,2,10,2,1.2607,3.101,0.087
during import,2,10,2,1.2607,3.101,0.140
helper module,2,10,2,1.2607,3.101,0.206
level data,2,10,2,1.2607,3.101,0.006
name environment,2,10,2,1.2607,3.101,0.002
most critical,2,10,2,1.2607,3.101,0.272
sharing between,2,10,2,1.2607,3.101,0.268
choice between,2,10,2,1.2607,3.101,0.231
passing down,2,10,2,1.2607,3.101,0.239
like array,2,10,2,1.2607,3.101,-0.036
date class,2,10,2,1.2607,3.101,0.081
inside start,2,10,2,1.2607,3.101,0.084
complete implementation,2,10,2,1.2607,3.101,0.208
powerful way,2,10,2,1.2607,3.101,0.212
without restarting,2,10,2,1.2607,3.101,0.302
library react,2,10,2,1.2607,3.101,0.069
function make,2,10,2,1.2607,3.101,-0.080
contain arbitrary,2,10,2,1.2607,3.101,0.281
static content,2,10,2,1.2607,3.101,0.180
soft limit,2,10,2,1.2607,3.101,0.495
registry client,2,10,2,1.2607,3.101,0.171
split across,2,10,2,1.2607,3.101,0.324
more stable,2,10,2,1.2607,3.101,0.122
solid base,2,10,2,1.2607,3.101,0.382
import syntax,2,10,2,1.2607,3.101,0.119
applied during,2,10,2,1.2607,3.101,0.227
own framework,2,10,2,1.2607,3.101,0.196
several related,2,6,2,1.2613,3.101,0.227
naming pattern,2,6,2,1.2613,3.101,0.291
python installer,2,6,2,1.2613,3.101,0.250
matched up,2,6,2,1.2613,3.101,0.223
specified field,2,6,2,1.2613,3.101,0.055
data note,2,6,2,1.2613,3.101,-0.040
close together,2,6,2,1.2613,3.101,0.299
subtraction multiplication,2,6,2,1.2613,3.101,0.739
object needs,2,6,2,1.2613,3.101,0.024
common interface,2,6,2,1.2613,3.101,0.192
false boolean,2,6,2,1.2613,3.101,0.223
file move,2,6,2,1.2613,3.101,0.053
listed later,2,6,2,1.2613,3.101,0.224
two nested,2,6,2,1.2613,3.101,0.152
potential data,2,6,2,1.2613,3.101,0.135
less work,2,6,2,1.2613,3.101,0.120
much longer,2,6,2,1.2613,3.101,0.187
transferred between,2,6,2,1.2613,3.101,0.392
sensible default,2,6,2,1.2613,3.101,0.280
another task,2,6,2,1.2613,3.101,0.175
find two,2,6,2,1.2613,3.101,0.068
message hello,2,6,2,1.2613,3.101,0.192
application binary,2,6,2,1.2613,3.101,0.126
vary based,2,6,2,1.2613,3.101,0.319
favorite ide,2,6,2,1.2613,3.101,0.538
loop get,2,6,2,1.2613,3.101,0.039
using three,2,6,2,1.2613,3.101,0.029
stays on,2,6,2,1.2613,3.101,0.174
substituted in,2,6,2,1.2613,3.101,0.111
same service,2,6,2,1.2613,3.101,0.057
number starting,2,6,2,1.2613,3.101,0.129
base version,2,6,2,1.2613,3.101,0.073
quick reference,2,6,2,1.2613,3.101,0.262
individual user,2,6,2,1.2613,3.101,0.161
provide many,2,6,2,1.2613,3.101,0.107
use colors,2,6,2,1.2613,3.101,0.135
summary page,2,6,2,1.2613,3.101,0.235
told git,2,6,2,1.2613,3.101,0.225
branch command,2,6,2,1.2613,3.101,0.054
more gracefully,2,6,2,1.2613,3.101,0.269
timeout function,2,6,2,1.2613,3.101,0.122
ask git,2,6,2,1.2613,3.101,0.135
line git,2,6,2,1.2613,3.101,-0.037
level protocol,2,6,2,1.2613,3.101,0.209
few built,2,6,2,1.2613,3.101,0.178
nothing left,2,6,2,1.2613,3.101,0.267
good style,2,6,2,1.2613,3.101,0.201
hold in,2,6,2,1.2613,3.101,-0.026
default most,2,6,2,1.2613,3.101,-0.006
hash tables,2,6,2,1.2613,3.101,0.249
programming style,2,6,2,1.2613,3.101,0.249
error state,2,6,2,1.2613,3.101,-0.066
specified string,2,6,2,1.2613,3.101,0.008
require two,2,6,2,1.2613,3.101,0.120
valid syntax,2,6,2,1.2613,3.101,0.142
current operating,2,6,2,1.2613,3.101,0.196
valid pointer,2,6,2,1.2613,3.101,0.206
method needs,2,6,2,1.2613,3.101,0.059
support indexing,2,6,2,1.2613,3.101,0.296
right argument,2,6,2,1.2613,3.101,0.118
usually implemented,2,6,2,1.2613,3.101,0.244
follow in,2,6,2,1.2613,3.101,-0.072
new program,2,6,2,1.2613,3.101,0.001
move state,2,6,2,1.2613,3.101,0.102
using state,2,6,2,1.2613,3.101,-0.091
file is written,3,10,2,1.2607,3.101,0.185
major and minor,3,10,2,1.2607,3.101,0.492
git fetch depth,3,10,2,1.2607,3.101,0.458
create the same,3,10,2,1.2607,3.101,-0.049
resolve and reject,3,10,2,1.2607,3.101,0.609
specified this option,3,10,2,1.2607,3.101,0.167
presence or absence,3,10,2,1.2607,3.101,0.772
time to compare,3,10,2,1.2607,3.101,0.229
name and last,3,10,2,1.2607,3.101,0.257
serialized as json,3,10,2,1.2607,3.101,0.374
object relational mapper,3,10,2,1.2607,3.101,0.445
follow symbolic links,3,10,2,1.2607,3.101,0.476
during model validation,3,10,2,1.2607,3.101,0.494
note that many,3,10,2,1.2607,3.101,0.092
python packaging user,3,10,2,1.2607,3.101,0.454
packaging user guide,3,10,2,1.2607,3.101,0.620
space separated list,3,10,2,1.2607,3.101,0.411
memo and use,3,10,2,1.2607,3.101,0.361
built in object,3,10,2,1.2607,3.101,0.059
run every time,3,10,2,1.2607,3.101,0.157
returning an object,3,10,2,1.2607,3.101,0.235
testing library react,3,10,2,1.2607,3.101,0.396
header is set,3,10,2,1.2607,3.101,0.258
useful for understanding,3,10,2,1.2607,3.101,0.393
state to use,3,10,2,1.2607,3.101,-0.024
possible to build,3,10,2,1.2607,3.101,0.125
used to send,3,10,2,1.2607,3.101,0.141
change the file,3,6,2,1.2613,3.101,0.052
useful in practice,3,6,2,1.2613,3.101,0.297
easier to get,3,6,2,1.2613,3.101,0.134
used to associate,3,6,2,1.2613,3.101,0.343
satisfy the constraint,3,6,2,1.2613,3.101,0.530
needs to go,3,6,2,1.2613,3.101,0.196
perform some action,3,6,2,1.2613,3.101,0.426
tab to see,3,6,2,1.2613,3.101,0.287
addition subtraction multiplication,3,6,2,1.2613,3.101,0.643
get or post,3,6,2,1.2613,3.101,0.404
refresh your browser,3,6,2,1.2613,3.101,0.530
build on top,3,6,2,1.2613,3.101,0.228
easier to run,3,6,2,1.2613,3.101,0.134
vary based on,3,6,2,1.2613,3.101,0.354
method to find,3,6,2,1.2613,3.101,0.119
invitation to join,3,6,2,1.2613,3.101,0.622
such as bash,3,6,2,1.2613,3.101,0.253
useful to create,3,6,2,1.2613,3.101,0.137
log and git,3,6,2,1.2613,3.101,0.300
slightly more efficient,3,6,2,1.2613,3.101,0.492
command line git,3,6,2,1.2613,3.101,0.044
code to prevent,3,6,2,1.2613,3.101,0.092
optimize the code,3,6,2,1.2613,3.101,0.278
slightly different semantics,3,6,2,1.2613,3.101,0.511
using the unit,3,6,2,1.2613,3.101,0.176
repository with git,3,6,2,1.2613,3.101,0.281
pair of curly,3,6,2,1.2613,3.101,0.523
safe to assume,3,6,2,1.2613,3.101,0.431
major use case,3,6,2,1.2613,3.101,0.365
attempt to write,3,6,2,1.2613,3.101,0.214
using the set,3,6,2,1.2613,3.101,-0.011
index is greater,3,6,2,1.2613,3.101,0.330
element at index,3,6,2,1.2613,3.101,0.391
function is able,3,6,2,1.2613,3.101,0.207
define the behavior,3,6,2,1.2613,3.101,0.262
store the number,3,6,2,1.2613,3.101,0.136
around the expression,3,6,2,1.2613,3.101,0.292
message is sent,3,6,2,1.2613,3.101,0.307
number of tables,3,6,2,1.2613,3.101,0.169
size is greater,3,6,2,1.2613,3.101,0.384
provide the following,3,6,2,1.2613,3.101,0.074
type the name,3,6,2,1.2613,3.101,0.030
return the contents,3,6,2,1.2613,3.101,0.166
running python code,3,6,2,1.2613,3.101,0.273
ready to try,3,6,2,1.2613,3.101,0.285
state the value,3,6,2,1.2613,3.101,0.028
specifically want,2,5,3,1.2379,3.093,0.147
copying into,2,5,3,1.2379,3.093,0.198
flat list,2,5,3,1.2379,3.093,0.211
information during,2,5,3,1.2379,3.093,0.098
package file,2,5,3,1.2379,3.093,-0.034
cannot include,2,5,3,1.2379,3.093,0.132
add private,2,5,3,1.2379,3.093,0.122
through configuration,2,5,3,1.2379,3.093,0.086
much detail,2,5,3,1.2379,3.093,0.248
rule like,2,5,3,1.2379,3.093,-0.041
direct parent,2,5,3,1.2379,3.093,0.291
use forward,2,5,3,1.2379,3.093,0.084
valid url,2,5,3,1.2379,3.093,0.158
open until,2,5,3,1.2379,3.093,0.168
previous major,2,5,3,1.2379,3.093,0.264
code readability,2,5,3,1.2379,3.093,0.179
second object,2,5,3,1.2379,3.093,0.018
function via,2,5,3,1.2379,3.093,0.003
use assignment,2,5,3,1.2379,3.093,0.054
simple fix,2,5,3,1.2379,3.093,0.138
relatively straightforward,2,5,3,1.2379,3.093,0.527
other binary,2,5,3,1.2379,3.093,0.069
meaningful way,2,5,3,1.2379,3.093,0.255
name inside,2,5,3,1.2379,3.093,0.005
handle different,2,5,3,1.2379,3.093,0.079
like code,2,5,3,1.2379,3.093,-0.137
code specifically,2,5,3,1.2379,3.093,0.090
rest server,2,5,3,1.2379,3.093,0.144
case like,2,5,3,1.2379,3.093,-0.050
sent through,2,5,3,1.2379,3.093,0.212
same browser,2,5,3,1.2379,3.093,0.047
process command,2,5,3,1.2379,3.093,0.032
user authentication,2,5,3,1.2379,3.093,0.146
install pip,2,5,3,1.2379,3.093,0.302
equal number,2,5,3,1.2379,3.093,0.162
automatically return,2,5,3,1.2379,3.093,0.059
single model,2,5,3,1.2379,3.093,0.079
using check,2,5,3,1.2379,3.093,-0.047
likely break,2,5,3,1.2379,3.093,0.306
gentle introduction,2,5,3,1.2379,3.093,0.726
more fun,2,5,3,1.2379,3.093,0.284
api based,2,5,3,1.2379,3.093,0.063
use full,2,5,3,1.2379,3.093,-0.022
async work,2,5,3,1.2379,3.093,0.072
little differently,2,5,3,1.2379,3.093,0.397
previous rule,2,5,3,1.2379,3.093,0.112
performance increase,2,5,3,1.2379,3.093,0.323
make writing,2,5,3,1.2379,3.093,0.089
warning text,2,5,3,1.2379,3.093,0.156
test running,2,5,3,1.2379,3.093,0.010
id assignment,2,5,3,1.2379,3.093,0.220
expression short,2,5,3,1.2379,3.093,0.181
environment error,2,5,3,1.2379,3.093,-0.016
using modern,2,5,3,1.2379,3.093,0.104
component app,2,5,3,1.2379,3.093,0.071
local dev,2,5,3,1.2379,3.093,0.170
tsx file,2,5,3,1.2379,3.093,0.264
find function,2,5,3,1.2379,3.093,-0.019
make another,2,5,3,1.2379,3.093,0.031
update process,2,5,3,1.2379,3.093,0.080
show loading,2,5,3,1.2379,3.093,0.239
success failure,2,5,3,1.2379,3.093,0.335
fair amount,2,5,3,1.2379,3.093,0.519
specific piece,2,5,3,1.2379,3.093,0.252
resolve in,2,5,3,1.2379,3.093,-0.045
case create,2,5,3,1.2379,3.093,-0.022
faster development,2,5,3,1.2379,3.093,0.264
state becomes,2,5,3,1.2379,3.093,0.153
data needs,2,5,3,1.2379,3.093,0.027
rationale behind,2,5,3,1.2379,3.093,0.543
year ago,2,5,3,1.2379,3.093,0.405
internal list,2,5,3,1.2379,3.093,0.124
message is emitted,3,5,3,1.2379,3.093,0.414
syntax and instead,3,5,3,1.2379,3.093,0.276
report an issue,3,5,3,1.2379,3.093,0.302
order to find,3,5,3,1.2379,3.093,0.182
request is sent,3,5,3,1.2379,3.093,0.295
function when using,3,5,3,1.2379,3.093,0.046
wish to allow,3,5,3,1.2379,3.093,0.280
framework for building,3,5,3,1.2379,3.093,0.417
use the last,3,5,3,1.2379,3.093,-0.004
inside that function,3,5,3,1.2379,3.093,0.263
most appropriate way,3,5,3,1.2379,3.093,0.423
showing up in,3,5,3,1.2379,3.093,0.195
supported in python,3,5,3,1.2379,3.093,0.234
use the actual,3,5,3,1.2379,3.093,0.045
impossible to use,3,5,3,1.2379,3.093,0.155
web application using,3,5,3,1.2379,3.093,0.208
note keep in,3,5,3,1.2379,3.093,0.246
case the input,3,5,3,1.2379,3.093,0.145
use the normal,3,5,3,1.2379,3.093,0.135
need to extend,3,5,3,1.2379,3.093,0.202
able to resolve,3,5,3,1.2379,3.093,0.244
without any special,3,5,3,1.2379,3.093,0.304
setting the log,3,5,3,1.2379,3.093,0.260
use the inline,3,5,3,1.2379,3.093,0.183
trying to locate,3,5,3,1.2379,3.093,0.391
use as little,3,5,3,1.2379,3.093,0.274
state that needs,3,5,3,1.2379,3.093,0.260
never be changed,3,5,3,1.2379,3.093,0.322
data to work,3,5,3,1.2379,3.093,0.071
mutating the existing,3,5,3,1.2379,3.093,0.417
log an error,3,5,3,1.2379,3.093,0.133
turn them into,3,5,3,1.2379,3.093,0.436
upstream repository,2,7,3,1.2251,3.088,0.272
keep running,2,7,3,1.2251,3.088,0.116
among multiple,2,7,3,1.2251,3.088,0.265
list see,2,7,3,1.2251,3.088,-0.044
version works,2,7,3,1.2251,3.088,0.057
up multiple,2,7,3,1.2251,3.088,0.029
break code,2,7,3,1.2251,3.088,0.062
exist within,2,7,3,1.2251,3.088,0.179
regular build,2,7,3,1.2251,3.088,0.121
more involved,2,7,3,1.2251,3.088,0.176
key string,2,7,3,1.2251,3.088,0.000
calling thread,2,7,3,1.2251,3.088,0.150
single pass,2,7,3,1.2251,3.088,0.091
like buttons,2,7,3,1.2251,3.088,0.236
made during,2,7,3,1.2251,3.088,0.170
cause significant,2,7,3,1.2251,3.088,0.315
longer considered,2,7,3,1.2251,3.088,0.244
legacy feature,2,7,3,1.2251,3.088,0.267
process without,2,7,3,1.2251,3.088,0.061
precise control,2,7,3,1.2251,3.088,0.341
false note,2,7,3,1.2251,3.088,0.084
previous configuration,2,7,3,1.2251,3.088,0.128
dependency without,2,7,3,1.2251,3.088,0.090
code python,2,7,3,1.2251,3.088,-0.099
frontend application,2,7,3,1.2251,3.088,0.226
error indicating,2,7,3,1.2251,3.088,0.176
universally unique,2,7,3,1.2251,3.088,0.543
using graph,2,7,3,1.2251,3.088,0.081
becomes important,2,7,3,1.2251,3.088,0.269
same security,2,7,3,1.2251,3.088,0.055
other regular,2,7,3,1.2251,3.088,0.082
process wide,2,7,3,1.2251,3.088,0.277
name last,2,7,3,1.2251,3.088,0.040
set request,2,7,3,1.2251,3.088,-0.011
class needs,2,7,3,1.2251,3.088,0.081
context instance,2,7,3,1.2251,3.088,0.098
binary content,2,7,3,1.2251,3.088,0.192
left untouched,2,7,3,1.2251,3.088,0.532
sometimes need,2,7,3,1.2251,3.088,0.094
branch push,2,7,3,1.2251,3.088,0.192
tested against,2,7,3,1.2251,3.088,0.340
st nd,2,7,3,1.2251,3.088,0.556
entire test,2,7,3,1.2251,3.088,0.115
mode works,2,7,3,1.2251,3.088,0.114
same option,2,7,3,1.2251,3.088,-0.052
executed more,2,7,3,1.2251,3.088,0.080
pass text,2,7,3,1.2251,3.088,0.094
add react,2,7,3,1.2251,3.088,0.010
per node,2,7,3,1.2251,3.088,0.150
object graph,2,7,3,1.2251,3.088,0.103
port see,2,7,3,1.2251,3.088,0.079
default base,2,7,3,1.2251,3.088,0.037
same identifier,2,7,3,1.2251,3.088,0.103
significantly improve,2,7,3,1.2251,3.088,0.439
tag instead,2,7,3,1.2251,3.088,0.089
use update,2,7,3,1.2251,3.088,-0.085
read back,2,7,3,1.2251,3.088,0.117
wrapping around,2,7,3,1.2251,3.088,0.337
add three,2,7,3,1.2251,3.088,0.095
dependency between,2,7,3,1.2251,3.088,0.118
upon first,2,7,3,1.2251,3.088,0.189
light weight,2,7,3,1.2251,3.088,0.608
relatively few,2,7,3,1.2251,3.088,0.376
background information,2,7,3,1.2251,3.088,0.193
session using,2,7,3,1.2251,3.088,0.041
feel comfortable,2,7,3,1.2251,3.088,0.563
sub object,2,7,3,1.2251,3.088,0.114
built upon,2,7,3,1.2251,3.088,0.274
straight forward,2,7,3,1.2251,3.088,0.534
add experimental,2,7,3,1.2251,3.088,0.178
environment without,2,7,3,1.2251,3.088,0.047
package author,2,7,3,1.2251,3.088,0.223
render call,2,7,3,1.2251,3.088,0.100
file watching,2,7,3,1.2251,3.088,0.308
class specific,2,7,3,1.2251,3.088,0.049
use an explicit,3,7,3,1.2251,3.088,0.134
bill of material,3,7,3,1.2251,3.088,0.722
extension and use,3,7,3,1.2251,3.088,0.245
method should return,3,7,3,1.2251,3.088,0.236
attempt to fix,3,7,3,1.2251,3.088,0.225
intended to give,3,7,3,1.2251,3.088,0.312
source of information,3,7,3,1.2251,3.088,0.289
check the value,3,7,3,1.2251,3.088,0.072
avoid this issue,3,7,3,1.2251,3.088,0.285
using an array,3,7,3,1.2251,3.088,0.038
send and receive,3,7,3,1.2251,3.088,0.478
using your favorite,3,7,3,1.2251,3.088,0.279
possible to access,3,7,3,1.2251,3.088,0.154
full stack trace,3,7,3,1.2251,3.088,0.303
limit the maximum,3,7,3,1.2251,3.088,0.357
first name last,3,7,3,1.2251,3.088,0.426
information is provided,3,7,3,1.2251,3.088,0.241
such as database,3,7,3,1.2251,3.088,0.057
database for testing,3,7,3,1.2251,3.088,0.289
out the entire,3,7,3,1.2251,3.088,0.165
class and instance,3,7,3,1.2251,3.088,0.310
able to identify,3,7,3,1.2251,3.088,0.287
way to produce,3,7,3,1.2251,3.088,0.213
see the warning,3,7,3,1.2251,3.088,0.167
needs to make,3,7,3,1.2251,3.088,0.107
using react native,3,7,3,1.2251,3.088,0.176
need to construct,3,7,3,1.2251,3.088,0.191
using the full,3,7,3,1.2251,3.088,0.092
let you pass,3,7,3,1.2251,3.088,0.287
need to extract,3,7,3,1.2251,3.088,0.177
use it instead,3,7,3,1.2251,3.088,0.129
private key file,3,7,3,1.2251,3.088,0.248
git push force,3,7,3,1.2251,3.088,0.409
mode is now,3,7,3,1.2251,3.088,0.203
order to work,3,7,3,1.2251,3.088,0.135
using class,2,9,2,1.2122,3.084,-0.075
same session,2,9,2,1.2122,3.084,0.081
model manager,2,9,2,1.2122,3.084,0.179
own branch,2,9,2,1.2122,3.084,0.128
lookup type,2,9,2,1.2122,3.084,0.129
memory use,2,9,2,1.2122,3.084,-0.058
application within,2,9,2,1.2122,3.084,0.078
mapping in,2,9,2,1.2122,3.084,-0.022
number used,2,9,2,1.2122,3.084,-0.046
storage engine,2,9,2,1.2122,3.084,0.297
alter user,2,9,2,1.2122,3.084,0.208
shell environment,2,9,2,1.2122,3.084,0.134
url setting,2,9,2,1.2122,3.084,0.140
equivalent functionality,2,9,2,1.2122,3.084,0.251
branch see,2,9,2,1.2122,3.084,0.028
other new,2,9,2,1.2122,3.084,-0.087
specific port,2,9,2,1.2122,3.084,0.166
python support,2,9,2,1.2122,3.084,0.019
causing other,2,9,2,1.2122,3.084,0.153
user group,2,9,2,1.2122,3.084,0.119
other control,2,9,2,1.2122,3.084,0.044
code attribute,2,9,2,1.2122,3.084,-0.004
default maximum,2,9,2,1.2122,3.084,0.122
another source,2,9,2,1.2122,3.084,0.086
key part,2,9,2,1.2122,3.084,0.077
default method,2,9,2,1.2122,3.084,-0.059
global default,2,9,2,1.2122,3.084,0.051
completely isolated,2,9,2,1.2122,3.084,0.436
private docker,2,9,2,1.2122,3.084,0.083
azure container,2,9,2,1.2122,3.084,0.356
following image,2,9,2,1.2122,3.084,0.027
alpine container,2,9,2,1.2122,3.084,0.314
run unit,2,9,2,1.2122,3.084,0.120
compose service,2,9,2,1.2122,3.084,0.185
security context,2,9,2,1.2122,3.084,0.149
repository set,2,9,2,1.2122,3.084,0.021
compose stack,2,9,2,1.2122,3.084,0.182
specific directory,2,9,2,1.2122,3.084,0.053
network use,2,9,2,1.2122,3.084,-0.026
server container,2,9,2,1.2122,3.084,0.031
important data,2,9,2,1.2122,3.084,0.049
database state,2,9,2,1.2122,3.084,0.014
install script,2,9,2,1.2122,3.084,0.089
command history,2,9,2,1.2122,3.084,0.129
tag message,2,9,2,1.2122,3.084,0.128
heavy load,2,9,2,1.2122,3.084,0.428
implementation used,2,9,2,1.2122,3.084,0.029
system log,2,9,2,1.2122,3.084,0.102
docker commit,2,9,2,1.2122,3.084,0.010
push now,2,9,2,1.2122,3.084,0.105
docker buildkit,2,9,2,1.2122,3.084,0.283
docker now,2,9,2,1.2122,3.084,-0.064
communicate over,2,9,2,1.2122,3.084,0.310
cannot create,2,9,2,1.2122,3.084,0.044
utf without,2,9,2,1.2122,3.084,0.180
new window,2,9,2,1.2122,3.084,0.095
next commit,2,9,2,1.2122,3.084,0.112
empty repository,2,9,2,1.2122,3.084,0.141
executed using,2,9,2,1.2122,3.084,0.048
ws error,2,9,2,1.2122,3.084,0.303
log command,2,9,2,1.2122,3.084,0.047
null return,2,9,2,1.2122,3.084,0.067
time usually,2,9,2,1.2122,3.084,0.082
similar effect,2,9,2,1.2122,3.084,0.167
static const,2,9,2,1.2122,3.084,0.269
object given,2,9,2,1.2122,3.084,-0.002
highest index,2,9,2,1.2122,3.084,0.329
new generator,2,9,2,1.2122,3.084,0.117
property lookup,2,9,2,1.2122,3.084,0.234
resolved promise,2,9,2,1.2122,3.084,0.324
function declared,2,9,2,1.2122,3.084,0.070
single non,2,9,2,1.2122,3.084,0.091
wake up,2,9,2,1.2122,3.084,0.469
time consider,2,9,2,1.2122,3.084,0.095
value computed,2,9,2,1.2122,3.084,0.145
anywhere within,2,9,2,1.2122,3.084,0.251
general category,2,9,2,1.2122,3.084,0.373
character except,2,9,2,1.2122,3.084,0.217
literal constant,2,9,2,1.2122,3.084,0.336
size pretty,2,9,2,1.2122,3.084,0.269
scaling factor,2,9,2,1.2122,3.084,0.646
set local,2,9,2,1.2122,3.084,0.019
contain null,2,9,2,1.2122,3.084,0.170
base table,2,9,2,1.2122,3.084,0.104
bit ascii,2,9,2,1.2122,3.084,0.300
take over,2,9,2,1.2122,3.084,0.123
state set,2,9,2,1.2122,3.084,-0.053
integer data,2,9,2,1.2122,3.084,0.054
decode stream,2,9,2,1.2122,3.084,0.377
cross join,2,9,2,1.2122,3.084,0.339
new handler,2,9,2,1.2122,3.084,0.069
tables except,2,9,2,1.2122,3.084,0.233
static storage,2,9,2,1.2122,3.084,0.239
module api,2,9,2,1.2122,3.084,0.013
matrix multiplication,2,9,2,1.2122,3.084,0.692
re sub,2,9,2,1.2122,3.084,0.252
exact way,2,9,2,1.2122,3.084,0.149
socket object,2,9,2,1.2122,3.084,0.109
uuid module,2,9,2,1.2122,3.084,0.277
like relay,2,9,2,1.2122,3.084,0.399
loading component,2,9,2,1.2122,3.084,0.211
progressive enhancement,2,9,2,1.2122,3.084,0.765
such an object,3,9,2,1.2122,3.084,0.085
important to realize,3,9,2,1.2122,3.084,0.508
command is available,3,9,2,1.2122,3.084,0.156
type of attack,3,9,2,1.2122,3.084,0.377
access to data,3,9,2,1.2122,3.084,0.073
form is valid,3,9,2,1.2122,3.084,0.300
see the built,3,9,2,1.2122,3.084,0.121
access to user,3,9,2,1.2122,3.084,0.122
match the behavior,3,9,2,1.2122,3.084,0.221
due to security,3,9,2,1.2122,3.084,0.218
seem to ignore,3,9,2,1.2122,3.084,0.321
user will see,3,9,2,1.2122,3.084,0.214
raised an exception,3,9,2,1.2122,3.084,0.257
under the name,3,9,2,1.2122,3.084,0.152
want more control,3,9,2,1.2122,3.084,0.320
tempting to use,3,9,2,1.2122,3.084,0.329
try finally statement,3,9,2,1.2122,3.084,0.448
through the same,3,9,2,1.2122,3.084,0.029
level of detail,3,9,2,1.2122,3.084,0.374
run an application,3,9,2,1.2122,3.084,0.188
docker to run,3,9,2,1.2122,3.084,0.034
driver to use,3,9,2,1.2122,3.084,0.158
docker to use,3,9,2,1.2122,3.084,-0.059
docker container start,3,9,2,1.2122,3.084,0.268
available in docker,3,9,2,1.2122,3.084,0.143
set the error,3,9,2,1.2122,3.084,0.051
under heavy load,3,9,2,1.2122,3.084,0.572
fix bug in,3,9,2,1.2122,3.084,0.221
configured to allow,3,9,2,1.2122,3.084,0.300
cannot be added,3,9,2,1.2122,3.084,0.188
longer be used,3,9,2,1.2122,3.084,0.126
level is specified,3,9,2,1.2122,3.084,0.247
code in git,3,9,2,1.2122,3.084,0.087
ws error highlight,3,9,2,1.2122,3.084,0.804
last index property,3,9,2,1.2122,3.084,0.371
otherwise the value,3,9,2,1.2122,3.084,0.138
object this method,3,9,2,1.2122,3.084,0.116
raised this error,3,9,2,1.2122,3.084,0.278
user name mapping,3,9,2,1.2122,3.084,0.450
result is returned,3,9,2,1.2122,3.084,0.245
least one row,3,9,2,1.2122,3.084,0.325
object get item,3,9,2,1.2122,3.084,0.329
python library reference,3,9,2,1.2122,3.084,0.414
upgrade to react,3,9,2,1.2122,3.084,0.333
set the state,3,9,2,1.2122,3.084,0.080
click event handler,3,9,2,1.2122,3.084,0.415
require significant,2,5,2,1.1824,3.073,0.318
time frame,2,5,2,1.1824,3.073,0.185
similarly other,2,5,2,1.1824,3.073,0.156
update behavior,2,5,2,1.1824,3.073,0.083
selected based,2,5,2,1.1824,3.073,0.204
sample src,2,5,2,1.1824,3.073,0.325
see package,2,5,2,1.1824,3.073,-0.015
source url,2,5,2,1.1824,3.073,0.121
main target,2,5,2,1.1824,3.073,0.125
command similar,2,5,2,1.1824,3.073,0.055
target see,2,5,2,1.1824,3.073,0.021
much closer,2,5,2,1.1824,3.073,0.404
cross referencing,2,5,2,1.1824,3.073,0.444
file home,2,5,2,1.1824,3.073,0.096
regex in,2,5,2,1.1824,3.073,0.010
object foo,2,5,2,1.1824,3.073,0.064
automatically included,2,5,2,1.1824,3.073,0.174
separate executable,2,5,2,1.1824,3.073,0.287
found below,2,5,2,1.1824,3.073,0.159
quiet flag,2,5,2,1.1824,3.073,0.300
provider using,2,5,2,1.1824,3.073,0.081
object per,2,5,2,1.1824,3.073,0.051
without type,2,5,2,1.1824,3.073,-0.052
profile used,2,5,2,1.1824,3.073,0.098
sometimes make,2,5,2,1.1824,3.073,0.119
supporting older,2,5,2,1.1824,3.073,0.413
negatively affect,2,5,2,1.1824,3.073,0.630
item name,2,5,2,1.1824,3.073,0.058
target section,2,5,2,1.1824,3.073,0.123
multiple build,2,5,2,1.1824,3.073,0.024
auto fix,2,5,2,1.1824,3.073,0.197
consequential damages,2,5,2,1.1824,3.073,0.953
please include,2,5,2,1.1824,3.073,0.185
several code,2,5,2,1.1824,3.073,0.018
throw break,2,5,2,1.1824,3.073,0.280
automatically open,2,5,2,1.1824,3.073,0.115
ast object,2,5,2,1.1824,3.073,0.106
automatically resolve,2,5,2,1.1824,3.073,0.214
meta name,2,5,2,1.1824,3.073,0.145
code slice,2,5,2,1.1824,3.073,0.005
filename string,2,5,2,1.1824,3.073,0.146
explicit user,2,5,2,1.1824,3.073,0.162
reference description,2,5,2,1.1824,3.073,0.166
code string,2,5,2,1.1824,3.073,-0.115
per run,2,5,2,1.1824,3.073,0.078
comment explaining,2,5,2,1.1824,3.073,0.426
change please,2,5,2,1.1824,3.073,0.132
other team,2,5,2,1.1824,3.073,0.085
next token,2,5,2,1.1824,3.073,0.174
incorrect behavior,2,5,2,1.1824,3.073,0.168
use block,2,5,2,1.1824,3.073,-0.059
expression string,2,5,2,1.1824,3.073,0.031
create object,2,5,2,1.1824,3.073,-0.079
initialized during,2,5,2,1.1824,3.073,0.271
unless configured,2,5,2,1.1824,3.073,0.263
string true,2,5,2,1.1824,3.073,0.013
unintended behavior,2,5,2,1.1824,3.073,0.419
env object,2,5,2,1.1824,3.073,0.082
flow statement,2,5,2,1.1824,3.073,0.234
script import,2,5,2,1.1824,3.073,0.069
defined elsewhere,2,5,2,1.1824,3.073,0.308
export declaration,2,5,2,1.1824,3.073,0.300
next return,2,5,2,1.1824,3.073,0.051
error warn,2,5,2,1.1824,3.073,0.159
perform type,2,5,2,1.1824,3.073,0.073
possible thanks,2,5,2,1.1824,3.073,0.234
rule set,2,5,2,1.1824,3.073,-0.032
use init,2,5,2,1.1824,3.073,0.044
made without,2,5,2,1.1824,3.073,0.104
process easier,2,5,2,1.1824,3.073,0.175
section see,2,5,2,1.1824,3.073,0.016
array callback,2,5,2,1.1824,3.073,0.129
content negotiation,2,5,2,1.1824,3.073,0.415
simple request,2,5,2,1.1824,3.073,0.109
float bool,2,5,2,1.1824,3.073,0.472
deep learning,2,5,2,1.1824,3.073,0.451
add different,2,5,2,1.1824,3.073,-0.010
different media,2,5,2,1.1824,3.073,0.240
declare more,2,5,2,1.1824,3.073,0.083
await inside,2,5,2,1.1824,3.073,0.197
description field,2,5,2,1.1824,3.073,0.161
using request,2,5,2,1.1824,3.073,-0.055
custom prefix,2,5,2,1.1824,3.073,0.205
frontend app,2,5,2,1.1824,3.073,0.224
multiple path,2,5,2,1.1824,3.073,0.025
create file,2,5,2,1.1824,3.073,-0.087
different field,2,5,2,1.1824,3.073,0.021
header authorization,2,5,2,1.1824,3.073,0.382
table true,2,5,2,1.1824,3.073,0.066
upgrade pip,2,5,2,1.1824,3.073,0.392
handle many,2,5,2,1.1824,3.073,0.108
large error,2,5,2,1.1824,3.073,0.068
worker using,2,5,2,1.1824,3.073,0.070
application module,2,5,2,1.1824,3.073,0.024
state specific,2,5,2,1.1824,3.073,0.028
get self,2,5,2,1.1824,3.073,0.104
bit later,2,5,2,1.1824,3.073,0.136
upload progress,2,5,2,1.1824,3.073,0.387
rule view,2,5,2,1.1824,3.073,0.063
initial page,2,5,2,1.1824,3.073,0.175
automatically available,2,5,2,1.1824,3.073,0.095
request basis,2,5,2,1.1824,3.073,0.287
field definition,2,5,2,1.1824,3.073,0.126
mode therefore,2,5,2,1.1824,3.073,0.179
duck typed,2,5,2,1.1824,3.073,0.492
common issue,2,5,2,1.1824,3.073,0.121
test parameter,2,5,2,1.1824,3.073,0.021
case test,2,5,2,1.1824,3.073,-0.023
test view,2,5,2,1.1824,3.073,0.038
setup test,2,5,2,1.1824,3.073,0.106
between test,2,5,2,1.1824,3.073,0.018
discovered in,2,5,2,1.1824,3.073,0.095
user environment,2,5,2,1.1824,3.073,0.030
output test,2,5,2,1.1824,3.073,-0.030
separate plugin,2,5,2,1.1824,3.073,0.190
temporary data,2,5,2,1.1824,3.073,0.114
import hook,2,5,2,1.1824,3.073,0.188
api get,2,5,2,1.1824,3.073,-0.027
import source,2,5,2,1.1824,3.073,0.112
format fixed,2,5,2,1.1824,3.073,0.110
state create,2,5,2,1.1824,3.073,-0.038
own middleware,2,5,2,1.1824,3.073,0.156
store create,2,5,2,1.1824,3.073,0.017
root react,2,5,2,1.1824,3.073,0.092
common performance,2,5,2,1.1824,3.073,0.154
using several,2,5,2,1.1824,3.073,0.029
state api,2,5,2,1.1824,3.073,-0.014
login screen,2,5,2,1.1824,3.073,0.336
start rendering,2,5,2,1.1824,3.073,0.186
quick look,2,5,2,1.1824,3.073,0.284
same post,2,5,2,1.1824,3.073,0.028
try calling,2,5,2,1.1824,3.073,0.126
state over,2,5,2,1.1824,3.073,0.042
fully normalized,2,5,2,1.1824,3.073,0.436
seen outside,2,5,2,1.1824,3.073,0.278
middleware using,2,5,2,1.1824,3.073,0.020
provider component,2,5,2,1.1824,3.073,0.210
go file,2,5,2,1.1824,3.073,0.015
server framework,2,5,2,1.1824,3.073,0.130
work closely,2,5,2,1.1824,3.073,0.299
web platform,2,5,2,1.1824,3.073,0.220
via build,2,5,2,1.1824,3.073,0.077
custom event,2,5,2,1.1824,3.073,0.147
writing and running,3,5,2,1.1824,3.073,0.354
cannot be referenced,3,5,2,1.1824,3.073,0.320
dev command line,3,5,2,1.1824,3.073,0.189
selected based on,3,5,2,1.1824,3.073,0.238
level this means,3,5,2,1.1824,3.073,0.196
package was built,3,5,2,1.1824,3.073,0.373
choose the name,3,5,2,1.1824,3.073,0.229
information on writing,3,5,2,1.1824,3.073,0.287
control the number,3,5,2,1.1824,3.073,0.175
place the following,3,5,2,1.1824,3.073,0.100
extra command line,3,5,2,1.1824,3.073,0.170
information on setting,3,5,2,1.1824,3.073,0.263
field is required,3,5,2,1.1824,3.073,0.217
built in path,3,5,2,1.1824,3.073,0.111
read the full,3,5,2,1.1824,3.073,0.205
free and open,3,5,2,1.1824,3.073,0.447
permission is hereby,3,5,2,1.1824,3.073,0.700
software is provided,3,5,2,1.1824,3.073,0.370
express or implied,3,5,2,1.1824,3.073,0.688
want to quickly,3,5,2,1.1824,3.073,0.201
return throw break,3,5,2,1.1824,3.073,0.498
need to reference,3,5,2,1.1824,3.073,0.015
around the function,3,5,2,1.1824,3.073,0.151
considered good practice,3,5,2,1.1824,3.073,0.456
using or await,3,5,2,1.1824,3.073,0.344
support for type,3,5,2,1.1824,3.073,0.068
different from using,3,5,2,1.1824,3.073,0.135
control flow statement,3,5,2,1.1824,3.073,0.341
likely an error,3,5,2,1.1824,3.073,0.217
parse int function,3,5,2,1.1824,3.073,0.268
directory is specified,3,5,2,1.1824,3.073,0.198
needs to execute,3,5,2,1.1824,3.073,0.222
set to module,3,5,2,1.1824,3.073,0.112
made it difficult,3,5,2,1.1824,3.073,0.461
need to account,3,5,2,1.1824,3.073,0.143
file can now,3,5,2,1.1824,3.073,0.122
create and activate,3,5,2,1.1824,3.073,0.422
add their own,3,5,2,1.1824,3.073,0.190
type application json,3,5,2,1.1824,3.073,0.302
needs to fetch,3,5,2,1.1824,3.073,0.223
value you returned,3,5,2,1.1824,3.073,0.347
block the event,3,5,2,1.1824,3.073,0.270
type of web,3,5,2,1.1824,3.073,0.196
need to share,3,5,2,1.1824,3.073,0.146
help you avoid,3,5,2,1.1824,3.073,0.304
server error response,3,5,2,1.1824,3.073,0.334
without an active,3,5,2,1.1824,3.073,0.356
time to try,3,5,2,1.1824,3.073,0.194
ways to set,3,5,2,1.1824,3.073,0.138
per request basis,3,5,2,1.1824,3.073,0.608
need to inspect,3,5,2,1.1824,3.073,0.192
installed and enabled,3,5,2,1.1824,3.073,0.406
instance of str,3,5,2,1.1824,3.073,0.296
use an alias,3,5,2,1.1824,3.073,0.162
use the json,3,5,2,1.1824,3.073,0.036
object in particular,3,5,2,1.1824,3.073,0.151
case the data,3,5,2,1.1824,3.073,0.077
validation error raised,3,5,2,1.1824,3.073,0.421
useful when using,3,5,2,1.1824,3.073,0.137
using the builtin,3,5,2,1.1824,3.073,0.277
function multiple times,3,5,2,1.1824,3.073,0.094
easy to define,3,5,2,1.1824,3.073,0.248
default to avoid,3,5,2,1.1824,3.073,0.076
value of auto,3,5,2,1.1824,3.073,0.225
able to restore,3,5,2,1.1824,3.073,0.298
dom and react,3,5,2,1.1824,3.073,0.388
app to see,3,5,2,1.1824,3.073,0.130
data they need,3,5,2,1.1824,3.073,0.255
data and return,3,5,2,1.1824,3.073,0.124
object it needs,3,5,2,1.1824,3.073,0.153
state every time,3,5,2,1.1824,3.073,0.165
mutate the data,3,5,2,1.1824,3.073,0.240
part of his,3,5,2,1.1824,3.073,0.324
new async function,3,5,2,1.1824,3.073,0.213
push your code,3,5,2,1.1824,3.073,0.218
code against,2,6,2,1.1766,3.071,0.038
via pip,2,6,2,1.1766,3.071,0.296
equivalent command,2,6,2,1.1766,3.071,0.102
storage mechanism,2,6,2,1.1766,3.071,0.325
gone wrong,2,6,2,1.1766,3.071,0.409
own validation,2,6,2,1.1766,3.071,0.168
csv writer,2,6,2,1.1766,3.071,0.517
template using,2,6,2,1.1766,3.071,0.002
code working,2,6,2,1.1766,3.071,-0.033
radio buttons,2,6,2,1.1766,3.071,0.668
learning python,2,6,2,1.1766,3.071,0.213
really matter,2,6,2,1.1766,3.071,0.295
screen space,2,6,2,1.1766,3.071,0.278
batch file,2,6,2,1.1766,3.071,0.201
another window,2,6,2,1.1766,3.071,0.175
web form,2,6,2,1.1766,3.071,0.136
method passing,2,6,2,1.1766,3.071,0.094
website using,2,6,2,1.1766,3.071,0.121
other app,2,6,2,1.1766,3.071,-0.023
join in,2,6,2,1.1766,3.071,-0.064
escaped string,2,6,2,1.1766,3.071,0.240
need multiple,2,6,2,1.1766,3.071,-0.009
render anything,2,6,2,1.1766,3.071,0.206
now rather,2,6,2,1.1766,3.071,0.056
own built,2,6,2,1.1766,3.071,0.124
technique used,2,6,2,1.1766,3.071,0.162
byte limit,2,6,2,1.1766,3.071,0.306
never worked,2,6,2,1.1766,3.071,0.284
list argument,2,6,2,1.1766,3.071,0.030
default password,2,6,2,1.1766,3.071,0.074
query extend,2,6,2,1.1766,3.071,0.231
medium sized,2,6,2,1.1766,3.071,0.605
safely remove,2,6,2,1.1766,3.071,0.276
sub classes,2,6,2,1.1766,3.071,0.269
data due,2,6,2,1.1766,3.071,0.072
update insert,2,6,2,1.1766,3.071,0.170
retrieve information,2,6,2,1.1766,3.071,0.228
more tables,2,6,2,1.1766,3.071,0.066
everything up,2,6,2,1.1766,3.071,0.129
navigation menu,2,6,2,1.1766,3.071,0.483
production app,2,6,2,1.1766,3.071,0.154
time goes,2,6,2,1.1766,3.071,0.136
upload button,2,6,2,1.1766,3.071,0.358
key point,2,6,2,1.1766,3.071,0.083
table structure,2,6,2,1.1766,3.071,0.138
another using,2,6,2,1.1766,3.071,-0.046
hardware virtualization,2,6,2,1.1766,3.071,0.561
step process,2,6,2,1.1766,3.071,0.169
need full,2,6,2,1.1766,3.071,0.057
without understanding,2,6,2,1.1766,3.071,0.220
corresponding image,2,6,2,1.1766,3.071,0.178
works within,2,6,2,1.1766,3.071,0.120
original container,2,6,2,1.1766,3.071,0.139
process output,2,6,2,1.1766,3.071,0.038
error unable,2,6,2,1.1766,3.071,0.174
delete operation,2,6,2,1.1766,3.071,0.215
now change,2,6,2,1.1766,3.071,-0.007
related error,2,6,2,1.1766,3.071,0.059
first remove,2,6,2,1.1766,3.071,0.058
two previous,2,6,2,1.1766,3.071,0.109
signed image,2,6,2,1.1766,3.071,0.228
task based,2,6,2,1.1766,3.071,0.192
hub personal,2,6,2,1.1766,3.071,0.342
force docker,2,6,2,1.1766,3.071,0.115
docker overlay,2,6,2,1.1766,3.071,0.200
common between,2,6,2,1.1766,3.071,0.100
file locally,2,6,2,1.1766,3.071,0.100
appropriate location,2,6,2,1.1766,3.071,0.260
tagged commit,2,6,2,1.1766,3.071,0.343
technically correct,2,6,2,1.1766,3.071,0.343
external program,2,6,2,1.1766,3.071,0.165
cannot open,2,6,2,1.1766,3.071,0.121
strange error,2,6,2,1.1766,3.071,0.227
numeric order,2,6,2,1.1766,3.071,0.223
padding on,2,6,2,1.1766,3.071,0.133
more cumbersome,2,6,2,1.1766,3.071,0.327
high bit,2,6,2,1.1766,3.071,0.262
git working,2,6,2,1.1766,3.071,0.019
threaded code,2,6,2,1.1766,3.071,0.159
app specific,2,6,2,1.1766,3.071,0.061
index skip,2,6,2,1.1766,3.071,0.185
number use,2,6,2,1.1766,3.071,-0.113
code out,2,6,2,1.1766,3.071,-0.080
look around,2,6,2,1.1766,3.071,0.155
sequential access,2,6,2,1.1766,3.071,0.319
declared static,2,6,2,1.1766,3.071,0.236
break character,2,6,2,1.1766,3.071,0.247
method cannot,2,6,2,1.1766,3.071,0.041
right class,2,6,2,1.1766,3.071,0.082
most concise,2,6,2,1.1766,3.071,0.297
string input,2,6,2,1.1766,3.071,0.030
note avoid,2,6,2,1.1766,3.071,0.092
string constructor,2,6,2,1.1766,3.071,0.068
standard method,2,6,2,1.1766,3.071,0.028
first script,2,6,2,1.1766,3.071,-0.009
often find,2,6,2,1.1766,3.071,0.154
using without,2,6,2,1.1766,3.071,-0.069
disk block,2,6,2,1.1766,3.071,0.219
special way,2,6,2,1.1766,3.071,0.090
natural ordering,2,6,2,1.1766,3.071,0.465
database role,2,6,2,1.1766,3.071,0.206
standard see,2,6,2,1.1766,3.071,0.007
name table,2,6,2,1.1766,3.071,-0.010
second block,2,6,2,1.1766,3.071,0.128
different table,2,6,2,1.1766,3.071,0.028
output table,2,6,2,1.1766,3.071,0.017
two argument,2,6,2,1.1766,3.071,0.040
call syntax,2,6,2,1.1766,3.071,0.052
defined class,2,6,2,1.1766,3.071,0.047
python compiler,2,6,2,1.1766,3.071,0.054
real type,2,6,2,1.1766,3.071,0.064
inline css,2,6,2,1.1766,3.071,0.287
sub component,2,6,2,1.1766,3.071,0.218
root namespace,2,6,2,1.1766,3.071,0.230
try to load,3,6,2,1.1766,3.071,0.226
like the above,3,6,2,1.1766,3.071,0.080
work on python,3,6,2,1.1766,3.071,0.191
database is used,3,6,2,1.1766,3.071,0.113
instead of simply,3,6,2,1.1766,3.071,0.168
probably the most,3,6,2,1.1766,3.071,0.237
work your way,3,6,2,1.1766,3.071,0.446
set this up,3,6,2,1.1766,3.071,0.277
bound field label,3,6,2,1.1766,3.071,0.550
field label tag,3,6,2,1.1766,3.071,0.514
efficient to use,3,6,2,1.1766,3.071,0.188
much more efficient,3,6,2,1.1766,3.071,0.353
easy to forget,3,6,2,1.1766,3.071,0.398
instead of setting,3,6,2,1.1766,3.071,0.109
necessary to add,3,6,2,1.1766,3.071,0.212
load data into,3,6,2,1.1766,3.071,0.396
able to retrieve,3,6,2,1.1766,3.071,0.290
performance and security,3,6,2,1.1766,3.071,0.378
used by another,3,6,2,1.1766,3.071,0.171
get the object,3,6,2,1.1766,3.071,0.040
bunch of other,3,6,2,1.1766,3.071,0.231
selected by default,3,6,2,1.1766,3.071,0.202
run the risk,3,6,2,1.1766,3.071,0.293
like to give,3,6,2,1.1766,3.071,0.149
retrieve the result,3,6,2,1.1766,3.071,0.297
output as well,3,6,2,1.1766,3.071,0.070
access the container,3,6,2,1.1766,3.071,0.151
difference between docker,3,6,2,1.1766,3.071,0.122
accessible from outside,3,6,2,1.1766,3.071,0.456
way to obtain,3,6,2,1.1766,3.071,0.266
pass data between,3,6,2,1.1766,3.071,0.398
close and reopen,3,6,2,1.1766,3.071,0.621
cannot be started,3,6,2,1.1766,3.071,0.257
hub personal access,3,6,2,1.1766,3.071,0.448
restart the docker,3,6,2,1.1766,3.071,0.245
make it look,3,6,2,1.1766,3.071,0.207
kind of thing,3,6,2,1.1766,3.071,0.292
output the command,3,6,2,1.1766,3.071,0.057
index and working,3,6,2,1.1766,3.071,0.315
function in python,3,6,2,1.1766,3.071,0.057
enough to hold,3,6,2,1.1766,3.071,0.401
know in advance,3,6,2,1.1766,3.071,0.384
use the statement,3,6,2,1.1766,3.071,0.063
least one other,3,6,2,1.1766,3.071,0.183
note the difference,3,6,2,1.1766,3.071,0.181
method to read,3,6,2,1.1766,3.071,0.115
value you need,3,6,2,1.1766,3.071,-0.012
function this means,3,6,2,1.1766,3.071,0.064
object in other,3,6,2,1.1766,3.071,0.092
taken into consideration,3,6,2,1.1766,3.071,0.600
order of magnitude,3,6,2,1.1766,3.071,0.462
inside the constructor,3,6,2,1.1766,3.071,0.216
number of possible,3,6,2,1.1766,3.071,0.088
least one column,3,6,2,1.1766,3.071,0.312
use to change,3,6,2,1.1766,3.071,0.007
initialized to zero,3,6,2,1.1766,3.071,0.459
class is used,3,6,2,1.1766,3.071,0.087
token secret,2,7,2,1.1696,3.068,0.310
effect note,2,7,2,1.1696,3.068,0.096
prefix value,2,7,2,1.1696,3.068,0.073
need other,2,7,2,1.1696,3.068,-0.075
authentication failure,2,7,2,1.1696,3.068,0.291
directory such,2,7,2,1.1696,3.068,0.003
carefully consider,2,7,2,1.1696,3.068,0.389
detail below,2,7,2,1.1696,3.068,0.232
highest precedence,2,7,2,1.1696,3.068,0.504
effective level,2,7,2,1.1696,3.068,0.322
another issue,2,7,2,1.1696,3.068,0.090
another registry,2,7,2,1.1696,3.068,0.141
index json,2,7,2,1.1696,3.068,0.065
significantly improved,2,7,2,1.1696,3.068,0.476
help debugging,2,7,2,1.1696,3.068,0.219
different algorithm,2,7,2,1.1696,3.068,0.185
between minor,2,7,2,1.1696,3.068,0.232
new enum,2,7,2,1.1696,3.068,0.088
host use,2,7,2,1.1696,3.068,-0.031
date see,2,7,2,1.1696,3.068,0.029
configuration documentation,2,7,2,1.1696,3.068,0.073
file parser,2,7,2,1.1696,3.068,0.070
number positive,2,7,2,1.1696,3.068,0.218
meta default,2,7,2,1.1696,3.068,0.142
object indicating,2,7,2,1.1696,3.068,0.169
index true,2,7,2,1.1696,3.068,0.067
instance field,2,7,2,1.1696,3.068,0.058
reflect define,2,7,2,1.1696,3.068,0.324
mode now,2,7,2,1.1696,3.068,0.034
global window,2,7,2,1.1696,3.068,0.229
new wrapper,2,7,2,1.1696,3.068,0.124
script regular,2,7,2,1.1696,3.068,0.126
configured separately,2,7,2,1.1696,3.068,0.344
radix parameter,2,7,2,1.1696,3.068,0.382
yield keyword,2,7,2,1.1696,3.068,0.297
parsing in,2,7,2,1.1696,3.068,-0.029
see type,2,7,2,1.1696,3.068,-0.106
documentation git,2,7,2,1.1696,3.068,0.013
now result,2,7,2,1.1696,3.068,0.002
color environment,2,7,2,1.1696,3.068,0.165
linting code,2,7,2,1.1696,3.068,0.140
lower value,2,7,2,1.1696,3.068,0.091
path expression,2,7,2,1.1696,3.068,0.056
specific security,2,7,2,1.1696,3.068,0.134
process listening,2,7,2,1.1696,3.068,0.311
level instead,2,7,2,1.1696,3.068,0.047
custom classes,2,7,2,1.1696,3.068,0.158
main file,2,7,2,1.1696,3.068,-0.005
field attribute,2,7,2,1.1696,3.068,0.104
application directly,2,7,2,1.1696,3.068,0.075
dict list,2,7,2,1.1696,3.068,0.142
user base,2,7,2,1.1696,3.068,0.069
default fallback,2,7,2,1.1696,3.068,0.184
server normally,2,7,2,1.1696,3.068,0.149
automatically handle,2,7,2,1.1696,3.068,0.132
event source,2,7,2,1.1696,3.068,0.140
run correctly,2,7,2,1.1696,3.068,0.088
rendering process,2,7,2,1.1696,3.068,0.193
configurable via,2,7,2,1.1696,3.068,0.347
host proxy,2,7,2,1.1696,3.068,0.212
host option,2,7,2,1.1696,3.068,0.067
different template,2,7,2,1.1696,3.068,0.081
tutorial index,2,7,2,1.1696,3.068,0.193
logger add,2,7,2,1.1696,3.068,0.206
integer string,2,7,2,1.1696,3.068,0.078
allow writing,2,7,2,1.1696,3.068,0.149
client session,2,7,2,1.1696,3.068,0.174
more structured,2,7,2,1.1696,3.068,0.218
register new,2,7,2,1.1696,3.068,0.153
client support,2,7,2,1.1696,3.068,0.086
optional feature,2,7,2,1.1696,3.068,0.179
documentation see,2,7,2,1.1696,3.068,0.008
network level,2,7,2,1.1696,3.068,0.141
most out,2,7,2,1.1696,3.068,0.038
changed via,2,7,2,1.1696,3.068,0.176
dataclass decorator,2,7,2,1.1696,3.068,0.496
python built,2,7,2,1.1696,3.068,0.055
typing get,2,7,2,1.1696,3.068,0.157
way see,2,7,2,1.1696,3.068,-0.056
new development,2,7,2,1.1696,3.068,0.054
platform see,2,7,2,1.1696,3.068,0.097
different python,2,7,2,1.1696,3.068,-0.012
error msg,2,7,2,1.1696,3.068,0.248
test package,2,7,2,1.1696,3.068,0.007
warning using,2,7,2,1.1696,3.068,0.033
function through,2,7,2,1.1696,3.068,-0.019
message contents,2,7,2,1.1696,3.068,0.146
component based,2,7,2,1.1696,3.068,0.105
entrypoint script,2,7,2,1.1696,3.068,0.263
event format,2,7,2,1.1696,3.068,0.132
step add,2,7,2,1.1696,3.068,0.109
server data,2,7,2,1.1696,3.068,-0.057
single render,2,7,2,1.1696,3.068,0.132
state array,2,7,2,1.1696,3.068,-0.008
add default,2,7,2,1.1696,3.068,-0.051
serve different,2,7,2,1.1696,3.068,0.215
write reusable,2,7,2,1.1696,3.068,0.296
standardized way,2,7,2,1.1696,3.068,0.296
endpoint using,2,7,2,1.1696,3.068,0.116
better user,2,7,2,1.1696,3.068,0.089
existing react,2,7,2,1.1696,3.068,0.095
another model,2,7,2,1.1696,3.068,0.072
above configuration,2,7,2,1.1696,3.068,0.074
cannot automatically,2,7,2,1.1696,3.068,0.120
event queue,2,7,2,1.1696,3.068,0.310
async aware,2,7,2,1.1696,3.068,0.239
identify performance,2,7,2,1.1696,3.068,0.291
framework author,2,7,2,1.1696,3.068,0.324
builder instance,2,7,2,1.1696,3.068,0.236
allow arbitrary,2,7,2,1.1696,3.068,0.233
intended to provide,3,7,2,1.1696,3.068,0.273
used to merge,3,7,2,1.1696,3.068,0.103
version to install,3,7,2,1.1696,3.068,0.157
place it in,3,7,2,1.1696,3.068,0.193
table is used,3,7,2,1.1696,3.068,0.112
field is optional,3,7,2,1.1696,3.068,0.301
cannot be specified,3,7,2,1.1696,3.068,0.157
likely to cause,3,7,2,1.1696,3.068,0.344
cache to use,3,7,2,1.1696,3.068,0.072
input or output,3,7,2,1.1696,3.068,0.361
null the default,3,7,2,1.1696,3.068,0.103
reflect define property,3,7,2,1.1696,3.068,0.542
lead to hard,3,7,2,1.1696,3.068,0.362
using an object,3,7,2,1.1696,3.068,0.006
ready for production,3,7,2,1.1696,3.068,0.447
empty by default,3,7,2,1.1696,3.068,0.137
option to avoid,3,7,2,1.1696,3.068,0.098
reflect the new,3,7,2,1.1696,3.068,0.305
advantage of multiple,3,7,2,1.1696,3.068,0.238
skip this section,3,7,2,1.1696,3.068,0.333
built in development,3,7,2,1.1696,3.068,0.213
possible to provide,3,7,2,1.1696,3.068,0.188
parameter is provided,3,7,2,1.1696,3.068,0.257
data for more,3,7,2,1.1696,3.068,0.022
using the create,3,7,2,1.1696,3.068,-0.001
class or module,3,7,2,1.1696,3.068,0.297
top level component,3,7,2,1.1696,3.068,0.218
based on data,3,7,2,1.1696,3.068,0.037
based on previous,3,7,2,1.1696,3.068,0.192
update the cache,3,7,2,1.1696,3.068,0.233
better user experience,3,7,2,1.1696,3.068,0.445
needs to update,3,7,2,1.1696,3.068,0.138
identify and fix,3,7,2,1.1696,3.068,0.457
workspace path,2,9,2,1.1567,3.063,0.127
server such,2,9,2,1.1567,3.063,-0.008
optimized code,2,9,2,1.1567,3.063,0.142
page number,2,9,2,1.1567,3.063,0.053
user using,2,9,2,1.1567,3.063,-0.084
type flag,2,9,2,1.1567,3.063,-0.003
take action,2,9,2,1.1567,3.063,0.111
context information,2,9,2,1.1567,3.063,0.076
short name,2,9,2,1.1567,3.063,0.082
license agreement,2,9,2,1.1567,3.063,0.616
provide enough,2,9,2,1.1567,3.063,0.210
quite possible,2,9,2,1.1567,3.063,0.211
method never,2,9,2,1.1567,3.063,0.060
next case,2,9,2,1.1567,3.063,0.048
new map,2,9,2,1.1567,3.063,0.056
support passing,2,9,2,1.1567,3.063,0.143
byte ordering,2,9,2,1.1567,3.063,0.349
severity level,2,9,2,1.1567,3.063,0.277
referenced using,2,9,2,1.1567,3.063,0.111
env flag,2,9,2,1.1567,3.063,0.198
node update,2,9,2,1.1567,3.063,0.066
same resource,2,9,2,1.1567,3.063,0.098
cannot call,2,9,2,1.1567,3.063,0.062
two independent,2,9,2,1.1567,3.063,0.223
resource utilization,2,9,2,1.1567,3.063,0.544
type float,2,9,2,1.1567,3.063,0.145
key using,2,9,2,1.1567,3.063,-0.057
compatible data,2,9,2,1.1567,3.063,0.102
like user,2,9,2,1.1567,3.063,-0.056
separate build,2,9,2,1.1567,3.063,0.100
ways depending,2,9,2,1.1567,3.063,0.251
different classes,2,9,2,1.1567,3.063,0.100
authorization code,2,9,2,1.1567,3.063,0.175
step through,2,9,2,1.1567,3.063,0.179
production instead,2,9,2,1.1567,3.063,0.130
support streaming,2,9,2,1.1567,3.063,0.250
single python,2,9,2,1.1567,3.063,0.022
found return,2,9,2,1.1567,3.063,0.079
necessary data,2,9,2,1.1567,3.063,0.064
parent template,2,9,2,1.1567,3.063,0.174
never pass,2,9,2,1.1567,3.063,0.133
remain available,2,9,2,1.1567,3.063,0.258
delete button,2,9,2,1.1567,3.063,0.266
instance instead,2,9,2,1.1567,3.063,0.032
maximum control,2,9,2,1.1567,3.063,0.240
optional third,2,9,2,1.1567,3.063,0.252
round robin,2,9,2,1.1567,3.063,0.713
more descriptive,2,9,2,1.1567,3.063,0.286
transport layer,2,9,2,1.1567,3.063,0.418
bool type,2,9,2,1.1567,3.063,0.199
alternative name,2,9,2,1.1567,3.063,0.138
other standard,2,9,2,1.1567,3.063,0.008
more restrictive,2,9,2,1.1567,3.063,0.329
structural pattern,2,9,2,1.1567,3.063,0.407
name within,2,9,2,1.1567,3.063,0.021
calling user,2,9,2,1.1567,3.063,0.078
float field,2,9,2,1.1567,3.063,0.228
csv module,2,9,2,1.1567,3.063,0.240
new security,2,9,2,1.1567,3.063,0.040
deprecation period,2,9,2,1.1567,3.063,0.455
package module,2,9,2,1.1567,3.063,0.034
init subclass,2,9,2,1.1567,3.063,0.343
special care,2,9,2,1.1567,3.063,0.273
basic knowledge,2,9,2,1.1567,3.063,0.386
warning category,2,9,2,1.1567,3.063,0.353
now disabled,2,9,2,1.1567,3.063,0.158
party package,2,9,2,1.1567,3.063,0.216
long short,2,9,2,1.1567,3.063,0.205
log event,2,9,2,1.1567,3.063,0.153
let declaration,2,9,2,1.1567,3.063,0.233
error now,2,9,2,1.1567,3.063,-0.072
three distinct,2,9,2,1.1567,3.063,0.321
test async,2,9,2,1.1567,3.063,0.045
kept up,2,9,2,1.1567,3.063,0.225
through building,2,9,2,1.1567,3.063,0.192
per model,2,9,2,1.1567,3.063,0.145
own user,2,9,2,1.1567,3.063,0.051
ref hook,2,9,2,1.1567,3.063,0.244
different key,2,9,2,1.1567,3.063,0.023
new add,2,9,2,1.1567,3.063,-0.061
official version,2,9,2,1.1567,3.063,0.180
added two,2,9,2,1.1567,3.063,0.063
expanded in,2,9,2,1.1567,3.063,0.066
other project,2,9,2,1.1567,3.063,-0.009
default charset,2,9,2,1.1567,3.063,0.275
explicitly setting,2,9,2,1.1567,3.063,0.177
now provide,2,9,2,1.1567,3.063,0.050
initial implementation,2,9,2,1.1567,3.063,0.199
consistency across,2,9,2,1.1567,3.063,0.378
unless stated,2,9,2,1.1567,3.063,0.404
stated otherwise,2,9,2,1.1567,3.063,0.376
optimal performance,2,9,2,1.1567,3.063,0.427
new shared,2,9,2,1.1567,3.063,0.072
path within,2,5,2,1.1573,3.063,0.059
valid name,2,5,2,1.1573,3.063,0.046
original filename,2,5,2,1.1573,3.063,0.276
random character,2,5,2,1.1573,3.063,0.267
avoid returning,2,5,2,1.1573,3.063,0.226
generally useful,2,5,2,1.1573,3.063,0.212
appropriate default,2,5,2,1.1573,3.063,0.097
probably means,2,5,2,1.1573,3.063,0.175
certain common,2,5,2,1.1573,3.063,0.190
geographic data,2,5,2,1.1573,3.063,0.296
own level,2,5,2,1.1573,3.063,0.109
message used,2,5,2,1.1573,3.063,-0.018
encoding using,2,5,2,1.1573,3.063,0.066
accepted on,2,5,2,1.1573,3.063,0.069
previous query,2,5,2,1.1573,3.063,0.124
data consider,2,5,2,1.1573,3.063,0.065
now easier,2,5,2,1.1573,3.063,0.108
valid function,2,5,2,1.1573,3.063,0.004
valid variable,2,5,2,1.1573,3.063,0.090
many large,2,5,2,1.1573,3.063,0.153
now present,2,5,2,1.1573,3.063,0.119
attribute used,2,5,2,1.1573,3.063,0.032
unless specifically,2,5,2,1.1573,3.063,0.297
two data,2,5,2,1.1573,3.063,-0.047
group related,2,5,2,1.1573,3.063,0.232
usage see,2,5,2,1.1573,3.063,0.070
send more,2,5,2,1.1573,3.063,0.051
defined method,2,5,2,1.1573,3.063,0.022
hold information,2,5,2,1.1573,3.063,0.192
alternative implementation,2,5,2,1.1573,3.063,0.252
result return,2,5,2,1.1573,3.063,0.016
known state,2,5,2,1.1573,3.063,0.116
use tab,2,5,2,1.1573,3.063,0.051
now up,2,5,2,1.1573,3.063,-0.017
secure up,2,5,2,1.1573,3.063,0.200
more effectively,2,5,2,1.1573,3.063,0.171
help find,2,5,2,1.1573,3.063,0.118
iris dataset,2,5,2,1.1573,3.063,0.789
file browser,2,5,2,1.1573,3.063,0.015
system info,2,5,2,1.1573,3.063,0.163
automatic cleanup,2,5,2,1.1573,3.063,0.376
client interface,2,5,2,1.1573,3.063,0.179
same email,2,5,2,1.1573,3.063,0.081
team using,2,5,2,1.1573,3.063,0.045
navigate back,2,5,2,1.1573,3.063,0.321
tree directly,2,5,2,1.1573,3.063,0.140
create inspect,2,5,2,1.1573,3.063,0.179
use memory,2,5,2,1.1573,3.063,-0.061
definition without,2,5,2,1.1573,3.063,0.114
installed correctly,2,5,2,1.1573,3.063,0.211
file include,2,5,2,1.1573,3.063,-0.002
now new,2,5,2,1.1573,3.063,-0.067
name more,2,5,2,1.1573,3.063,-0.086
shown again,2,5,2,1.1573,3.063,0.197
most relevant,2,5,2,1.1573,3.063,0.196
many modern,2,5,2,1.1573,3.063,0.210
instead add,2,5,2,1.1573,3.063,-0.018
two useful,2,5,2,1.1573,3.063,0.066
sending down,2,5,2,1.1573,3.063,0.290
remains on,2,5,2,1.1573,3.063,0.120
mutual exclusion,2,5,2,1.1573,3.063,0.799
up configuration,2,5,2,1.1573,3.063,0.022
origin git,2,5,2,1.1573,3.063,0.146
take much,2,5,2,1.1573,3.063,0.147
set url,2,5,2,1.1573,3.063,0.031
value contained,2,5,2,1.1573,3.063,0.133
like log,2,5,2,1.1573,3.063,0.013
type color,2,5,2,1.1573,3.063,0.068
enable recursive,2,5,2,1.1573,3.063,0.312
development community,2,5,2,1.1573,3.063,0.279
new ways,2,5,2,1.1573,3.063,0.069
free in,2,5,2,1.1573,3.063,-0.072
plugged in,2,5,2,1.1573,3.063,0.202
times once,2,5,2,1.1573,3.063,0.161
option other,2,5,2,1.1573,3.063,-0.058
mismatch error,2,5,2,1.1573,3.063,0.273
becomes part,2,5,2,1.1573,3.063,0.216
dynamic language,2,5,2,1.1573,3.063,0.273
other number,2,5,2,1.1573,3.063,-0.039
memory sharing,2,5,2,1.1573,3.063,0.278
iter function,2,5,2,1.1573,3.063,0.165
false null,2,5,2,1.1573,3.063,0.140
string once,2,5,2,1.1573,3.063,0.036
value remains,2,5,2,1.1573,3.063,0.170
chain multiple,2,5,2,1.1573,3.063,0.193
module again,2,5,2,1.1573,3.063,0.096
statement note,2,5,2,1.1573,3.063,0.069
internally consistent,2,5,2,1.1573,3.063,0.352
item string,2,5,2,1.1573,3.063,0.067
defined thus,2,5,2,1.1573,3.063,0.187
current server,2,5,2,1.1573,3.063,0.025
data resulting,2,5,2,1.1573,3.063,0.121
heap access,2,5,2,1.1573,3.063,0.204
return string,2,5,2,1.1573,3.063,-0.029
concurrent access,2,5,2,1.1573,3.063,0.233
result note,2,5,2,1.1573,3.063,0.026
usually necessary,2,5,2,1.1573,3.063,0.223
time once,2,5,2,1.1573,3.063,0.035
line data,2,5,2,1.1573,3.063,-0.058
last type,2,5,2,1.1573,3.063,0.010
debug macro,2,5,2,1.1573,3.063,0.234
collect function,2,5,2,1.1573,3.063,0.154
online help,2,5,2,1.1573,3.063,0.289
handle user,2,5,2,1.1573,3.063,0.069
spread across multiple,3,9,2,1.1567,3.063,0.458
building and testing,3,9,2,1.1567,3.063,0.479
test and build,3,9,2,1.1567,3.063,0.197
equivalent to using,3,9,2,1.1567,3.063,0.088
high level interface,3,9,2,1.1567,3.063,0.390
use the version,3,9,2,1.1567,3.063,-0.007
add an option,3,9,2,1.1567,3.063,0.192
precision floating point,3,9,2,1.1567,3.063,0.444
value is na,3,9,2,1.1567,3.063,0.286
expression is used,3,9,2,1.1567,3.063,0.140
using the type,3,9,2,1.1567,3.063,-0.042
possible to customize,3,9,2,1.1567,3.063,0.275
different ways depending,3,9,2,1.1567,3.063,0.393
used to say,3,9,2,1.1567,3.063,0.171
primary key true,3,9,2,1.1567,3.063,0.263
value of sys,3,9,2,1.1567,3.063,0.243
author would like,3,9,2,1.1567,3.063,0.379
structural pattern matching,3,9,2,1.1567,3.063,0.648
designed to handle,3,9,2,1.1567,3.063,0.291
affect the value,3,9,2,1.1567,3.063,0.184
support the new,3,9,2,1.1567,3.063,0.091
mode by default,3,9,2,1.1567,3.063,0.105
set the user,3,9,2,1.1567,3.063,0.040
method is useful,3,9,2,1.1567,3.063,0.153
make them more,3,9,2,1.1567,3.063,0.274
calculate the next,3,9,2,1.1567,3.063,0.326
use ref hook,3,9,2,1.1567,3.063,0.384
return any value,3,9,2,1.1567,3.063,0.273
made it impossible,3,9,2,1.1567,3.063,0.503
invalidate the cache,3,9,2,1.1567,3.063,0.486
unless stated otherwise,3,9,2,1.1567,3.063,0.594
method is usually,3,9,2,1.1567,3.063,0.195
full control over,3,9,2,1.1567,3.063,0.349
number of file,3,9,2,1.1567,3.063,-0.017
function and method,3,5,2,1.1573,3.063,0.155
quit the editor,3,5,2,1.1573,3.063,0.549
take an argument,3,5,2,1.1573,3.063,0.252
given the name,3,5,2,1.1573,3.063,0.139
file whose name,3,5,2,1.1573,3.063,0.266
right to change,3,5,2,1.1573,3.063,0.201
within the given,3,5,2,1.1573,3.063,0.180
need to identify,3,5,2,1.1573,3.063,0.188
attempt to change,3,5,2,1.1573,3.063,0.181
upgrade your code,3,5,2,1.1573,3.063,0.270
need to rewrite,3,5,2,1.1573,3.063,0.221
supported python version,3,5,2,1.1573,3.063,0.392
well as several,3,5,2,1.1573,3.063,0.240
more helpful error,3,5,2,1.1573,3.063,0.385
using the content,3,5,2,1.1573,3.063,0.100
again to see,3,5,2,1.1573,3.063,0.201
use in multiple,3,5,2,1.1573,3.063,0.159
create the first,3,5,2,1.1573,3.063,0.007
faster than using,3,5,2,1.1573,3.063,0.183
ready to run,3,5,2,1.1573,3.063,0.204
free to add,3,5,2,1.1573,3.063,0.226
image and select,3,5,2,1.1573,3.063,0.279
use the network,3,5,2,1.1573,3.063,0.048
used with git,3,5,2,1.1573,3.063,0.130
using the text,3,5,2,1.1573,3.063,0.059
task at hand,3,5,2,1.1573,3.063,0.578
mode the value,3,5,2,1.1573,3.063,0.090
thin wrapper around,3,5,2,1.1573,3.063,0.578
type is specified,3,5,2,1.1573,3.063,0.127
command to change,3,5,2,1.1573,3.063,0.101
deny by default,3,5,2,1.1573,3.063,0.357
path is relative,3,5,2,1.1573,3.063,0.377
home directory path,3,5,2,1.1573,3.063,0.256
display the following,3,5,2,1.1573,3.063,0.105
want to collect,3,5,2,1.1573,3.063,0.218
create or edit,3,5,2,1.1573,3.063,0.401
short and long,3,5,2,1.1573,3.063,0.436
able to reach,3,5,2,1.1573,3.063,0.332
result will contain,3,5,2,1.1573,3.063,0.282
used to look,3,5,2,1.1573,3.063,0.102
default hash function,3,5,2,1.1573,3.063,0.311
make the result,3,5,2,1.1573,3.063,0.090
up the first,3,5,2,1.1573,3.063,0.030
code to check,3,5,2,1.1573,3.063,0.045
file for reading,3,5,2,1.1573,3.063,0.246
way to break,3,5,2,1.1573,3.063,0.201
use the break,3,5,2,1.1573,3.063,0.148
git is installed,3,5,2,1.1573,3.063,0.219
parsing the command,3,5,2,1.1573,3.063,0.242
despite the name,3,5,2,1.1573,3.063,0.329
use the map,3,5,2,1.1573,3.063,0.104
specify the full,3,5,2,1.1573,3.063,0.228
same key value,3,5,2,1.1573,3.063,0.153
unsigned bit integer,3,5,2,1.1573,3.063,0.567
comparison is true,3,5,2,1.1573,3.063,0.379
low level interface,3,5,2,1.1573,3.063,0.370
come in two,3,5,2,1.1573,3.063,0.319
built in array,3,5,2,1.1573,3.063,0.119
element this method,3,5,2,1.1573,3.063,0.233
type the value,3,5,2,1.1573,3.063,-0.024
value is out,3,5,2,1.1573,3.063,0.109
implementation is required,3,5,2,1.1573,3.063,0.272
function the returned,3,5,2,1.1573,3.063,0.137
value this method,3,5,2,1.1573,3.063,0.096
call it on,3,5,2,1.1573,3.063,0.096
such as string,3,5,2,1.1573,3.063,-0.001
built in language,3,5,2,1.1573,3.063,0.189
function the first,3,5,2,1.1573,3.063,-0.050
unique primary key,3,5,2,1.1573,3.063,0.355
available the default,3,5,2,1.1573,3.063,0.072
unsafe to use,3,5,2,1.1573,3.063,0.145
set of possible,3,5,2,1.1573,3.063,0.159
reason for using,3,5,2,1.1573,3.063,0.174
used to open,3,5,2,1.1573,3.063,0.107
function is similar,3,5,2,1.1573,3.063,0.132
perform the operation,3,5,2,1.1573,3.063,0.376
across the network,3,5,2,1.1573,3.063,0.299
type of operation,3,5,2,1.1573,3.063,0.211
specified the name,3,5,2,1.1573,3.063,0.115
name in single,3,5,2,1.1573,3.063,0.256
function is safe,3,5,2,1.1573,3.063,0.172
value in place,3,5,2,1.1573,3.063,0.136
return the function,3,5,2,1.1573,3.063,0.048
match the version,3,5,2,1.1573,3.063,0.157
through the string,3,5,2,1.1573,3.063,0.114
means that python,3,5,2,1.1573,3.063,0.114
use state in,3,5,2,1.1573,3.063,0.084
until the data,3,5,2,1.1573,3.063,0.141
stream to send,3,5,2,1.1573,3.063,0.307
often contain,2,6,3,1.1211,3.050,0.194
first build,2,6,3,1.1211,3.050,-0.022
avoid generating,2,6,3,1.1211,3.050,0.294
script needs,2,6,3,1.1211,3.050,0.080
level such,2,6,3,1.1211,3.050,0.046
different source,2,6,3,1.1211,3.050,0.048
registry see,2,6,3,1.1211,3.050,0.061
direct dependency,2,6,3,1.1211,3.050,0.263
up calling,2,6,3,1.1211,3.050,0.081
function properly,2,6,3,1.1211,3.050,0.091
new classes,2,6,3,1.1211,3.050,0.049
dynamically load,2,6,3,1.1211,3.050,0.327
intended purpose,2,6,3,1.1211,3.050,0.319
distributed in,2,6,3,1.1211,3.050,0.051
meta key,2,6,3,1.1211,3.050,0.201
required information,2,6,3,1.1211,3.050,0.101
ignore in,2,6,3,1.1211,3.050,-0.112
problematic code,2,6,3,1.1211,3.050,0.199
common pitfall,2,6,3,1.1211,3.050,0.473
using promise,2,6,3,1.1211,3.050,0.057
excessive amount,2,6,3,1.1211,3.050,0.519
argument passing,2,6,3,1.1211,3.050,0.145
used use,2,6,3,1.1211,3.050,-0.169
branch out,2,6,3,1.1211,3.050,0.075
same context,2,6,3,1.1211,3.050,0.015
return break,2,6,3,1.1211,3.050,0.143
most code,2,6,3,1.1211,3.050,-0.065
substring method,2,6,3,1.1211,3.050,0.258
global name,2,6,3,1.1211,3.050,0.048
regular string,2,6,3,1.1211,3.050,0.089
value default,2,6,3,1.1211,3.050,-0.116
natural way,2,6,3,1.1211,3.050,0.258
module top,2,6,3,1.1211,3.050,0.104
underlying problem,2,6,3,1.1211,3.050,0.224
favorite editor,2,6,3,1.1211,3.050,0.442
project set,2,6,3,1.1211,3.050,-0.008
system now,2,6,3,1.1211,3.050,0.014
update clause,2,6,3,1.1211,3.050,0.191
file present,2,6,3,1.1211,3.050,0.069
field data,2,6,3,1.1211,3.050,-0.036
api provided,2,6,3,1.1211,3.050,0.078
subsequent call,2,6,3,1.1211,3.050,0.209
avoid reading,2,6,3,1.1211,3.050,0.217
local app,2,6,3,1.1211,3.050,0.068
own independent,2,6,3,1.1211,3.050,0.270
taking data,2,6,3,1.1211,3.050,0.138
time machine,2,6,3,1.1211,3.050,0.095
using asynchronous,2,6,3,1.1211,3.050,0.076
trace on,2,6,3,1.1211,3.050,0.032
using user,2,6,3,1.1211,3.050,-0.086
like browser,2,6,3,1.1211,3.050,0.028
list data,2,6,3,1.1211,3.050,-0.059
filtering out,2,6,3,1.1211,3.050,0.239
user directory,2,6,3,1.1211,3.050,-0.001
usually useful,2,6,3,1.1211,3.050,0.163
template file,2,6,3,1.1211,3.050,0.012
own server,2,6,3,1.1211,3.050,0.049
three major,2,6,3,1.1211,3.050,0.256
code returned,2,6,3,1.1211,3.050,-0.012
new maintainer,2,6,3,1.1211,3.050,0.226
up between,2,6,3,1.1211,3.050,0.035
view using,2,6,3,1.1211,3.050,-0.025
directly return,2,6,3,1.1211,3.050,0.053
python virtual,2,6,3,1.1211,3.050,0.127
href attribute,2,6,3,1.1211,3.050,0.462
usage section,2,6,3,1.1211,3.050,0.169
file encoding,2,6,3,1.1211,3.050,0.077
really long,2,6,3,1.1211,3.050,0.200
future see,2,6,3,1.1211,3.050,0.042
work reliably,2,6,3,1.1211,3.050,0.301
copy method,2,6,3,1.1211,3.050,0.051
old syntax,2,6,3,1.1211,3.050,0.160
following case,2,6,3,1.1211,3.050,-0.015
provide multiple,2,6,3,1.1211,3.050,0.089
second version,2,6,3,1.1211,3.050,0.062
update using,2,6,3,1.1211,3.050,-0.054
except exception,2,6,3,1.1211,3.050,0.118
avoid hiding,2,6,3,1.1211,3.050,0.395
offer more,2,6,3,1.1211,3.050,0.186
value via,2,6,3,1.1211,3.050,0.001
perform multiple,2,6,3,1.1211,3.050,0.156
native python,2,6,3,1.1211,3.050,0.129
originally implemented,2,6,3,1.1211,3.050,0.341
cannot directly,2,6,3,1.1211,3.050,0.119
field needs,2,6,3,1.1211,3.050,0.092
statement return,2,6,3,1.1211,3.050,0.057
like structure,2,6,3,1.1211,3.050,0.056
use existing,2,6,3,1.1211,3.050,-0.043
format error,2,6,3,1.1211,3.050,-0.014
whole new,2,6,3,1.1211,3.050,0.096
comes down,2,6,3,1.1211,3.050,0.268
state through,2,6,3,1.1211,3.050,0.039
persistence layer,2,6,3,1.1211,3.050,0.508
actual user,2,6,3,1.1211,3.050,0.114
work see,2,6,3,1.1211,3.050,-0.045
single array,2,6,3,1.1211,3.050,0.041
remove multiple,2,6,3,1.1211,3.050,0.096
design in,2,6,3,1.1211,3.050,-0.039
value add,2,6,3,1.1211,3.050,-0.088
like math,2,6,3,1.1211,3.050,0.165
try moving,2,6,3,1.1211,3.050,0.241
loading in,2,6,3,1.1211,3.050,-0.049
help get,2,6,3,1.1211,3.050,0.030
state see,2,6,3,1.1211,3.050,-0.064
component wrapped,2,6,3,1.1211,3.050,0.256
use reduce,2,6,3,1.1211,3.050,0.056
parent key,2,6,3,1.1211,3.050,0.114
relevant data,2,6,3,1.1211,3.050,0.112
get applied,2,6,3,1.1211,3.050,0.114
times longer,2,6,3,1.1211,3.050,0.190
hang indefinitely,2,6,3,1.1211,3.050,0.631
automatically download,2,6,3,1.1211,3.050,0.214
sdk api,2,6,3,1.1211,3.050,0.222
complete set,2,6,3,1.1211,3.050,0.083
ready state,2,6,3,1.1211,3.050,0.137
base using,2,6,3,1.1211,3.050,-0.009
many open,2,6,3,1.1211,3.050,0.086
process environment,2,6,3,1.1211,3.050,0.078
server through,2,6,3,1.1211,3.050,0.052
custom directory,2,6,3,1.1211,3.050,0.060
api over,2,6,3,1.1211,3.050,0.057
new static,2,6,3,1.1211,3.050,0.038
many file,2,6,3,1.1211,3.050,-0.036
going over,2,6,3,1.1211,3.050,0.165
file first,2,6,3,1.1211,3.050,-0.086
support most,2,6,3,1.1211,3.050,0.054
output is used,3,6,3,1.1211,3.050,0.071
encounter the following,3,6,3,1.1211,3.050,0.241
value to display,3,6,3,1.1211,3.050,0.128
written to work,3,6,3,1.1211,3.050,0.212
note the first,3,6,3,1.1211,3.050,0.033
achieve the effect,3,6,3,1.1211,3.050,0.386
same variable name,3,6,3,1.1211,3.050,0.215
want to limit,3,6,3,1.1211,3.050,0.127
need to compare,3,6,3,1.1211,3.050,0.150
dry run option,3,6,3,1.1211,3.050,0.336
enable this option,3,6,3,1.1211,3.050,0.234
module top level,3,6,3,1.1211,3.050,0.173
use the spread,3,6,3,1.1211,3.050,0.217
cannot be automatically,3,6,3,1.1211,3.050,0.181
able to remove,3,6,3,1.1211,3.050,0.155
set to something,3,6,3,1.1211,3.050,0.152
able to continue,3,6,3,1.1211,3.050,0.219
lot of data,3,6,3,1.1211,3.050,0.095
advised to use,3,6,3,1.1211,3.050,0.257
lot of memory,3,6,3,1.1211,3.050,0.203
disable this feature,3,6,3,1.1211,3.050,0.315
configure it in,3,6,3,1.1211,3.050,0.136
id and name,3,6,3,1.1211,3.050,0.216
such as sending,3,6,3,1.1211,3.050,0.197
using the custom,3,6,3,1.1211,3.050,0.075
list or dictionary,3,6,3,1.1211,3.050,0.456
most straightforward way,3,6,3,1.1211,3.050,0.397
send the request,3,6,3,1.1211,3.050,0.238
running on localhost,3,6,3,1.1211,3.050,0.410
let you run,3,6,3,1.1211,3.050,0.197
name is assigned,3,6,3,1.1211,3.050,0.253
check your code,3,6,3,1.1211,3.050,0.123
use the strict,3,6,3,1.1211,3.050,0.123
specify the encoding,3,6,3,1.1211,3.050,0.296
able to view,3,6,3,1.1211,3.050,0.137
passing an object,3,6,3,1.1211,3.050,0.197
need to solve,3,6,3,1.1211,3.050,0.170
within the object,3,6,3,1.1211,3.050,0.067
reduce the need,3,6,3,1.1211,3.050,0.214
increment and decrement,3,6,3,1.1211,3.050,0.731
like to write,3,6,3,1.1211,3.050,0.060
run your app,3,6,3,1.1211,3.050,0.143
due to other,3,6,3,1.1211,3.050,0.081
need to duplicate,3,6,3,1.1211,3.050,0.191
function and call,3,6,3,1.1211,3.050,0.174
used in various,3,6,3,1.1211,3.050,0.245
trying to delete,3,6,3,1.1211,3.050,0.212
using the dev,3,6,3,1.1211,3.050,0.129
time by default,3,6,3,1.1211,3.050,0.025
design and implementation,3,6,3,1.1211,3.050,0.438
false to prevent,3,6,3,1.1211,3.050,0.246
lot of effort,3,6,3,1.1211,3.050,0.388
sufficient for most,3,6,3,1.1211,3.050,0.414
until the server,3,6,3,1.1211,3.050,0.185
app for production,3,6,3,1.1211,3.050,0.302
build or run,3,6,3,1.1211,3.050,0.324
specific storage,2,8,2,1.1082,3.045,0.185
template loading,2,8,2,1.1082,3.045,0.233
using whatever,2,8,2,1.1082,3.045,0.087
source software,2,8,2,1.1082,3.045,0.198
last three,2,8,2,1.1082,3.045,0.172
process request,2,8,2,1.1082,3.045,0.067
copy deepcopy,2,8,2,1.1082,3.045,0.562
performance degradation,2,8,2,1.1082,3.045,0.518
matter in,2,8,2,1.1082,3.045,-0.031
more sensible,2,8,2,1.1082,3.045,0.260
new world,2,8,2,1.1082,3.045,0.108
malicious code,2,8,2,1.1082,3.045,0.195
database via,2,8,2,1.1082,3.045,0.101
numeric data,2,8,2,1.1082,3.045,0.123
increment value,2,8,2,1.1082,3.045,0.167
field error,2,8,2,1.1082,3.045,-0.038
blank true,2,8,2,1.1082,3.045,0.259
internally used,2,8,2,1.1082,3.045,0.133
separation between,2,8,2,1.1082,3.045,0.383
use normal,2,8,2,1.1082,3.045,0.011
quote in,2,8,2,1.1082,3.045,0.012
reference point,2,8,2,1.1082,3.045,0.080
crashed due,2,8,2,1.1082,3.045,0.382
build absolute,2,8,2,1.1082,3.045,0.186
net result,2,8,2,1.1082,3.045,0.176
session storage,2,8,2,1.1082,3.045,0.258
filling up,2,8,2,1.1082,3.045,0.331
password storage,2,8,2,1.1082,3.045,0.254
set manually,2,8,2,1.1082,3.045,0.090
raw binary,2,8,2,1.1082,3.045,0.254
empty index,2,8,2,1.1082,3.045,0.107
null column,2,8,2,1.1082,3.045,0.151
new system,2,8,2,1.1082,3.045,-0.017
new datetime,2,8,2,1.1082,3.045,0.148
node using,2,8,2,1.1082,3.045,-0.044
file download,2,8,2,1.1082,3.045,0.090
random order,2,8,2,1.1082,3.045,0.208
upload limit,2,8,2,1.1082,3.045,0.349
clear text,2,8,2,1.1082,3.045,0.178
primary purpose,2,8,2,1.1082,3.045,0.315
last modification,2,8,2,1.1082,3.045,0.328
like file,2,8,2,1.1082,3.045,-0.119
tag without,2,8,2,1.1082,3.045,0.096
original name,2,8,2,1.1082,3.045,0.065
most performance,2,8,2,1.1082,3.045,0.115
state information,2,8,2,1.1082,3.045,-0.001
own base,2,8,2,1.1082,3.045,0.126
started image,2,8,2,1.1082,3.045,0.156
docker configuration,2,8,2,1.1082,3.045,-0.031
using external,2,8,2,1.1082,3.045,0.037
name therefore,2,8,2,1.1082,3.045,0.086
cloud using,2,8,2,1.1082,3.045,0.105
context switching,2,8,2,1.1082,3.045,0.309
different branch,2,8,2,1.1082,3.045,0.065
docker instance,2,8,2,1.1082,3.045,-0.015
output configuration,2,8,2,1.1082,3.045,0.007
prompt use,2,8,2,1.1082,3.045,0.045
add flag,2,8,2,1.1082,3.045,0.045
hard coding,2,8,2,1.1082,3.045,0.411
random port,2,8,2,1.1082,3.045,0.285
source see,2,8,2,1.1082,3.045,0.003
child image,2,8,2,1.1082,3.045,0.156
re ordered,2,8,2,1.1082,3.045,0.319
index use,2,8,2,1.1082,3.045,-0.090
version build,2,8,2,1.1082,3.045,-0.012
image object,2,8,2,1.1082,3.045,-0.029
image see,2,8,2,1.1082,3.045,-0.015
automatically switch,2,8,2,1.1082,3.045,0.202
internal docker,2,8,2,1.1082,3.045,0.069
utf bom,2,8,2,1.1082,3.045,0.481
system environment,2,8,2,1.1082,3.045,0.064
add file,2,8,2,1.1082,3.045,-0.081
available space,2,8,2,1.1082,3.045,0.154
raw file,2,8,2,1.1082,3.045,0.084
id use,2,8,2,1.1082,3.045,-0.069
repository setting,2,8,2,1.1082,3.045,0.119
upstream tracking,2,8,2,1.1082,3.045,0.422
external source,2,8,2,1.1082,3.045,0.166
time span,2,8,2,1.1082,3.045,0.278
docker instead,2,8,2,1.1082,3.045,-0.058
data read,2,8,2,1.1082,3.045,-0.021
os bit,2,8,2,1.1082,3.045,0.197
access log,2,8,2,1.1082,3.045,0.090
tag log,2,8,2,1.1082,3.045,0.150
host mode,2,8,2,1.1082,3.045,0.131
following option,2,8,2,1.1082,3.045,-0.029
re start,2,8,2,1.1082,3.045,0.116
set size,2,8,2,1.1082,3.045,0.041
value name,2,8,2,1.1082,3.045,-0.115
compile on,2,8,2,1.1082,3.045,-0.025
available using,2,8,2,1.1082,3.045,-0.046
exist locally,2,8,2,1.1082,3.045,0.276
cryptographically secure,2,8,2,1.1082,3.045,0.606
management page,2,8,2,1.1082,3.045,0.213
finally add,2,8,2,1.1082,3.045,0.133
variable definition,2,8,2,1.1082,3.045,0.108
let git,2,8,2,1.1082,3.045,0.051
checkout branch,2,8,2,1.1082,3.045,0.262
commit allow,2,8,2,1.1082,3.045,0.111
same tree,2,8,2,1.1082,3.045,0.039
commit author,2,8,2,1.1082,3.045,0.243
local clone,2,8,2,1.1082,3.045,0.191
base between,2,8,2,1.1082,3.045,0.107
submodule deinit,2,8,2,1.1082,3.045,0.687
first input,2,8,2,1.1082,3.045,0.034
set configuration,2,8,2,1.1082,3.045,-0.020
instead merge,2,8,2,1.1082,3.045,0.043
current theme,2,8,2,1.1082,3.045,0.300
commit ish,2,8,2,1.1082,3.045,0.448
input instead,2,8,2,1.1082,3.045,0.045
input mode,2,8,2,1.1082,3.045,0.102
together without,2,8,2,1.1082,3.045,0.130
special cased,2,8,2,1.1082,3.045,0.515
integration branch,2,8,2,1.1082,3.045,0.215
length array,2,8,2,1.1082,3.045,0.115
below note,2,8,2,1.1082,3.045,0.079
web console,2,8,2,1.1082,3.045,0.212
date without,2,8,2,1.1082,3.045,0.078
development work,2,8,2,1.1082,3.045,0.099
parameter cannot,2,8,2,1.1082,3.045,0.099
given size,2,8,2,1.1082,3.045,0.131
combined in,2,8,2,1.1082,3.045,0.005
private use,2,8,2,1.1082,3.045,0.009
cannot return,2,8,2,1.1082,3.045,0.056
object note,2,8,2,1.1082,3.045,-0.054
value thus,2,8,2,1.1082,3.045,0.066
static context,2,8,2,1.1082,3.045,0.141
set intersection,2,8,2,1.1082,3.045,0.276
compound statement,2,8,2,1.1082,3.045,0.368
sequence value,2,8,2,1.1082,3.045,0.052
row returned,2,8,2,1.1082,3.045,0.175
committed in,2,8,2,1.1082,3.045,0.023
particular query,2,8,2,1.1082,3.045,0.113
table foo,2,8,2,1.1082,3.045,0.143
matching index,2,8,2,1.1082,3.045,0.173
asynchronous execution,2,8,2,1.1082,3.045,0.276
most accurate,2,8,2,1.1082,3.045,0.308
node set,2,8,2,1.1082,3.045,-0.003
same snapshot,2,8,2,1.1082,3.045,0.201
null string,2,8,2,1.1082,3.045,0.037
per transaction,2,8,2,1.1082,3.045,0.239
work mem,2,8,2,1.1082,3.045,0.303
result directly,2,8,2,1.1082,3.045,0.075
log table,2,8,2,1.1082,3.045,0.087
returned pointer,2,8,2,1.1082,3.045,0.192
handling different,2,8,2,1.1082,3.045,0.111
different locale,2,8,2,1.1082,3.045,0.155
transaction manager,2,8,2,1.1082,3.045,0.269
hovering over,2,8,2,1.1082,3.045,0.509
handler instead,2,8,2,1.1082,3.045,0.104
multiprocessing module,2,8,2,1.1082,3.045,0.326
language reference,2,8,2,1.1082,3.045,0.099
handler handle,2,8,2,1.1082,3.045,0.184
following notice,2,8,2,1.1082,3.045,0.124
native event,2,8,2,1.1082,3.045,0.230
use activity,2,8,2,1.1082,3.045,0.067
selected id,2,8,2,1.1082,3.045,0.192
another component,2,8,2,1.1082,3.045,0.078
props like,2,8,2,1.1082,3.045,0.102
old props,2,8,2,1.1082,3.045,0.264
used multiple times,3,8,2,1.1082,3.045,0.116
anything you want,3,8,2,1.1082,3.045,0.139
open source software,3,8,2,1.1082,3.045,0.378
ability to pass,3,8,2,1.1082,3.045,0.241
bottom right corner,3,8,2,1.1082,3.045,0.565
becomes the new,3,8,2,1.1082,3.045,0.224
built in classes,3,8,2,1.1082,3.045,0.207
query is executed,3,8,2,1.1082,3.045,0.246
field and text,3,8,2,1.1082,3.045,0.287
array is empty,3,8,2,1.1082,3.045,0.275
clause is used,3,8,2,1.1082,3.045,0.246
internal and external,3,8,2,1.1082,3.045,0.532
azure container registry,3,8,2,1.1082,3.045,0.599
using the host,3,8,2,1.1082,3.045,0.074
set up docker,3,8,2,1.1082,3.045,0.109
directly from docker,3,8,2,1.1082,3.045,0.195
log in using,3,8,2,1.1082,3.045,0.192
container to port,3,8,2,1.1082,3.045,0.359
compose command in,3,8,2,1.1082,3.045,0.194
stop and restart,3,8,2,1.1082,3.045,0.457
pull and push,3,8,2,1.1082,3.045,0.430
file or folder,3,8,2,1.1082,3.045,0.350
repository you want,3,8,2,1.1082,3.045,0.086
output the number,3,8,2,1.1082,3.045,0.077
head is detached,3,8,2,1.1082,3.045,0.571
name and user,3,8,2,1.1082,3.045,0.167
include the header,3,8,2,1.1082,3.045,0.286
edit the message,3,8,2,1.1082,3.045,0.294
used to speed,3,8,2,1.1082,3.045,0.263
enumerability and ownership,3,8,2,1.1082,3.045,0.627
map and weak,3,8,2,1.1082,3.045,0.530
within the parent,3,8,2,1.1082,3.045,0.215
cannot be re,3,8,2,1.1082,3.045,0.204
calling the constructor,3,8,2,1.1082,3.045,0.262
copy is made,3,8,2,1.1082,3.045,0.326
try finally block,3,8,2,1.1082,3.045,0.360
method to prevent,3,8,2,1.1082,3.045,0.150
note in particular,3,8,2,1.1082,3.045,0.210
using or use,3,8,2,1.1082,3.045,0.146
end of input,3,8,2,1.1082,3.045,0.166
function to perform,3,8,2,1.1082,3.045,0.105
way to perform,3,8,2,1.1082,3.045,0.171
collation to use,3,8,2,1.1082,3.045,0.220
intended to allow,3,8,2,1.1082,3.045,0.258
trigger is defined,3,8,2,1.1082,3.045,0.339
get the string,3,8,2,1.1082,3.045,0.066
return on failure,3,8,2,1.1082,3.045,0.259
list in place,3,8,2,1.1082,3.045,0.202
instead of classes,3,8,2,1.1082,3.045,0.138
documentation for python,3,8,2,1.1082,3.045,0.154
right solution,2,5,2,1.0726,3.030,0.176
more obscure,2,5,2,1.0726,3.030,0.305
existing classes,2,5,2,1.0726,3.030,0.169
ensure correct,2,5,2,1.0726,3.030,0.165
build server,2,5,2,1.0726,3.030,-0.012
locally built,2,5,2,1.0726,3.030,0.224
via get,2,5,2,1.0726,3.030,0.041
other numeric,2,5,2,1.0726,3.030,0.132
used once,2,5,2,1.0726,3.030,0.005
foreground color,2,5,2,1.0726,3.030,0.491
label text,2,5,2,1.0726,3.030,0.209
own namespace,2,5,2,1.0726,3.030,0.205
working out,2,5,2,1.0726,3.030,0.060
caught exception,2,5,2,1.0726,3.030,0.212
particular problem,2,5,2,1.0726,3.030,0.137
completely remove,2,5,2,1.0726,3.030,0.239
truncated output,2,5,2,1.0726,3.030,0.266
almost immediately,2,5,2,1.0726,3.030,0.319
currently use,2,5,2,1.0726,3.030,-0.014
last object,2,5,2,1.0726,3.030,0.010
equality testing,2,5,2,1.0726,3.030,0.320
five million,2,5,2,1.0726,3.030,0.519
text css,2,5,2,1.0726,3.030,0.139
stop processing,2,5,2,1.0726,3.030,0.295
using sessions,2,5,2,1.0726,3.030,0.158
cached version,2,5,2,1.0726,3.030,0.173
different class,2,5,2,1.0726,3.030,-0.004
another interesting,2,5,2,1.0726,3.030,0.267
type except,2,5,2,1.0726,3.030,0.047
child classes,2,5,2,1.0726,3.030,0.222
without saying,2,5,2,1.0726,3.030,0.244
executed immediately,2,5,2,1.0726,3.030,0.260
preferred language,2,5,2,1.0726,3.030,0.299
set into,2,5,2,1.0726,3.030,-0.063
lie in,2,5,2,1.0726,3.030,0.187
another piece,2,5,2,1.0726,3.030,0.228
history output,2,5,2,1.0726,3.030,0.128
full command,2,5,2,1.0726,3.030,0.063
another docker,2,5,2,1.0726,3.030,-0.022
big picture,2,5,2,1.0726,3.030,0.466
standard practice,2,5,2,1.0726,3.030,0.207
native module,2,5,2,1.0726,3.030,0.146
manage in,2,5,2,1.0726,3.030,-0.060
simple app,2,5,2,1.0726,3.030,0.094
based solution,2,5,2,1.0726,3.030,0.152
docker cannot,2,5,2,1.0726,3.030,0.008
experience using,2,5,2,1.0726,3.030,0.111
like image,2,5,2,1.0726,3.030,-0.025
relevant section,2,5,2,1.0726,3.030,0.220
specific branch,2,5,2,1.0726,3.030,0.106
entry under,2,5,2,1.0726,3.030,0.216
included file,2,5,2,1.0726,3.030,0.044
incompatibility between,2,5,2,1.0726,3.030,0.429
shared drive,2,5,2,1.0726,3.030,0.391
home folder,2,5,2,1.0726,3.030,0.294
hockey app,2,5,2,1.0726,3.030,0.514
full message,2,5,2,1.0726,3.030,0.117
ran out,2,5,2,1.0726,3.030,0.226
new mac,2,5,2,1.0726,3.030,0.070
designed specifically,2,5,2,1.0726,3.030,0.349
cannot complete,2,5,2,1.0726,3.030,0.180
desired version,2,5,2,1.0726,3.030,0.175
readable form,2,5,2,1.0726,3.030,0.230
local var,2,5,2,1.0726,3.030,0.220
pointer dereference,2,5,2,1.0726,3.030,0.373
perform additional,2,5,2,1.0726,3.030,0.208
hang forever,2,5,2,1.0726,3.030,0.562
restart in,2,5,2,1.0726,3.030,-0.039
garbage collect,2,5,2,1.0726,3.030,0.425
name make,2,5,2,1.0726,3.030,-0.049
network security,2,5,2,1.0726,3.030,0.170
client mode,2,5,2,1.0726,3.030,0.101
new group,2,5,2,1.0726,3.030,0.065
docker aufs,2,5,2,1.0726,3.030,0.308
note many,2,5,2,1.0726,3.030,0.033
third option,2,5,2,1.0726,3.030,0.121
first enable,2,5,2,1.0726,3.030,0.082
specified below,2,5,2,1.0726,3.030,0.098
providing more,2,5,2,1.0726,3.030,0.136
removed manually,2,5,2,1.0726,3.030,0.218
echo hello,2,5,2,1.0726,3.030,0.439
remote origin,2,5,2,1.0726,3.030,0.271
untracked directory,2,5,2,1.0726,3.030,0.274
assume unchanged,2,5,2,1.0726,3.030,0.456
uninitialized variable,2,5,2,1.0726,3.030,0.305
separate section,2,5,2,1.0726,3.030,0.153
exact location,2,5,2,1.0726,3.030,0.272
empty path,2,5,2,1.0726,3.030,0.075
going in,2,5,2,1.0726,3.030,-0.099
branch local,2,5,2,1.0726,3.030,0.116
handled differently,2,5,2,1.0726,3.030,0.404
more text,2,5,2,1.0726,3.030,-0.015
properly written,2,5,2,1.0726,3.030,0.261
got into,2,5,2,1.0726,3.030,0.122
thought out,2,5,2,1.0726,3.030,0.220
well except,2,5,2,1.0726,3.030,0.158
repository directory,2,5,2,1.0726,3.030,0.056
diff program,2,5,2,1.0726,3.030,0.164
local ref,2,5,2,1.0726,3.030,0.165
real use,2,5,2,1.0726,3.030,0.004
output note,2,5,2,1.0726,3.030,-0.010
canonical way,2,5,2,1.0726,3.030,0.257
main directory,2,5,2,1.0726,3.030,0.060
first update,2,5,2,1.0726,3.030,0.005
encoding method,2,5,2,1.0726,3.030,0.117
much different,2,5,2,1.0726,3.030,0.080
instance constructor,2,5,2,1.0726,3.030,0.125
language agnostic,2,5,2,1.0726,3.030,0.411
prototypical inheritance,2,5,2,1.0726,3.030,0.671
data classes,2,5,2,1.0726,3.030,0.041
another constructor,2,5,2,1.0726,3.030,0.120
current script,2,5,2,1.0726,3.030,0.031
use again,2,5,2,1.0726,3.030,-0.033
different across,2,5,2,1.0726,3.030,0.128
resizable property,2,5,2,1.0726,3.030,0.426
slightly smaller,2,5,2,1.0726,3.030,0.410
mean time,2,5,2,1.0726,3.030,0.117
instanceof error,2,5,2,1.0726,3.030,0.288
logged message,2,5,2,1.0726,3.030,0.240
symbol name,2,5,2,1.0726,3.030,0.098
different os,2,5,2,1.0726,3.030,0.106
between inclusive,2,5,2,1.0726,3.030,0.332
usually comes,2,5,2,1.0726,3.030,0.253
own method,2,5,2,1.0726,3.030,0.028
ascii based,2,5,2,1.0726,3.030,0.255
same execution,2,5,2,1.0726,3.030,0.077
specific element,2,5,2,1.0726,3.030,0.100
underlying array,2,5,2,1.0726,3.030,0.179
function until,2,5,2,1.0726,3.030,0.021
operator see,2,5,2,1.0726,3.030,0.032
binary tree,2,5,2,1.0726,3.030,0.179
api method,2,5,2,1.0726,3.030,-0.026
without looking,2,5,2,1.0726,3.030,0.144
clearly defined,2,5,2,1.0726,3.030,0.276
rather simple,2,5,2,1.0726,3.030,0.150
sort step,2,5,2,1.0726,3.030,0.266
point type,2,5,2,1.0726,3.030,-0.010
insist on,2,5,2,1.0726,3.030,0.330
another row,2,5,2,1.0726,3.030,0.124
release debug,2,5,2,1.0726,3.030,0.174
actual result,2,5,2,1.0726,3.030,0.134
third column,2,5,2,1.0726,3.030,0.226
continue until,2,5,2,1.0726,3.030,0.238
shortest possible,2,5,2,1.0726,3.030,0.410
delay in,2,5,2,1.0726,3.030,0.037
same pointer,2,5,2,1.0726,3.030,0.070
completely random,2,5,2,1.0726,3.030,0.334
copied data,2,5,2,1.0726,3.030,0.125
implemented like,2,5,2,1.0726,3.030,0.074
level node,2,5,2,1.0726,3.030,0.085
ever get,2,5,2,1.0726,3.030,0.164
arbitrarily nested,2,5,2,1.0726,3.030,0.473
record length,2,5,2,1.0726,3.030,0.260
contain several,2,5,2,1.0726,3.030,0.200
insert delete,2,5,2,1.0726,3.030,0.253
considered bad,2,5,2,1.0726,3.030,0.312
previously added,2,5,2,1.0726,3.030,0.207
view definition,2,5,2,1.0726,3.030,0.155
between regular,2,5,2,1.0726,3.030,0.149
function thus,2,5,2,1.0726,3.030,0.058
except perhaps,2,5,2,1.0726,3.030,0.323
null code,2,5,2,1.0726,3.030,-0.029
function other,2,5,2,1.0726,3.030,-0.125
free function,2,5,2,1.0726,3.030,0.048
per character,2,5,2,1.0726,3.030,0.197
resulting list,2,5,2,1.0726,3.030,0.164
dll file,2,5,2,1.0726,3.030,0.214
brief summary,2,5,2,1.0726,3.030,0.483
python wiki,2,5,2,1.0726,3.030,0.312
con talk,2,5,2,1.0726,3.030,0.556
real class,2,5,2,1.0726,3.030,0.120
print something,2,5,2,1.0726,3.030,0.145
double star,2,5,2,1.0726,3.030,0.495
naive object,2,5,2,1.0726,3.030,0.264
decimal representation,2,5,2,1.0726,3.030,0.343
select poll,2,5,2,1.0726,3.030,0.304
commonly known,2,5,2,1.0726,3.030,0.336
threading model,2,5,2,1.0726,3.030,0.304
raise error,2,5,2,1.0726,3.030,0.093
new foundation,2,5,2,1.0726,3.030,0.236
current route,2,5,2,1.0726,3.030,0.220
between react,2,5,2,1.0726,3.030,0.049
data down,2,5,2,1.0726,3.030,0.057
react child,2,5,2,1.0726,3.030,0.140
auto complete,2,5,2,1.0726,3.030,0.263
standard dom,2,5,2,1.0726,3.030,0.188
please be aware,3,5,2,1.0726,3.030,0.342
used to save,3,5,2,1.0726,3.030,0.173
display the current,3,5,2,1.0726,3.030,0.149
get an empty,3,5,2,1.0726,3.030,0.117
add and delete,3,5,2,1.0726,3.030,0.279
check your current,3,5,2,1.0726,3.030,0.285
python and below,3,5,2,1.0726,3.030,0.285
pre and post,3,5,2,1.0726,3.030,0.514
ability to handle,3,5,2,1.0726,3.030,0.260
proxy to avoid,3,5,2,1.0726,3.030,0.235
restructure your code,3,5,2,1.0726,3.030,0.371
leave it empty,3,5,2,1.0726,3.030,0.412
execute the same,3,5,2,1.0726,3.030,0.072
build the project,3,5,2,1.0726,3.030,0.138
find the container,3,5,2,1.0726,3.030,0.169
set the image,3,5,2,1.0726,3.030,0.095
user and password,3,5,2,1.0726,3.030,0.255
test and develop,3,5,2,1.0726,3.030,0.436
server should return,3,5,2,1.0726,3.030,0.242
private git hub,3,5,2,1.0726,3.030,0.243
supply your own,3,5,2,1.0726,3.030,0.371
need to control,3,5,2,1.0726,3.030,0.065
bug is fixed,3,5,2,1.0726,3.030,0.419
warn the user,3,5,2,1.0726,3.030,0.283
out of disk,3,5,2,1.0726,3.030,0.258
well as using,3,5,2,1.0726,3.030,0.048
cannot be loaded,3,5,2,1.0726,3.030,0.283
note by default,3,5,2,1.0726,3.030,0.056
access the page,3,5,2,1.0726,3.030,0.199
command to find,3,5,2,1.0726,3.030,0.108
find the current,3,5,2,1.0726,3.030,0.099
used to decide,3,5,2,1.0726,3.030,0.201
using the id,3,5,2,1.0726,3.030,0.065
difficult to get,3,5,2,1.0726,3.030,0.188
error to avoid,3,5,2,1.0726,3.030,0.055
git log output,3,5,2,1.0726,3.030,0.211
over the list,3,5,2,1.0726,3.030,0.150
tried to find,3,5,2,1.0726,3.030,0.236
file or vice,3,5,2,1.0726,3.030,0.271
tried to read,3,5,2,1.0726,3.030,0.217
meaningful error message,3,5,2,1.0726,3.030,0.387
git and later,3,5,2,1.0726,3.030,0.218
works correctly in,3,5,2,1.0726,3.030,0.153
pager by default,3,5,2,1.0726,3.030,0.345
function in use,3,5,2,1.0726,3.030,0.071
instead of making,3,5,2,1.0726,3.030,0.153
multi threaded code,3,5,2,1.0726,3.030,0.262
output to contain,3,5,2,1.0726,3.030,0.267
output to stdout,3,5,2,1.0726,3.030,0.279
reducing the size,3,5,2,1.0726,3.030,0.414
git version control,3,5,2,1.0726,3.030,0.196
check to make,3,5,2,1.0726,3.030,0.083
find the index,3,5,2,1.0726,3.030,0.176
first array element,3,5,2,1.0726,3.030,0.298
script is loaded,3,5,2,1.0726,3.030,0.298
array in order,3,5,2,1.0726,3.030,0.120
return or throw,3,5,2,1.0726,3.030,0.420
used in such,3,5,2,1.0726,3.030,0.101
time the callback,3,5,2,1.0726,3.030,0.176
element is removed,3,5,2,1.0726,3.030,0.322
standard library function,3,5,2,1.0726,3.030,0.063
between those two,3,5,2,1.0726,3.030,0.360
define an array,3,5,2,1.0726,3.030,0.180
call to exec,3,5,2,1.0726,3.030,0.351
function is set,3,5,2,1.0726,3.030,0.051
over an object,3,5,2,1.0726,3.030,0.137
make no sense,3,5,2,1.0726,3.030,0.374
row and column,3,5,2,1.0726,3.030,0.449
need to raise,3,5,2,1.0726,3.030,0.136
use the fact,3,5,2,1.0726,3.030,0.117
two argument form,3,5,2,1.0726,3.030,0.454
moving the cursor,3,5,2,1.0726,3.030,0.472
function call syntax,3,5,2,1.0726,3.030,0.276
most common type,3,5,2,1.0726,3.030,0.159
using this api,3,5,2,1.0726,3.030,0.204
return the exception,3,5,2,1.0726,3.030,0.118
user defined class,3,5,2,1.0726,3.030,0.237
combine the two,3,5,2,1.0726,3.030,0.315
snippet of code,3,5,2,1.0726,3.030,0.353
under the debugger,3,5,2,1.0726,3.030,0.395
want to place,3,5,2,1.0726,3.030,0.078
order to change,3,5,2,1.0726,3.030,0.133
exception is re,3,5,2,1.0726,3.030,0.258
support for internet,3,5,2,1.0726,3.030,0.313
component multiple times,3,5,2,1.0726,3.030,0.214
unique key prop,3,5,2,1.0726,3.030,0.564
send the form,3,5,2,1.0726,3.030,0.257
forwards compatibility,2,6,2,1.0656,3.028,0.489
testing infrastructure,2,6,2,1.0656,3.028,0.361
recorded on,2,6,2,1.0656,3.028,0.125
require manual,2,6,2,1.0656,3.028,0.292
display various,2,6,2,1.0656,3.028,0.235
documentation website,2,6,2,1.0656,3.028,0.242
info file,2,6,2,1.0656,3.028,0.056
key see,2,6,2,1.0656,3.028,-0.027
information please,2,6,2,1.0656,3.028,0.133
visible through,2,6,2,1.0656,3.028,0.254
default environment,2,6,2,1.0656,3.028,-0.013
default home,2,6,2,1.0656,3.028,0.113
another feature,2,6,2,1.0656,3.028,0.097
information included,2,6,2,1.0656,3.028,0.129
team membership,2,6,2,1.0656,3.028,0.437
registry url,2,6,2,1.0656,3.028,0.169
use third,2,6,2,1.0656,3.028,0.022
existing enum,2,6,2,1.0656,3.028,0.204
specific build,2,6,2,1.0656,3.028,0.035
new template,2,6,2,1.0656,3.028,0.025
platform target,2,6,2,1.0656,3.028,0.196
base used,2,6,2,1.0656,3.028,0.016
use native,2,6,2,1.0656,3.028,0.022
terminal width,2,6,2,1.0656,3.028,0.284
latest development,2,6,2,1.0656,3.028,0.223
see fit,2,6,2,1.0656,3.028,0.180
week day,2,6,2,1.0656,3.028,0.382
using legacy,2,6,2,1.0656,3.028,0.104
through many,2,6,2,1.0656,3.028,0.084
making other,2,6,2,1.0656,3.028,0.071
boolean optional,2,6,2,1.0656,3.028,0.242
readable string,2,6,2,1.0656,3.028,0.148
returned constructor,2,6,2,1.0656,3.028,0.167
macro defined,2,6,2,1.0656,3.028,0.160
bug please,2,6,2,1.0656,3.028,0.214
lay out,2,6,2,1.0656,3.028,0.450
src content,2,6,2,1.0656,3.028,0.222
element object,2,6,2,1.0656,3.028,-0.001
require specific,2,6,2,1.0656,3.028,0.144
configuration through,2,6,2,1.0656,3.028,0.074
code option,2,6,2,1.0656,3.028,-0.113
strictly enforced,2,6,2,1.0656,3.028,0.527
throw return,2,6,2,1.0656,3.028,0.120
specified inside,2,6,2,1.0656,3.028,0.060
ways using,2,6,2,1.0656,3.028,0.032
break continue,2,6,2,1.0656,3.028,0.279
format such,2,6,2,1.0656,3.028,0.032
tip use,2,6,2,1.0656,3.028,0.081
natively supported,2,6,2,1.0656,3.028,0.397
optionally provide,2,6,2,1.0656,3.028,0.264
applied automatically,2,6,2,1.0656,3.028,0.197
action required,2,6,2,1.0656,3.028,0.126
default rule,2,6,2,1.0656,3.028,-0.041
now enforce,2,6,2,1.0656,3.028,0.147
receiving security,2,6,2,1.0656,3.028,0.312
previous default,2,6,2,1.0656,3.028,0.055
use shared,2,6,2,1.0656,3.028,-0.002
argument note,2,6,2,1.0656,3.028,0.033
source release,2,6,2,1.0656,3.028,0.112
something changed,2,6,2,1.0656,3.028,0.144
id using,2,6,2,1.0656,3.028,-0.036
common enough,2,6,2,1.0656,3.028,0.198
ai agent,2,6,2,1.0656,3.028,0.413
use directly,2,6,2,1.0656,3.028,-0.063
using static,2,6,2,1.0656,3.028,0.004
now finished,2,6,2,1.0656,3.028,0.188
affect anything,2,6,2,1.0656,3.028,0.283
development time,2,6,2,1.0656,3.028,0.068
single component,2,6,2,1.0656,3.028,0.078
image again,2,6,2,1.0656,3.028,0.114
respective documentation,2,6,2,1.0656,3.028,0.339
actual type,2,6,2,1.0656,3.028,0.051
post delete,2,6,2,1.0656,3.028,0.177
class model,2,6,2,1.0656,3.028,0.033
data parameter,2,6,2,1.0656,3.028,-0.020
python project,2,6,2,1.0656,3.028,0.014
proxy use,2,6,2,1.0656,3.028,0.004
object available,2,6,2,1.0656,3.028,-0.027
hosting provider,2,6,2,1.0656,3.028,0.373
database abstraction,2,6,2,1.0656,3.028,0.269
specific documentation,2,6,2,1.0656,3.028,0.088
share common,2,6,2,1.0656,3.028,0.210
common need,2,6,2,1.0656,3.028,0.022
get head,2,6,2,1.0656,3.028,0.111
setting on,2,6,2,1.0656,3.028,-0.064
expensive calculation,2,6,2,1.0656,3.028,0.509
access form,2,6,2,1.0656,3.028,0.079
connect via,2,6,2,1.0656,3.028,0.209
internationalized domain,2,6,2,1.0656,3.028,0.573
set false,2,6,2,1.0656,3.028,0.028
parser api,2,6,2,1.0656,3.028,0.130
line usage,2,6,2,1.0656,3.028,0.103
break long,2,6,2,1.0656,3.028,0.226
mode string,2,6,2,1.0656,3.028,0.018
serialized using,2,6,2,1.0656,3.028,0.150
converted back,2,6,2,1.0656,3.028,0.242
plain python,2,6,2,1.0656,3.028,0.124
play well,2,6,2,1.0656,3.028,0.275
class var,2,6,2,1.0656,3.028,0.167
passing false,2,6,2,1.0656,3.028,0.181
mode property,2,6,2,1.0656,3.028,0.085
type user,2,6,2,1.0656,3.028,-0.073
validation process,2,6,2,1.0656,3.028,0.151
info instance,2,6,2,1.0656,3.028,0.159
documentation build,2,6,2,1.0656,3.028,0.043
under python,2,6,2,1.0656,3.028,0.088
recommend migrating,2,6,2,1.0656,3.028,0.438
other cache,2,6,2,1.0656,3.028,0.037
per class,2,6,2,1.0656,3.028,0.101
easily write,2,6,2,1.0656,3.028,0.187
first write,2,6,2,1.0656,3.028,0.011
raise oserror,2,6,2,1.0656,3.028,0.516
correctly error,2,6,2,1.0656,3.028,0.057
initial design,2,6,2,1.0656,3.028,0.282
maximum total,2,6,2,1.0656,3.028,0.341
drop into,2,6,2,1.0656,3.028,0.115
logging handler,2,6,2,1.0656,3.028,0.253
level functionality,2,6,2,1.0656,3.028,0.171
pass two,2,6,2,1.0656,3.028,0.051
dump traceback,2,6,2,1.0656,3.028,0.426
output regardless,2,6,2,1.0656,3.028,0.164
table index,2,6,2,1.0656,3.028,0.049
mapping table,2,6,2,1.0656,3.028,0.199
pattern works,2,6,2,1.0656,3.028,0.105
next parameter,2,6,2,1.0656,3.028,0.085
related state,2,6,2,1.0656,3.028,0.088
setup work,2,6,2,1.0656,3.028,0.119
history log,2,6,2,1.0656,3.028,0.201
bundle sizes,2,6,2,1.0656,3.028,0.438
logic outside,2,6,2,1.0656,3.028,0.192
counter component,2,6,2,1.0656,3.028,0.218
custom logic,2,6,2,1.0656,3.028,0.127
code related,2,6,2,1.0656,3.028,0.015
timestamp string,2,6,2,1.0656,3.028,0.178
clear out,2,6,2,1.0656,3.028,0.146
nested array,2,6,2,1.0656,3.028,0.140
start fetching,2,6,2,1.0656,3.028,0.206
development build,2,6,2,1.0656,3.028,0.093
like fetch,2,6,2,1.0656,3.028,0.055
react api,2,6,2,1.0656,3.028,0.014
more granularity,2,6,2,1.0656,3.028,0.314
query see,2,6,2,1.0656,3.028,-0.027
party extension,2,6,2,1.0656,3.028,0.276
let react,2,6,2,1.0656,3.028,0.104
dom environment,2,6,2,1.0656,3.028,0.171
write unit,2,6,2,1.0656,3.028,0.175
type changed,2,6,2,1.0656,3.028,0.029
plain array,2,6,2,1.0656,3.028,0.145
name component,2,6,2,1.0656,3.028,0.005
additional behavior,2,6,2,1.0656,3.028,0.127
level key,2,6,2,1.0656,3.028,0.069
remains open,2,6,2,1.0656,3.028,0.293
data block,2,6,2,1.0656,3.028,-0.004
optionally return,2,6,2,1.0656,3.028,0.194
per attribute,2,6,2,1.0656,3.028,0.183
file update,2,6,2,1.0656,3.028,-0.044
between dev,2,6,2,1.0656,3.028,0.141
through git,2,6,2,1.0656,3.028,0.014
explicitly include,2,6,2,1.0656,3.028,0.167
configure custom,2,6,2,1.0656,3.028,0.169
time equivalent,2,6,2,1.0656,3.028,0.087
level environment,2,6,2,1.0656,3.028,0.079
event payload,2,6,2,1.0656,3.028,0.301
able to select,3,6,2,1.0656,3.028,0.128
local machine using,3,6,2,1.0656,3.028,0.236
format to use,3,6,2,1.0656,3.028,0.023
directory to use,3,6,2,1.0656,3.028,-0.013
useful for setting,3,6,2,1.0656,3.028,0.235
option the default,3,6,2,1.0656,3.028,0.012
converted to lowercase,3,6,2,1.0656,3.028,0.440
use third party,3,6,2,1.0656,3.028,0.078
instead of modifying,3,6,2,1.0656,3.028,0.259
package is available,3,6,2,1.0656,3.028,0.192
meet your needs,3,6,2,1.0656,3.028,0.533
within the last,3,6,2,1.0656,3.028,0.159
needs to return,3,6,2,1.0656,3.028,0.099
down the tree,3,6,2,1.0656,3.028,0.314
future major version,3,6,2,1.0656,3.028,0.367
match the name,3,6,2,1.0656,3.028,0.120
during the course,3,6,2,1.0656,3.028,0.347
function to avoid,3,6,2,1.0656,3.028,0.030
true to allow,3,6,2,1.0656,3.028,0.188
case the specified,3,6,2,1.0656,3.028,0.136
use the allow,3,6,2,1.0656,3.028,0.052
option is primarily,3,6,2,1.0656,3.028,0.301
reflect get own,3,6,2,1.0656,3.028,0.490
update the list,3,6,2,1.0656,3.028,0.138
configuration to use,3,6,2,1.0656,3.028,0.003
such as json,3,6,2,1.0656,3.028,0.054
open source release,3,6,2,1.0656,3.028,0.291
pass the object,3,6,2,1.0656,3.028,0.117
need to happen,3,6,2,1.0656,3.028,0.128
want to serve,3,6,2,1.0656,3.028,0.192
context is active,3,6,2,1.0656,3.028,0.351
guide will show,3,6,2,1.0656,3.028,0.372
logger add handler,3,6,2,1.0656,3.028,0.603
whenever you make,3,6,2,1.0656,3.028,0.267
way to organize,3,6,2,1.0656,3.028,0.342
see this message,3,6,2,1.0656,3.028,0.244
best to keep,3,6,2,1.0656,3.028,0.243
serialized in json,3,6,2,1.0656,3.028,0.485
list of type,3,6,2,1.0656,3.028,0.007
during class creation,3,6,2,1.0656,3.028,0.523
using the on,3,6,2,1.0656,3.028,-0.109
need to subclass,3,6,2,1.0656,3.028,0.167
referencing the same,3,6,2,1.0656,3.028,0.206
addition to using,3,6,2,1.0656,3.028,0.107
state and dispatch,3,6,2,1.0656,3.028,0.298
most common usage,3,6,2,1.0656,3.028,0.334
component to render,3,6,2,1.0656,3.028,0.276
store and use,3,6,2,1.0656,3.028,0.145
state to get,3,6,2,1.0656,3.028,0.043
hook from react,3,6,2,1.0656,3.028,0.437
use this pattern,3,6,2,1.0656,3.028,0.137
converted to use,3,6,2,1.0656,3.028,0.073
considered an implementation,3,6,2,1.0656,3.028,0.391
code we recommend,3,6,2,1.0656,3.028,0.122
through the git,3,6,2,1.0656,3.028,0.095
two element array,3,6,2,1.0656,3.028,0.420
return the corresponding,3,6,2,1.0656,3.028,0.176
next major version,3,6,2,1.0656,3.028,0.340
please consult,2,8,2,1.0527,3.022,0.384
workflow in,2,8,2,1.0527,3.022,0.018
single platform,2,8,2,1.0527,3.022,0.167
env instruction,2,8,2,1.0527,3.022,0.298
different execution,2,8,2,1.0527,3.022,0.114
proxy type,2,8,2,1.0527,3.022,0.056
protocol used,2,8,2,1.0527,3.022,0.090
directory prefix,2,8,2,1.0527,3.022,0.144
considered different,2,8,2,1.0527,3.022,0.137
version git,2,8,2,1.0527,3.022,-0.052
like os,2,8,2,1.0527,3.022,0.054
stay within,2,8,2,1.0527,3.022,0.303
network latency,2,8,2,1.0527,3.022,0.393
previous release,2,8,2,1.0527,3.022,0.162
main unit,2,8,2,1.0527,3.022,0.200
hub pull,2,8,2,1.0527,3.022,0.201
complete documentation,2,8,2,1.0527,3.022,0.166
apply different,2,8,2,1.0527,3.022,0.086
start searching,2,8,2,1.0527,3.022,0.250
explicitly declared,2,8,2,1.0527,3.022,0.247
new custom,2,8,2,1.0527,3.022,0.001
function more,2,8,2,1.0527,3.022,-0.133
untrusted code,2,8,2,1.0527,3.022,0.214
specific information,2,8,2,1.0527,3.022,0.057
local option,2,8,2,1.0527,3.022,0.029
legacy octal,2,8,2,1.0527,3.022,0.484
matched case,2,8,2,1.0527,3.022,0.202
object prevent,2,8,2,1.0527,3.022,0.069
different base,2,8,2,1.0527,3.022,0.066
written without,2,8,2,1.0527,3.022,0.098
given format,2,8,2,1.0527,3.022,0.087
object defined,2,8,2,1.0527,3.022,-0.020
cycle detection,2,8,2,1.0527,3.022,0.450
resolve function,2,8,2,1.0527,3.022,0.069
cookie based,2,8,2,1.0527,3.022,0.255
language see,2,8,2,1.0527,3.022,0.027
classes provided,2,8,2,1.0527,3.022,0.170
spent waiting,2,8,2,1.0527,3.022,0.469
bubble in,2,8,2,1.0527,3.022,0.145
multi core,2,8,2,1.0527,3.022,0.243
cheat sheet,2,8,2,1.0527,3.022,0.793
optional list,2,8,2,1.0527,3.022,0.096
maximum flexibility,2,8,2,1.0527,3.022,0.397
optionally use,2,8,2,1.0527,3.022,0.081
model attribute,2,8,2,1.0527,3.022,0.114
enforce security,2,8,2,1.0527,3.022,0.252
now skip,2,8,2,1.0527,3.022,0.129
same id,2,8,2,1.0527,3.022,0.004
fixed value,2,8,2,1.0527,3.022,-0.014
many concurrent,2,8,2,1.0527,3.022,0.227
cookie name,2,8,2,1.0527,3.022,0.163
default cookie,2,8,2,1.0527,3.022,0.160
prefix argument,2,8,2,1.0527,3.022,0.170
database layer,2,8,2,1.0527,3.022,0.187
using network,2,8,2,1.0527,3.022,0.001
import lock,2,8,2,1.0527,3.022,0.174
storage save,2,8,2,1.0527,3.022,0.266
type use,2,8,2,1.0527,3.022,-0.185
python programmer,2,8,2,1.0527,3.022,0.198
template object,2,8,2,1.0527,3.022,0.015
python database,2,8,2,1.0527,3.022,0.008
body text,2,8,2,1.0527,3.022,0.130
unlike python,2,8,2,1.0527,3.022,0.155
security check,2,8,2,1.0527,3.022,0.110
data across,2,8,2,1.0527,3.022,0.073
build request,2,8,2,1.0527,3.022,0.014
forward proxy,2,8,2,1.0527,3.022,0.313
other advanced,2,8,2,1.0527,3.022,0.136
style used,2,8,2,1.0527,3.022,0.046
offset option,2,8,2,1.0527,3.022,0.158
format function,2,8,2,1.0527,3.022,-0.043
line object,2,8,2,1.0527,3.022,-0.069
real part,2,8,2,1.0527,3.022,0.169
date instance,2,8,2,1.0527,3.022,0.103
field used,2,8,2,1.0527,3.022,-0.038
following model,2,8,2,1.0527,3.022,0.023
enable experimental,2,8,2,1.0527,3.022,0.281
type json,2,8,2,1.0527,3.022,-0.034
set defer,2,8,2,1.0527,3.022,0.282
field use,2,8,2,1.0527,3.022,-0.103
automatically closed,2,8,2,1.0527,3.022,0.265
version argument,2,8,2,1.0527,3.022,0.018
different mechanism,2,8,2,1.0527,3.022,0.170
python interactive,2,8,2,1.0527,3.022,0.166
clean database,2,8,2,1.0527,3.022,0.180
found within,2,8,2,1.0527,3.022,0.133
single positional,2,8,2,1.0527,3.022,0.273
exec code,2,8,2,1.0527,3.022,0.094
same month,2,8,2,1.0527,3.022,0.125
create test,2,8,2,1.0527,3.022,-0.049
next invocation,2,8,2,1.0527,3.022,0.293
granular control,2,8,2,1.0527,3.022,0.424
pythonwarnings environment,2,8,2,1.0527,3.022,0.475
tracemalloc module,2,8,2,1.0527,3.022,0.447
unraisable exception,2,8,2,1.0527,3.022,0.427
more informative,2,8,2,1.0527,3.022,0.317
dynamic nature,2,8,2,1.0527,3.022,0.467
default keep,2,8,2,1.0527,3.022,0.038
following workflow,2,8,2,1.0527,3.022,0.212
option without,2,8,2,1.0527,3.022,-0.015
effects see,2,8,2,1.0527,3.022,0.087
standalone binary,2,8,2,1.0527,3.022,0.359
enter method,2,8,2,1.0527,3.022,0.140
memo call,2,8,2,1.0527,3.022,0.241
detail string,2,8,2,1.0527,3.022,0.122
locale compare,2,8,2,1.0527,3.022,0.314
local mutation,2,8,2,1.0527,3.022,0.268
set index,2,8,2,1.0527,3.022,-0.016
originally intended,2,8,2,1.0527,3.022,0.356
get visible,2,8,2,1.0527,3.022,0.164
prop drilling,2,8,2,1.0527,3.022,0.670
status success,2,8,2,1.0527,3.022,0.287
most react,2,8,2,1.0527,3.022,0.039
prefer calling,2,8,2,1.0527,3.022,0.253
writing data,2,8,2,1.0527,3.022,0.030
empty form,2,8,2,1.0527,3.022,0.130
empty input,2,8,2,1.0527,3.022,0.128
define new,2,8,2,1.0527,3.022,0.018
defining new,2,8,2,1.0527,3.022,0.115
loading indicator,2,8,2,1.0527,3.022,0.457
client react,2,8,2,1.0527,3.022,0.067
import use,2,8,2,1.0527,3.022,-0.062
enable automatic,2,8,2,1.0527,3.022,0.272
longer needs,2,8,2,1.0527,3.022,0.160
push out,2,8,2,1.0527,3.022,0.121
create src,2,8,2,1.0527,3.022,0.117
using strict,2,8,2,1.0527,3.022,0.039
resulting promise,2,8,2,1.0527,3.022,0.305
management tool,2,8,2,1.0527,3.022,0.283
caching behavior,2,8,2,1.0527,3.022,0.245
pass around,2,8,2,1.0527,3.022,0.144
now built,2,8,2,1.0527,3.022,0.042
field such,2,8,2,1.0527,3.022,0.009
changed later,2,8,2,1.0527,3.022,0.136
first page,2,8,2,1.0527,3.022,0.026
init process,2,8,2,1.0527,3.022,0.197
allow passing,2,8,2,1.0527,3.022,0.165
particular session,2,8,2,1.0527,3.022,0.202
wait forever,2,8,2,1.0527,3.022,0.427
go module,2,8,2,1.0527,3.022,0.079
map entry,2,8,2,1.0527,3.022,0.212
corresponding remote,2,8,2,1.0527,3.022,0.230
import process,2,8,2,1.0527,3.022,0.100
legacy api,2,8,2,1.0527,3.022,0.184
share feedback,2,8,2,1.0527,3.022,0.353
behavior across,2,8,2,1.0527,3.022,0.179
script path,2,8,2,1.0527,3.022,-0.000
extracted into,2,8,2,1.0527,3.022,0.286
logger object,2,8,2,1.0527,3.022,0.152
file loader,2,8,2,1.0527,3.022,0.203
now handled,2,8,2,1.0527,3.022,0.159
add module,2,8,2,1.0527,3.022,-0.011
specific extension,2,8,2,1.0527,3.022,0.131
length of time,3,8,2,1.0527,3.022,0.195
feature is useful,3,8,2,1.0527,3.022,0.237
use of git,3,8,2,1.0527,3.022,0.070
used for git,3,8,2,1.0527,3.022,0.083
protocol is used,3,8,2,1.0527,3.022,0.225
used to insert,3,8,2,1.0527,3.022,0.183
behavior of git,3,8,2,1.0527,3.022,0.145
expression is wrapped,3,8,2,1.0527,3.022,0.398
above for more,3,8,2,1.0527,3.022,0.118
true to enable,3,8,2,1.0527,3.022,0.193
colors are used,3,8,2,1.0527,3.022,0.377
due to missing,3,8,2,1.0527,3.022,0.248
name was given,3,8,2,1.0527,3.022,0.313
using the email,3,8,2,1.0527,3.022,0.133
possible to override,3,8,2,1.0527,3.022,0.249
command the following,3,8,2,1.0527,3.022,-0.027
use the proxy,3,8,2,1.0527,3.022,0.117
such an error,3,8,2,1.0527,3.022,0.052
configuration and usage,3,8,2,1.0527,3.022,0.351
form is used,3,8,2,1.0527,3.022,0.132
initialize the database,3,8,2,1.0527,3.022,0.309
machine you need,3,8,2,1.0527,3.022,0.178
directory and add,3,8,2,1.0527,3.022,0.201
follow the installation,3,8,2,1.0527,3.022,0.353
read the entire,3,8,2,1.0527,3.022,0.178
modify the default,3,8,2,1.0527,3.022,0.155
format the string,3,8,2,1.0527,3.022,0.151
customize the default,3,8,2,1.0527,3.022,0.211
used to communicate,3,8,2,1.0527,3.022,0.243
exec code module,3,8,2,1.0527,3.022,0.504
sys version info,3,8,2,1.0527,3.022,0.539
pythonwarnings environment variable,3,8,2,1.0527,3.022,0.503
otherwise an error,3,8,2,1.0527,3.022,0.150
third party package,3,8,2,1.0527,3.022,0.220
between the new,3,8,2,1.0527,3.022,0.092
state you need,3,8,2,1.0527,3.022,0.036
re render react,3,8,2,1.0527,3.022,0.231
signal an abort,3,8,2,1.0527,3.022,0.642
component will mount,3,8,2,1.0527,3.022,0.474
run in response,3,8,2,1.0527,3.022,0.220
easier to follow,3,8,2,1.0527,3.022,0.275
easier to add,3,8,2,1.0527,3.022,0.138
specific data type,3,8,2,1.0527,3.022,0.226
during the rendering,3,8,2,1.0527,3.022,0.316
support for client,3,8,2,1.0527,3.022,0.178
need more control,3,8,2,1.0527,3.022,0.306
installed by default,3,8,2,1.0527,3.022,0.140
between the server,3,8,2,1.0527,3.022,0.112
version is installed,3,8,2,1.0527,3.022,0.242
module is now,3,8,2,1.0527,3.022,0.147
dashboard and select,3,8,2,1.0527,3.022,0.460
general public,2,5,3,1.0171,3.007,0.241
get run,2,5,3,1.0171,3.007,-0.070
installation see,2,5,3,1.0171,3.007,0.110
more output,2,5,3,1.0171,3.007,-0.068
added into,2,5,3,1.0171,3.007,0.028
see change,2,5,3,1.0171,3.007,-0.043
value defined,2,5,3,1.0171,3.007,-0.039
like make,2,5,3,1.0171,3.007,-0.066
macro version,2,5,3,1.0171,3.007,0.105
basis see,2,5,3,1.0171,3.007,0.206
use platform,2,5,3,1.0171,3.007,0.014
code behind,2,5,3,1.0171,3.007,0.091
readily available,2,5,3,1.0171,3.007,0.488
button next,2,5,3,1.0171,3.007,0.188
significant time,2,5,3,1.0171,3.007,0.171
information used,2,5,3,1.0171,3.007,-0.040
change use,2,5,3,1.0171,3.007,-0.115
using range,2,5,3,1.0171,3.007,0.021
burden on,2,5,3,1.0171,3.007,0.273
using out,2,5,3,1.0171,3.007,-0.079
under development,2,5,3,1.0171,3.007,0.197
main repository,2,5,3,1.0171,3.007,0.105
rebase using,2,5,3,1.0171,3.007,0.083
exist between,2,5,3,1.0171,3.007,0.142
ensure proper,2,5,3,1.0171,3.007,0.300
particular bug,2,5,3,1.0171,3.007,0.184
create other,2,5,3,1.0171,3.007,-0.072
returned null,2,5,3,1.0171,3.007,0.136
id error,2,5,3,1.0171,3.007,-0.014
without going,2,5,3,1.0171,3.007,0.109
behavior depending,2,5,3,1.0171,3.007,0.175
single integer,2,5,3,1.0171,3.007,0.128
boolean context,2,5,3,1.0171,3.007,0.187
file outside,2,5,3,1.0171,3.007,0.047
specific context,2,5,3,1.0171,3.007,0.089
within classes,2,5,3,1.0171,3.007,0.149
expression notation,2,5,3,1.0171,3.007,0.259
variable cannot,2,5,3,1.0171,3.007,0.059
apply other,2,5,3,1.0171,3.007,0.042
based configuration,2,5,3,1.0171,3.007,0.067
source folder,2,5,3,1.0171,3.007,0.180
wrong value,2,5,3,1.0171,3.007,0.048
local project,2,5,3,1.0171,3.007,0.076
provide context,2,5,3,1.0171,3.007,0.113
name now,2,5,3,1.0171,3.007,-0.064
use env,2,5,3,1.0171,3.007,0.012
current work,2,5,3,1.0171,3.007,0.021
api built,2,5,3,1.0171,3.007,0.059
designed around,2,5,3,1.0171,3.007,0.270
using str,2,5,3,1.0171,3.007,0.061
client class,2,5,3,1.0171,3.007,0.048
internal variable,2,5,3,1.0171,3.007,0.118
more confusing,2,5,3,1.0171,3.007,0.174
properly handled,2,5,3,1.0171,3.007,0.345
secure hash,2,5,3,1.0171,3.007,0.314
less specific,2,5,3,1.0171,3.007,0.145
provided explicitly,2,5,3,1.0171,3.007,0.177
directly related,2,5,3,1.0171,3.007,0.160
use conditional,2,5,3,1.0171,3.007,0.090
push code,2,5,3,1.0171,3.007,0.019
once instead,2,5,3,1.0171,3.007,0.046
untrusted input,2,5,3,1.0171,3.007,0.355
other client,2,5,3,1.0171,3.007,0.006
file handling,2,5,3,1.0171,3.007,0.039
really simple,2,5,3,1.0171,3.007,0.190
following text,2,5,3,1.0171,3.007,0.020
declarative way,2,5,3,1.0171,3.007,0.264
connection execute,2,5,3,1.0171,3.007,0.191
two column,2,5,3,1.0171,3.007,0.084
view like,2,5,3,1.0171,3.007,-0.003
own web,2,5,3,1.0171,3.007,0.124
dynamic data,2,5,3,1.0171,3.007,0.130
told otherwise,2,5,3,1.0171,3.007,0.338
pool size,2,5,3,1.0171,3.007,0.237
streaming mode,2,5,3,1.0171,3.007,0.260
properly closed,2,5,3,1.0171,3.007,0.376
set according,2,5,3,1.0171,3.007,0.112
like single,2,5,3,1.0171,3.007,-0.025
general strategy,2,5,3,1.0171,3.007,0.342
manager such,2,5,3,1.0171,3.007,0.122
extra attribute,2,5,3,1.0171,3.007,0.164
new subclass,2,5,3,1.0171,3.007,0.126
consistently use,2,5,3,1.0171,3.007,0.149
simply replace,2,5,3,1.0171,3.007,0.247
possible otherwise,2,5,3,1.0171,3.007,0.121
correctly using,2,5,3,1.0171,3.007,0.029
valid use,2,5,3,1.0171,3.007,-0.042
basic test,2,5,3,1.0171,3.007,0.108
stripped down,2,5,3,1.0171,3.007,0.417
file python,2,5,3,1.0171,3.007,-0.087
error argument,2,5,3,1.0171,3.007,-0.031
exception info,2,5,3,1.0171,3.007,0.123
name get,2,5,3,1.0171,3.007,-0.077
during program,2,5,3,1.0171,3.007,0.106
system python,2,5,3,1.0171,3.007,0.013
automatically pick,2,5,3,1.0171,3.007,0.251
write new,2,5,3,1.0171,3.007,-0.023
last call,2,5,3,1.0171,3.007,0.063
mail server,2,5,3,1.0171,3.007,0.234
modify existing,2,5,3,1.0171,3.007,0.199
common solution,2,5,3,1.0171,3.007,0.154
via python,2,5,3,1.0171,3.007,0.055
two environment,2,5,3,1.0171,3.007,0.030
kept around,2,5,3,1.0171,3.007,0.313
react add,2,5,3,1.0171,3.007,-0.003
code size,2,5,3,1.0171,3.007,-0.017
data entry,2,5,3,1.0171,3.007,0.052
run up,2,5,3,1.0171,3.007,-0.039
number rather,2,5,3,1.0171,3.007,0.065
other effect,2,5,3,1.0171,3.007,0.038
way react,2,5,3,1.0171,3.007,-0.004
simply take,2,5,3,1.0171,3.007,0.176
application architecture,2,5,3,1.0171,3.007,0.217
trip up,2,5,3,1.0171,3.007,0.324
single connection,2,5,3,1.0171,3.007,0.115
clear understanding,2,5,3,1.0171,3.007,0.340
loaded data,2,5,3,1.0171,3.007,0.099
complete listing,2,5,3,1.0171,3.007,0.363
correct state,2,5,3,1.0171,3.007,0.036
somewhat more,2,5,3,1.0171,3.007,0.197
avoid use,2,5,3,1.0171,3.007,-0.042
much overhead,2,5,3,1.0171,3.007,0.288
directly compare,2,5,3,1.0171,3.007,0.211
without defining,2,5,3,1.0171,3.007,0.170
possible performance,2,5,3,1.0171,3.007,0.117
between code,2,5,3,1.0171,3.007,-0.062
times most,2,5,3,1.0171,3.007,0.116
more selective,2,5,3,1.0171,3.007,0.366
know ahead,2,5,3,1.0171,3.007,0.277
page such,2,5,3,1.0171,3.007,0.037
output array,2,5,3,1.0171,3.007,-0.012
data fetched,2,5,3,1.0171,3.007,0.180
actual object,2,5,3,1.0171,3.007,0.053
succinct way,2,5,3,1.0171,3.007,0.386
single definition,2,5,3,1.0171,3.007,0.129
static website,2,5,3,1.0171,3.007,0.276
project works,2,5,3,1.0171,3.007,0.081
specific resource,2,5,3,1.0171,3.007,0.169
zero instead,2,5,3,1.0171,3.007,0.105
table regardless,2,5,3,1.0171,3.007,0.197
corresponding attribute,2,5,3,1.0171,3.007,0.216
test tables,2,5,3,1.0171,3.007,0.082
often seen,2,5,3,1.0171,3.007,0.240
check first,2,5,3,1.0171,3.007,0.001
run forever,2,5,3,1.0171,3.007,0.225
packed into,2,5,3,1.0171,3.007,0.251
between development,2,5,3,1.0171,3.007,0.128
using native,2,5,3,1.0171,3.007,0.055
local env,2,5,3,1.0171,3.007,0.180
cannot trust,2,5,3,1.0171,3.007,0.280
json through,2,5,3,1.0171,3.007,0.084
resolve correctly,2,5,3,1.0171,3.007,0.261
plain css,2,5,3,1.0171,3.007,0.238
input object,2,5,3,1.0171,3.007,-0.012
usage during,2,5,3,1.0171,3.007,0.175
become familiar,2,5,3,1.0171,3.007,0.375
see the linked,3,5,3,1.0171,3.007,0.259
make it explicit,3,5,3,1.0171,3.007,0.306
remove an item,3,5,3,1.0171,3.007,0.326
local file system,3,5,3,1.0171,3.007,0.264
avoid the need,3,5,3,1.0171,3.007,0.227
make this more,3,5,3,1.0171,3.007,0.206
possible to select,3,5,3,1.0171,3.007,0.161
customize the output,3,5,3,1.0171,3.007,0.236
match the same,3,5,3,1.0171,3.007,0.007
file to avoid,3,5,3,1.0171,3.007,0.039
explicitly or implicitly,3,5,3,1.0171,3.007,0.563
variable is initialized,3,5,3,1.0171,3.007,0.318
change the semantics,3,5,3,1.0171,3.007,0.304
switch statement in,3,5,3,1.0171,3.007,0.127
reserved word in,3,5,3,1.0171,3.007,0.210
whenever an object,3,5,3,1.0171,3.007,0.231
file system access,3,5,3,1.0171,3.007,0.240
precise control over,3,5,3,1.0171,3.007,0.499
without any other,3,5,3,1.0171,3.007,0.137
use to determine,3,5,3,1.0171,3.007,0.054
change is transparent,3,5,3,1.0171,3.007,0.439
code the following,3,5,3,1.0171,3.007,-0.099
support for node,3,5,3,1.0171,3.007,0.157
using the source,3,5,3,1.0171,3.007,0.053
case the original,3,5,3,1.0171,3.007,0.104
common to see,3,5,3,1.0171,3.007,0.163
memory this means,3,5,3,1.0171,3.007,0.185
running it in,3,5,3,1.0171,3.007,0.087
saved to disk,3,5,3,1.0171,3.007,0.479
possible to start,3,5,3,1.0171,3.007,0.148
running container without,3,5,3,1.0171,3.007,0.325
thing you need,3,5,3,1.0171,3.007,0.175
find it more,3,5,3,1.0171,3.007,0.215
same time using,3,5,3,1.0171,3.007,0.110
error status code,3,5,3,1.0171,3.007,0.173
like the default,3,5,3,1.0171,3.007,-0.025
order to set,3,5,3,1.0171,3.007,0.081
used for generating,3,5,3,1.0171,3.007,0.309
switch between different,3,5,3,1.0171,3.007,0.330
unlike the other,3,5,3,1.0171,3.007,0.253
available when using,3,5,3,1.0171,3.007,0.146
querying the database,3,5,3,1.0171,3.007,0.398
convert the result,3,5,3,1.0171,3.007,0.222
system for more,3,5,3,1.0171,3.007,0.099
unless you really,3,5,3,1.0171,3.007,0.325
update the other,3,5,3,1.0171,3.007,0.103
easier and more,3,5,3,1.0171,3.007,0.315
using the view,3,5,3,1.0171,3.007,0.068
use this instead,3,5,3,1.0171,3.007,0.135
up the directory,3,5,3,1.0171,3.007,0.151
help with debugging,3,5,3,1.0171,3.007,0.419
use the alias,3,5,3,1.0171,3.007,0.137
necessarily the same,3,5,3,1.0171,3.007,0.192
python is run,3,5,3,1.0171,3.007,0.218
name is now,3,5,3,1.0171,3.007,0.099
find the last,3,5,3,1.0171,3.007,0.151
syntax is now,3,5,3,1.0171,3.007,0.188
option to see,3,5,3,1.0171,3.007,0.084
able to quickly,3,5,3,1.0171,3.007,0.285
instead of value,3,5,3,1.0171,3.007,-0.042
used to detect,3,5,3,1.0171,3.007,0.198
most common cause,3,5,3,1.0171,3.007,0.316
use the pre,3,5,3,1.0171,3.007,0.142
show the new,3,5,3,1.0171,3.007,0.127
list of user,3,5,3,1.0171,3.007,0.062
command to set,3,5,3,1.0171,3.007,0.098
unfortunately this means,3,5,3,1.0171,3.007,0.348
need to respond,3,5,3,1.0171,3.007,0.229
function is available,3,5,3,1.0171,3.007,0.083
assign the result,3,5,3,1.0171,3.007,0.262
repeat the same,3,5,3,1.0171,3.007,0.198
time the server,3,5,3,1.0171,3.007,0.046
configure the server,3,5,3,1.0171,3.007,0.191
down the road,3,5,3,1.0171,3.007,0.566
check to ensure,3,5,3,1.0171,3.007,0.171
top level object,3,5,3,1.0171,3.007,0.100
divided into three,3,5,3,1.0171,3.007,0.484
behavior is more,3,5,3,1.0171,3.007,0.180
make your application,3,5,3,1.0171,3.007,0.127
equivalent to running,3,5,3,1.0171,3.007,0.183
implement their own,3,5,3,1.0171,3.007,0.273
expected to support,3,5,3,1.0171,3.007,0.229
possible to know,3,5,3,1.0171,3.007,0.153
module this means,3,5,3,1.0171,3.007,0.138
run it directly,3,5,3,1.0171,3.007,0.257
using the browser,3,5,3,1.0171,3.007,0.060
override get,2,7,2,1.0042,3.002,0.096
command error,2,7,2,1.0042,3.002,-0.084
under control,2,7,2,1.0042,3.002,0.176
converting between,2,7,2,1.0042,3.002,0.248
tag library,2,7,2,1.0042,3.002,0.122
daemon mode,2,7,2,1.0042,3.002,0.191
made possible,2,7,2,1.0042,3.002,0.119
feature version,2,7,2,1.0042,3.002,0.053
database other,2,7,2,1.0042,3.002,-0.024
required part,2,7,2,1.0042,3.002,0.123
inline code,2,7,2,1.0042,3.002,0.076
user manager,2,7,2,1.0042,3.002,0.121
many relation,2,7,2,1.0042,3.002,0.229
get up,2,7,2,1.0042,3.002,-0.040
database field,2,7,2,1.0042,3.002,0.037
particular model,2,7,2,1.0042,3.002,0.121
separate test,2,7,2,1.0042,3.002,0.070
three classes,2,7,2,1.0042,3.002,0.190
view get,2,7,2,1.0042,3.002,0.016
documentation link,2,7,2,1.0042,3.002,0.169
supported database,2,7,2,1.0042,3.002,0.109
multiple simultaneous,2,7,2,1.0042,3.002,0.372
current statement,2,7,2,1.0042,3.002,0.080
search type,2,7,2,1.0042,3.002,0.025
own test,2,7,2,1.0042,3.002,0.025
send information,2,7,2,1.0042,3.002,0.109
end web,2,7,2,1.0042,3.002,0.119
table option,2,7,2,1.0042,3.002,-0.001
considered distinct,2,7,2,1.0042,3.002,0.349
certain database,2,7,2,1.0042,3.002,0.143
extra query,2,7,2,1.0042,3.002,0.103
two query,2,7,2,1.0042,3.002,0.018
convenience method,2,7,2,1.0042,3.002,0.200
language syntax,2,7,2,1.0042,3.002,0.119
dict constructor,2,7,2,1.0042,3.002,0.226
given array,2,7,2,1.0042,3.002,0.050
view object,2,7,2,1.0042,3.002,-0.011
big thanks,2,7,2,1.0042,3.002,0.334
localized date,2,7,2,1.0042,3.002,0.405
bulk insert,2,7,2,1.0042,3.002,0.433
clickable link,2,7,2,1.0042,3.002,0.558
empty result,2,7,2,1.0042,3.002,0.090
explicitly request,2,7,2,1.0042,3.002,0.122
configured exception,2,7,2,1.0042,3.002,0.132
same message,2,7,2,1.0042,3.002,-0.015
huge number,2,7,2,1.0042,3.002,0.257
put such,2,7,2,1.0042,3.002,0.084
big file,2,7,2,1.0042,3.002,0.076
performance benefit,2,7,2,1.0042,3.002,0.305
notable exception,2,7,2,1.0042,3.002,0.351
currently support,2,7,2,1.0042,3.002,0.125
magic method,2,7,2,1.0042,3.002,0.227
database version,2,7,2,1.0042,3.002,0.010
get form,2,7,2,1.0042,3.002,0.015
add time,2,7,2,1.0042,3.002,-0.049
instead note,2,7,2,1.0042,3.002,-0.009
archive extract,2,7,2,1.0042,3.002,0.381
new storage,2,7,2,1.0042,3.002,0.085
automatically reset,2,7,2,1.0042,3.002,0.211
time difference,2,7,2,1.0042,3.002,0.080
sync function,2,7,2,1.0042,3.002,0.093
run concurrently,2,7,2,1.0042,3.002,0.232
inheritance tree,2,7,2,1.0042,3.002,0.265
method yourself,2,7,2,1.0042,3.002,0.146
functionally dependent,2,7,2,1.0042,3.002,0.577
source data,2,7,2,1.0042,3.002,-0.014
logical structure,2,7,2,1.0042,3.002,0.273
relative order,2,7,2,1.0042,3.002,0.168
added security,2,7,2,1.0042,3.002,0.134
immediately rather,2,7,2,1.0042,3.002,0.203
build tag,2,7,2,1.0042,3.002,0.077
service defined,2,7,2,1.0042,3.002,0.122
specified port,2,7,2,1.0042,3.002,0.136
container file,2,7,2,1.0042,3.002,-0.044
high density,2,7,2,1.0042,3.002,0.507
another image,2,7,2,1.0042,3.002,0.053
core docker,2,7,2,1.0042,3.002,0.031
host container,2,7,2,1.0042,3.002,0.105
extended version,2,7,2,1.0042,3.002,0.214
management software,2,7,2,1.0042,3.002,0.304
single network,2,7,2,1.0042,3.002,0.111
file permission,2,7,2,1.0042,3.002,0.128
using copy,2,7,2,1.0042,3.002,-0.014
python needs,2,7,2,1.0042,3.002,0.052
application open,2,7,2,1.0042,3.002,0.061
last parameter,2,7,2,1.0042,3.002,0.102
expose port,2,7,2,1.0042,3.002,0.334
value string,2,7,2,1.0042,3.002,-0.110
common directory,2,7,2,1.0042,3.002,0.057
performance analysis,2,7,2,1.0042,3.002,0.269
refactor code,2,7,2,1.0042,3.002,0.192
using go,2,7,2,1.0042,3.002,-0.011
external rest,2,7,2,1.0042,3.002,0.250
other running,2,7,2,1.0042,3.002,-0.025
re build,2,7,2,1.0042,3.002,0.068
container engine,2,7,2,1.0042,3.002,0.168
docker without,2,7,2,1.0042,3.002,-0.050
page use,2,7,2,1.0042,3.002,-0.075
memory utilization,2,7,2,1.0042,3.002,0.447
re enter,2,7,2,1.0042,3.002,0.238
package installation,2,7,2,1.0042,3.002,0.179
connection limit,2,7,2,1.0042,3.002,0.223
command refer,2,7,2,1.0042,3.002,0.096
previous image,2,7,2,1.0042,3.002,0.122
using arbitrary,2,7,2,1.0042,3.002,0.083
actual image,2,7,2,1.0042,3.002,0.141
show information,2,7,2,1.0042,3.002,0.084
data written,2,7,2,1.0042,3.002,0.032
compose exec,2,7,2,1.0042,3.002,0.271
big sur,2,7,2,1.0042,3.002,0.646
temporary workaround,2,7,2,1.0042,3.002,0.367
fixed container,2,7,2,1.0042,3.002,0.087
race between,2,7,2,1.0042,3.002,0.275
cannot switch,2,7,2,1.0042,3.002,0.199
antivirus software,2,7,2,1.0042,3.002,0.615
docker pass,2,7,2,1.0042,3.002,-0.008
out instead,2,7,2,1.0042,3.002,-0.007
com apple,2,7,2,1.0042,3.002,0.443
hat enterprise,2,7,2,1.0042,3.002,0.657
build history,2,7,2,1.0042,3.002,0.131
inter process,2,7,2,1.0042,3.002,0.371
status bar,2,7,2,1.0042,3.002,0.267
making up,2,7,2,1.0042,3.002,0.108
trust in,2,7,2,1.0042,3.002,0.014
same namespace,2,7,2,1.0042,3.002,0.105
event log,2,7,2,1.0042,3.002,0.141
reverse dns,2,7,2,1.0042,3.002,0.419
see option,2,7,2,1.0042,3.002,-0.071
fix use,2,7,2,1.0042,3.002,-0.077
proper fix,2,7,2,1.0042,3.002,0.241
completely empty,2,7,2,1.0042,3.002,0.240
original order,2,7,2,1.0042,3.002,0.136
new subcommand,2,7,2,1.0042,3.002,0.209
above output,2,7,2,1.0042,3.002,0.030
play in,2,7,2,1.0042,3.002,0.019
re initialize,2,7,2,1.0042,3.002,0.276
cannot specify,2,7,2,1.0042,3.002,0.112
fully trusted,2,7,2,1.0042,3.002,0.405
match use,2,7,2,1.0042,3.002,-0.077
name id,2,7,2,1.0042,3.002,0.002
most effective,2,7,2,1.0042,3.002,0.283
refresh token,2,7,2,1.0042,3.002,0.364
new enough,2,7,2,1.0042,3.002,0.083
run file,2,7,2,1.0042,3.002,-0.106
parsing code,2,7,2,1.0042,3.002,0.073
non fast,2,7,2,1.0042,3.002,0.118
diff external,2,7,2,1.0042,3.002,0.234
using extended,2,7,2,1.0042,3.002,0.142
keep index,2,7,2,1.0042,3.002,0.103
full tree,2,7,2,1.0042,3.002,0.159
without telling,2,7,2,1.0042,3.002,0.254
incorrect result,2,7,2,1.0042,3.002,0.121
ref namespace,2,7,2,1.0042,3.002,0.261
log diff,2,7,2,1.0042,3.002,0.178
proceed in,2,7,2,1.0042,3.002,0.022
ref through,2,7,2,1.0042,3.002,0.165
path merge,2,7,2,1.0042,3.002,0.041
other operation,2,7,2,1.0042,3.002,0.043
used git,2,7,2,1.0042,3.002,-0.099
recent mac,2,7,2,1.0042,3.002,0.294
reverse operation,2,7,2,1.0042,3.002,0.286
two adjacent,2,7,2,1.0042,3.002,0.305
out working,2,7,2,1.0042,3.002,0.055
checkout command,2,7,2,1.0042,3.002,0.165
extended header,2,7,2,1.0042,3.002,0.333
original location,2,7,2,1.0042,3.002,0.214
input size,2,7,2,1.0042,3.002,0.126
new old,2,7,2,1.0042,3.002,0.051
index structure,2,7,2,1.0042,3.002,0.127
delay value,2,7,2,1.0042,3.002,0.161
handle object,2,7,2,1.0042,3.002,0.006
zero out,2,7,2,1.0042,3.002,0.119
value means,2,7,2,1.0042,3.002,-0.027
effect without,2,7,2,1.0042,3.002,0.087
sequence number,2,7,2,1.0042,3.002,0.120
main void,2,7,2,1.0042,3.002,0.275
same between,2,7,2,1.0042,3.002,-0.012
simple assignment,2,7,2,1.0042,3.002,0.235
existing property,2,7,2,1.0042,3.002,0.106
prop name,2,7,2,1.0042,3.002,0.153
code function,2,7,2,1.0042,3.002,-0.178
arbitrarily long,2,7,2,1.0042,3.002,0.413
classes like,2,7,2,1.0042,3.002,0.039
perform cleanup,2,7,2,1.0042,3.002,0.321
private instance,2,7,2,1.0042,3.002,0.154
constructor instead,2,7,2,1.0042,3.002,0.076
use optional,2,7,2,1.0042,3.002,-0.019
string escape,2,7,2,1.0042,3.002,0.139
represent two,2,7,2,1.0042,3.002,0.174
current frame,2,7,2,1.0042,3.002,0.227
fill method,2,7,2,1.0042,3.002,0.186
previously stated,2,7,2,1.0042,3.002,0.424
date method,2,7,2,1.0042,3.002,0.039
cannot parse,2,7,2,1.0042,3.002,0.184
script program,2,7,2,1.0042,3.002,0.040
return other,2,7,2,1.0042,3.002,-0.054
over array,2,7,2,1.0042,3.002,0.056
round half,2,7,2,1.0042,3.002,0.479
point format,2,7,2,1.0042,3.002,0.090
executing on,2,7,2,1.0042,3.002,0.034
single code,2,7,2,1.0042,3.002,-0.065
valid attribute,2,7,2,1.0042,3.002,0.154
complete program,2,7,2,1.0042,3.002,0.156
see people,2,7,2,1.0042,3.002,0.073
expression cannot,2,7,2,1.0042,3.002,0.107
observed in,2,7,2,1.0042,3.002,0.139
error identifier,2,7,2,1.0042,3.002,0.072
inside statement,2,7,2,1.0042,3.002,0.088
error permission,2,7,2,1.0042,3.002,0.139
considerably more,2,7,2,1.0042,3.002,0.307
type range,2,7,2,1.0042,3.002,0.036
relation size,2,7,2,1.0042,3.002,0.279
connected via,2,7,2,1.0042,3.002,0.274
default table,2,7,2,1.0042,3.002,-0.023
null name,2,7,2,1.0042,3.002,0.018
tables using,2,7,2,1.0042,3.002,0.023
false result,2,7,2,1.0042,3.002,0.081
three argument,2,7,2,1.0042,3.002,0.123
regexp match,2,7,2,1.0042,3.002,0.342
other connection,2,7,2,1.0042,3.002,0.039
code location,2,7,2,1.0042,3.002,0.020
non contiguous,2,7,2,1.0042,3.002,0.415
bound value,2,7,2,1.0042,3.002,0.084
default event,2,7,2,1.0042,3.002,0.038
compiler specific,2,7,2,1.0042,3.002,0.098
unstable code,2,7,2,1.0042,3.002,0.091
absolute import,2,7,2,1.0042,3.002,0.239
last reference,2,7,2,1.0042,3.002,0.087
find module,2,7,2,1.0042,3.002,0.052
native thread,2,7,2,1.0042,3.002,0.194
exception information,2,7,2,1.0042,3.002,0.015
standard interface,2,7,2,1.0042,3.002,0.160
character cell,2,7,2,1.0042,3.002,0.303
most complicated,2,7,2,1.0042,3.002,0.233
echo server,2,7,2,1.0042,3.002,0.279
faulthandler enable,2,7,2,1.0042,3.002,0.451
pythonw exe,2,7,2,1.0042,3.002,0.731
memory overhead,2,7,2,1.0042,3.002,0.257
parsing xml,2,7,2,1.0042,3.002,0.328
zip format,2,7,2,1.0042,3.002,0.292
os installer,2,7,2,1.0042,3.002,0.353
button inside,2,7,2,1.0042,3.002,0.173
inner component,2,7,2,1.0042,3.002,0.187
chart component,2,7,2,1.0042,3.002,0.339
static server,2,7,2,1.0042,3.002,0.074
foreign key field,3,7,2,1.0042,3.002,0.240
convert an object,3,7,2,1.0042,3.002,0.210
using code like,3,7,2,1.0042,3.002,0.195
run python manage,3,7,2,1.0042,3.002,0.425
object or function,3,7,2,1.0042,3.002,0.136
able to determine,3,7,2,1.0042,3.002,0.222
order to obtain,3,7,2,1.0042,3.002,0.306
method to retrieve,3,7,2,1.0042,3.002,0.213
need to display,3,7,2,1.0042,3.002,0.083
number of database,3,7,2,1.0042,3.002,0.066
need to bind,3,7,2,1.0042,3.002,0.148
front end web,3,7,2,1.0042,3.002,0.412
prior to executing,3,7,2,1.0042,3.002,0.382
split into two,3,7,2,1.0042,3.002,0.360
string is empty,3,7,2,1.0042,3.002,0.231
match the regular,3,7,2,1.0042,3.002,0.269
improperly configured exception,3,7,2,1.0042,3.002,0.462
option to delete,3,7,2,1.0042,3.002,0.201
suspicious operation exception,3,7,2,1.0042,3.002,0.416
run your own,3,7,2,1.0042,3.002,0.096
reducing the risk,3,7,2,1.0042,3.002,0.550
new container using,3,7,2,1.0042,3.002,0.247
optimized for performance,3,7,2,1.0042,3.002,0.455
using build kit,3,7,2,1.0042,3.002,0.165
use the repository,3,7,2,1.0042,3.002,0.044
run your image,3,7,2,1.0042,3.002,0.254
once the application,3,7,2,1.0042,3.002,0.169
name or id,3,7,2,1.0042,3.002,0.299
size and speed,3,7,2,1.0042,3.002,0.492
directory is mounted,3,7,2,1.0042,3.002,0.374
file must contain,3,7,2,1.0042,3.002,0.263
pull the latest,3,7,2,1.0042,3.002,0.252
use an alternative,3,7,2,1.0042,3.002,0.113
follow the usual,3,7,2,1.0042,3.002,0.381
command as part,3,7,2,1.0042,3.002,0.150
red hat enterprise,3,7,2,1.0042,3.002,0.701
use the user,3,7,2,1.0042,3.002,-0.048
used for testing,3,7,2,1.0042,3.002,0.192
grant or revoke,3,7,2,1.0042,3.002,0.713
fix is available,3,7,2,1.0042,3.002,0.208
memory and cpu,3,7,2,1.0042,3.002,0.438
use the key,3,7,2,1.0042,3.002,0.011
want to analyze,3,7,2,1.0042,3.002,0.231
git branch track,3,7,2,1.0042,3.002,0.433
work better on,3,7,2,1.0042,3.002,0.230
check the validity,3,7,2,1.0042,3.002,0.452
instead of saying,3,7,2,1.0042,3.002,0.270
built in command,3,7,2,1.0042,3.002,0.079
same as git,3,7,2,1.0042,3.002,0.098
recent mac os,3,7,2,1.0042,3.002,0.354
giving an error,3,7,2,1.0042,3.002,0.261
inspect the contents,3,7,2,1.0042,3.002,0.349
identify the function,3,7,2,1.0042,3.002,0.199
index is used,3,7,2,1.0042,3.002,0.102
author and committer,3,7,2,1.0042,3.002,0.670
old or new,3,7,2,1.0042,3.002,0.389
create an extra,3,7,2,1.0042,3.002,0.176
more complete list,3,7,2,1.0042,3.002,0.283
useful to check,3,7,2,1.0042,3.002,0.183
see the object,3,7,2,1.0042,3.002,-0.018
return the name,3,7,2,1.0042,3.002,0.072
importing the module,3,7,2,1.0042,3.002,0.337
notice the difference,3,7,2,1.0042,3.002,0.296
use optional chaining,3,7,2,1.0042,3.002,0.234
extension to indicate,3,7,2,1.0042,3.002,0.287
pseudo random number,3,7,2,1.0042,3.002,0.429
floating point format,3,7,2,1.0042,3.002,0.250
order to produce,3,7,2,1.0042,3.002,0.270
value is zero,3,7,2,1.0042,3.002,0.208
supported only on,3,7,2,1.0042,3.002,0.295
grant select on,3,7,2,1.0042,3.002,0.325
parentheses are required,3,7,2,1.0042,3.002,0.457
compute and return,3,7,2,1.0042,3.002,0.425
large to fit,3,7,2,1.0042,3.002,0.457
value and traceback,3,7,2,1.0042,3.002,0.387
module is executed,3,7,2,1.0042,3.002,0.222
class or instance,3,7,2,1.0042,3.002,0.313
stop and step,3,7,2,1.0042,3.002,0.467
function to update,3,7,2,1.0042,3.002,0.059
object and pass,3,7,2,1.0042,3.002,0.159
block the browser,3,7,2,1.0042,3.002,0.193
python will use,3,7,2,1.0042,3.002,0.153
mac os installer,3,7,2,1.0042,3.002,0.426
documentation source,2,5,2,0.9616,2.983,0.086
help out,2,5,2,0.9616,2.983,0.058
hacking on,2,5,2,0.9616,2.983,0.313
automatically migrate,2,5,2,0.9616,2.983,0.274
line format,2,5,2,0.9616,2.983,0.024
format suitable,2,5,2,0.9616,2.983,0.255
version specify,2,5,2,0.9616,2.983,0.040
specific target,2,5,2,0.9616,2.983,0.092
see environment,2,5,2,0.9616,2.983,-0.024
other authentication,2,5,2,0.9616,2.983,0.089
dependency instead,2,5,2,0.9616,2.983,0.056
single identifier,2,5,2,0.9616,2.983,0.157
arbitrary key,2,5,2,0.9616,2.983,0.180
cached separately,2,5,2,0.9616,2.983,0.372
network error,2,5,2,0.9616,2.983,0.019
matching entry,2,5,2,0.9616,2.983,0.246
present otherwise,2,5,2,0.9616,2.983,0.215
building multiple,2,5,2,0.9616,2.983,0.141
included within,2,5,2,0.9616,2.983,0.159
special exception,2,5,2,0.9616,2.983,0.092
contain package,2,5,2,0.9616,2.983,0.111
exclude list,2,5,2,0.9616,2.983,0.175
option such,2,5,2,0.9616,2.983,-0.034
package within,2,5,2,0.9616,2.983,0.072
secure against,2,5,2,0.9616,2.983,0.309
re authenticate,2,5,2,0.9616,2.983,0.323
party project,2,5,2,0.9616,2.983,0.205
overly strict,2,5,2,0.9616,2.983,0.478
calendar year,2,5,2,0.9616,2.983,0.313
change most,2,5,2,0.9616,2.983,0.024
additional type,2,5,2,0.9616,2.983,0.004
anywhere inside,2,5,2,0.9616,2.983,0.209
enable build,2,5,2,0.9616,2.983,0.089
incompatible way,2,5,2,0.9616,2.983,0.188
common user,2,5,2,0.9616,2.983,0.043
more configurable,2,5,2,0.9616,2.983,0.204
most complete,2,5,2,0.9616,2.983,0.136
unique string,2,5,2,0.9616,2.983,0.088
following documentation,2,5,2,0.9616,2.983,0.028
other custom,2,5,2,0.9616,2.983,0.002
first copy,2,5,2,0.9616,2.983,0.044
configured value,2,5,2,0.9616,2.983,0.050
relative performance,2,5,2,0.9616,2.983,0.212
plugin package,2,5,2,0.9616,2.983,0.099
identifier such,2,5,2,0.9616,2.983,0.118
developer tooling,2,5,2,0.9616,2.983,0.449
next branch,2,5,2,0.9616,2.983,0.105
configuration build,2,5,2,0.9616,2.983,0.006
exactly three,2,5,2,0.9616,2.983,0.208
release please,2,5,2,0.9616,2.983,0.173
index array,2,5,2,0.9616,2.983,0.024
pattern configuration,2,5,2,0.9616,2.983,0.060
immediately follow,2,5,2,0.9616,2.983,0.253
two literal,2,5,2,0.9616,2.983,0.131
included using,2,5,2,0.9616,2.983,0.022
scope global,2,5,2,0.9616,2.983,0.125
used around,2,5,2,0.9616,2.983,0.035
last matched,2,5,2,0.9616,2.983,0.271
import on,2,5,2,0.9616,2.983,-0.077
around use,2,5,2,0.9616,2.983,-0.029
conditional test,2,5,2,0.9616,2.983,0.180
new global,2,5,2,0.9616,2.983,0.025
require new,2,5,2,0.9616,2.983,0.044
json cannot,2,5,2,0.9616,2.983,0.083
provide similar,2,5,2,0.9616,2.983,0.126
module except,2,5,2,0.9616,2.983,0.108
pattern cannot,2,5,2,0.9616,2.983,0.100
expression value,2,5,2,0.9616,2.983,-0.032
prevent accidental,2,5,2,0.9616,2.983,0.445
consistent manner,2,5,2,0.9616,2.983,0.410
case false,2,5,2,0.9616,2.983,0.054
means instead,2,5,2,0.9616,2.983,0.037
missing type,2,5,2,0.9616,2.983,0.055
alternate location,2,5,2,0.9616,2.983,0.377
information directly,2,5,2,0.9616,2.983,0.065
root true,2,5,2,0.9616,2.983,0.095
like instead,2,5,2,0.9616,2.983,-0.069
engine get,2,5,2,0.9616,2.983,0.102
now cause,2,5,2,0.9616,2.983,0.068
now report,2,5,2,0.9616,2.983,0.093
key component,2,5,2,0.9616,2.983,0.057
directly interact,2,5,2,0.9616,2.983,0.260
use internally,2,5,2,0.9616,2.983,0.057
type none,2,5,2,0.9616,2.983,0.023
item model,2,5,2,0.9616,2.983,0.117
accept encoding,2,5,2,0.9616,2.983,0.284
permission system,2,5,2,0.9616,2.983,0.223
using language,2,5,2,0.9616,2.983,-0.015
documentation like,2,5,2,0.9616,2.983,-0.013
again during,2,5,2,0.9616,2.983,0.146
normally need,2,5,2,0.9616,2.983,0.104
handle more,2,5,2,0.9616,2.983,0.012
custom logo,2,5,2,0.9616,2.983,0.359
required type,2,5,2,0.9616,2.983,0.007
set data,2,5,2,0.9616,2.983,-0.104
integer status,2,5,2,0.9616,2.983,0.200
explicitly enable,2,5,2,0.9616,2.983,0.199
integrated in,2,5,2,0.9616,2.983,0.043
create data,2,5,2,0.9616,2.983,-0.088
frontend framework,2,5,2,0.9616,2.983,0.320
id foo,2,5,2,0.9616,2.983,0.154
response instead,2,5,2,0.9616,2.983,0.042
api data,2,5,2,0.9616,2.983,-0.064
backend using,2,5,2,0.9616,2.983,0.046
frontend web,2,5,2,0.9616,2.983,0.267
secure password,2,5,2,0.9616,2.983,0.295
grant type,2,5,2,0.9616,2.983,0.177
simpler code,2,5,2,0.9616,2.983,0.121
public read,2,5,2,0.9616,2.983,0.145
client without,2,5,2,0.9616,2.983,0.052
important detail,2,5,2,0.9616,2.983,0.238
set app,2,5,2,0.9616,2.983,-0.035
async view,2,5,2,0.9616,2.983,0.108
get static,2,5,2,0.9616,2.983,0.045
undefined order,2,5,2,0.9616,2.983,0.153
object later,2,5,2,0.9616,2.983,-0.025
enabled false,2,5,2,0.9616,2.983,0.164
simple namespace,2,5,2,0.9616,2.983,0.223
logger info,2,5,2,0.9616,2.983,0.328
self get,2,5,2,0.9616,2.983,0.088
directly available,2,5,2,0.9616,2.983,0.081
cache set,2,5,2,0.9616,2.983,0.032
quickly becomes,2,5,2,0.9616,2.983,0.361
json attribute,2,5,2,0.9616,2.983,0.103
get on,2,5,2,0.9616,2.983,-0.167
comprehensive api,2,5,2,0.9616,2.983,0.283
api such,2,5,2,0.9616,2.983,-0.015
connect read,2,5,2,0.9616,2.983,0.159
client address,2,5,2,0.9616,2.983,0.141
handle request,2,5,2,0.9616,2.983,0.083
build complex,2,5,2,0.9616,2.983,0.113
coverage report,2,5,2,0.9616,2.983,0.398
new iteration,2,5,2,0.9616,2.983,0.109
separated value,2,5,2,0.9616,2.983,0.090
security response,2,5,2,0.9616,2.983,0.136
cloud platform,2,5,2,0.9616,2.983,0.310
locked down,2,5,2,0.9616,2.983,0.348
use print,2,5,2,0.9616,2.983,-0.030
first property,2,5,2,0.9616,2.983,0.010
special comment,2,5,2,0.9616,2.983,0.211
expressed using,2,5,2,0.9616,2.983,0.224
format name,2,5,2,0.9616,2.983,-0.009
datetime instance,2,5,2,0.9616,2.983,0.222
normal assignment,2,5,2,0.9616,2.983,0.278
name model,2,5,2,0.9616,2.983,-0.013
name generation,2,5,2,0.9616,2.983,0.169
root value,2,5,2,0.9616,2.983,-0.015
implement custom,2,5,2,0.9616,2.983,0.126
runtime level,2,5,2,0.9616,2.983,0.136
defined via,2,5,2,0.9616,2.983,0.106
other sequence,2,5,2,0.9616,2.983,0.073
file line,2,5,2,0.9616,2.983,-0.083
re implemented,2,5,2,0.9616,2.983,0.195
module dict,2,5,2,0.9616,2.983,0.137
core development,2,5,2,0.9616,2.983,0.177
hook instead,2,5,2,0.9616,2.983,0.105
action store,2,5,2,0.9616,2.983,0.073
set test,2,5,2,0.9616,2.983,-0.072
non iterable,2,5,2,0.9616,2.983,0.230
display more,2,5,2,0.9616,2.983,0.043
name str,2,5,2,0.9616,2.983,0.098
previous test,2,5,2,0.9616,2.983,0.067
standard test,2,5,2,0.9616,2.983,0.015
node add,2,5,2,0.9616,2.983,0.013
silently skip,2,5,2,0.9616,2.983,0.382
clear option,2,5,2,0.9616,2.983,0.111
information consult,2,5,2,0.9616,2.983,0.277
email subject,2,5,2,0.9616,2.983,0.309
see note,2,5,2,0.9616,2.983,-0.050
simple use,2,5,2,0.9616,2.983,-0.046
bail out,2,5,2,0.9616,2.983,0.503
non none,2,5,2,0.9616,2.983,0.137
glob style,2,5,2,0.9616,2.983,0.276
avoid loading,2,5,2,0.9616,2.983,0.224
take part,2,5,2,0.9616,2.983,0.098
startup times,2,5,2,0.9616,2.983,0.276
statement continue,2,5,2,0.9616,2.983,0.185
test update,2,5,2,0.9616,2.983,-0.006
method reference,2,5,2,0.9616,2.983,-0.011
log error,2,5,2,0.9616,2.983,-0.004
flat format,2,5,2,0.9616,2.983,0.234
range end,2,5,2,0.9616,2.983,0.146
tree information,2,5,2,0.9616,2.983,0.087
currently open,2,5,2,0.9616,2.983,0.149
many individual,2,5,2,0.9616,2.983,0.175
boot up,2,5,2,0.9616,2.983,0.283
development history,2,5,2,0.9616,2.983,0.230
react render,2,5,2,0.9616,2.983,0.099
like clicking,2,5,2,0.9616,2.983,0.174
counter state,2,5,2,0.9616,2.983,0.143
up state,2,5,2,0.9616,2.983,-0.030
function automatically,2,5,2,0.9616,2.983,-0.035
data fetch,2,5,2,0.9616,2.983,0.045
handle common,2,5,2,0.9616,2.983,0.121
export select,2,5,2,0.9616,2.983,0.194
fairly small,2,5,2,0.9616,2.983,0.383
normal usage,2,5,2,0.9616,2.983,0.228
query argument,2,5,2,0.9616,2.983,0.041
side cache,2,5,2,0.9616,2.983,0.161
patch diff,2,5,2,0.9616,2.983,0.253
build see,2,5,2,0.9616,2.983,-0.059
bit long,2,5,2,0.9616,2.983,0.158
layer using,2,5,2,0.9616,2.983,0.073
using slice,2,5,2,0.9616,2.983,0.001
work needs,2,5,2,0.9616,2.983,0.062
non undefined,2,5,2,0.9616,2.983,0.163
given prefix,2,5,2,0.9616,2.983,0.183
avoid passing,2,5,2,0.9616,2.983,0.183
progress through,2,5,2,0.9616,2.983,0.219
address based,2,5,2,0.9616,2.983,0.140
particular change,2,5,2,0.9616,2.983,0.089
op instead,2,5,2,0.9616,2.983,0.238
logical change,2,5,2,0.9616,2.983,0.171
resolved url,2,5,2,0.9616,2.983,0.233
metadata support,2,5,2,0.9616,2.983,0.157
beta period,2,5,2,0.9616,2.983,0.454
path without,2,5,2,0.9616,2.983,-0.005
custom proxy,2,5,2,0.9616,2.983,0.167
explicitly through,2,5,2,0.9616,2.983,0.153
corresponding handler,2,5,2,0.9616,2.983,0.242
corresponding pre,2,5,2,0.9616,2.983,0.281
runtime during,2,5,2,0.9616,2.983,0.156
next server,2,5,2,0.9616,2.983,0.033
primarily for use,3,5,2,0.9616,2.983,0.266
available as part,3,5,2,0.9616,2.983,0.202
want to link,3,5,2,0.9616,2.983,0.100
number of supported,3,5,2,0.9616,2.983,0.127
option will cause,3,5,2,0.9616,2.983,0.192
verify the identity,3,5,2,0.9616,2.983,0.446
source code most,3,5,2,0.9616,2.983,0.160
more information please,3,5,2,0.9616,2.983,0.213
inside the build,3,5,2,0.9616,2.983,0.104
set of environment,3,5,2,0.9616,2.983,0.140
break the build,3,5,2,0.9616,2.983,0.257
third party project,3,5,2,0.9616,2.983,0.217
using the env,3,5,2,0.9616,2.983,0.143
check to verify,3,5,2,0.9616,2.983,0.240
see the default,3,5,2,0.9616,2.983,-0.022
warning or error,3,5,2,0.9616,2.983,0.334
script to use,3,5,2,0.9616,2.983,-0.019
option to prevent,3,5,2,0.9616,2.983,0.143
return the following,3,5,2,0.9616,2.983,-0.017
ability to define,3,5,2,0.9616,2.983,0.250
object must implement,3,5,2,0.9616,2.983,0.281
false when set,3,5,2,0.9616,2.983,0.341
clear the cache,3,5,2,0.9616,2.983,0.330
calling this method,3,5,2,0.9616,2.983,0.236
update the current,3,5,2,0.9616,2.983,0.064
classes that implement,3,5,2,0.9616,2.983,0.360
option is available,3,5,2,0.9616,2.983,0.139
using the delete,3,5,2,0.9616,2.983,0.124
option was set,3,5,2,0.9616,2.983,0.303
object to test,3,5,2,0.9616,2.983,0.091
such as new,3,5,2,0.9616,2.983,-0.037
used when writing,3,5,2,0.9616,2.983,0.207
required to specify,3,5,2,0.9616,2.983,0.199
octal or hexadecimal,3,5,2,0.9616,2.983,0.749
following are equivalent,3,5,2,0.9616,2.983,0.292
used in certain,3,5,2,0.9616,2.983,0.222
setting is used,3,5,2,0.9616,2.983,0.135
information to help,3,5,2,0.9616,2.983,0.171
override this setting,3,5,2,0.9616,2.983,0.367
zero status code,3,5,2,0.9616,2.983,0.305
color environment variable,3,5,2,0.9616,2.983,0.257
during the upgrade,3,5,2,0.9616,2.983,0.334
way to opt,3,5,2,0.9616,2.983,0.238
trigger an error,3,5,2,0.9616,2.983,0.212
str or none,3,5,2,0.9616,2.983,0.451
case for most,3,5,2,0.9616,2.983,0.230
use the official,3,5,2,0.9616,2.983,0.117
list and dict,3,5,2,0.9616,2.983,0.379
using the real,3,5,2,0.9616,2.983,0.131
python and above,3,5,2,0.9616,2.983,0.251
api to help,3,5,2,0.9616,2.983,0.153
marked as required,3,5,2,0.9616,2.983,0.310
used to receive,3,5,2,0.9616,2.983,0.183
copy the output,3,5,2,0.9616,2.983,0.147
learn more in,3,5,2,0.9616,2.983,0.008
object the same,3,5,2,0.9616,2.983,-0.103
context is set,3,5,2,0.9616,2.983,0.175
within an application,3,5,2,0.9616,2.983,0.257
get an overview,3,5,2,0.9616,2.983,0.265
up your application,3,5,2,0.9616,2.983,0.129
request is active,3,5,2,0.9616,2.983,0.309
provide extra information,3,5,2,0.9616,2.983,0.405
comes with built,3,5,2,0.9616,2.983,0.310
such as configuration,3,5,2,0.9616,2.983,0.033
enable the use,3,5,2,0.9616,2.983,0.128
useful for running,3,5,2,0.9616,2.983,0.185
attempt to assign,3,5,2,0.9616,2.983,0.331
value the second,3,5,2,0.9616,2.983,0.016
value is overridden,3,5,2,0.9616,2.983,0.299
continue to improve,3,5,2,0.9616,2.983,0.366
logic is implemented,3,5,2,0.9616,2.983,0.326
see all available,3,5,2,0.9616,2.983,0.281
option to suppress,3,5,2,0.9616,2.983,0.302
identify the specific,3,5,2,0.9616,2.983,0.317
similarly the following,3,5,2,0.9616,2.983,0.178
built in hook,3,5,2,0.9616,2.983,0.220
return the state,3,5,2,0.9616,2.983,0.097
such as time,3,5,2,0.9616,2.983,-0.015
flag to true,3,5,2,0.9616,2.983,0.216
lead to more,3,5,2,0.9616,2.983,0.128
most frequently used,3,5,2,0.9616,2.983,0.356
put that information,3,5,2,0.9616,2.983,0.366
login and logout,3,5,2,0.9616,2.983,0.638
case the server,3,5,2,0.9616,2.983,0.064
modify the data,3,5,2,0.9616,2.983,0.135
third party extension,3,5,2,0.9616,2.983,0.279
call the use,3,5,2,0.9616,2.983,0.020
needs to create,3,5,2,0.9616,2.983,0.072
define them in,3,5,2,0.9616,2.983,0.199
import is used,3,5,2,0.9616,2.983,0.130
user to use,3,5,2,0.9616,2.983,-0.031
idea to define,3,5,2,0.9616,2.983,0.283
call last file,3,5,2,0.9616,2.983,0.350
list and set,3,5,2,0.9616,2.983,0.198
option to force,3,5,2,0.9616,2.983,0.204
using an explicit,3,5,2,0.9616,2.983,0.150
build by default,3,5,2,0.9616,2.983,0.039
loaded at runtime,3,5,2,0.9616,2.983,0.346
right choice,2,7,2,0.9487,2.977,0.248
up around,2,7,2,0.9487,2.977,0.086
custom merge,2,7,2,0.9487,2.977,0.093
current system,2,7,2,0.9487,2.977,0.049
proxy setting,2,7,2,0.9487,2.977,0.176
certificate revocation,2,7,2,0.9487,2.977,0.638
support see,2,7,2,0.9487,2.977,-0.030
help resolve,2,7,2,0.9487,2.977,0.201
see running,2,7,2,0.9487,2.977,-0.032
pretty printed,2,7,2,0.9487,2.977,0.350
git native,2,7,2,0.9487,2.977,0.090
another year,2,7,2,0.9487,2.977,0.166
other private,2,7,2,0.9487,2.977,0.072
build information,2,7,2,0.9487,2.977,0.004
cache usage,2,7,2,0.9487,2.977,0.181
section include,2,7,2,0.9487,2.977,0.106
registry using,2,7,2,0.9487,2.977,0.013
workspace directory,2,7,2,0.9487,2.977,0.118
subdirectory within,2,7,2,0.9487,2.977,0.288
becomes false,2,7,2,0.9487,2.977,0.220
error depending,2,7,2,0.9487,2.977,0.063
formatter object,2,7,2,0.9487,2.977,0.157
further work,2,7,2,0.9487,2.977,0.133
set last,2,7,2,0.9487,2.977,0.020
level git,2,7,2,0.9487,2.977,-0.001
value description,2,7,2,0.9487,2.977,0.050
returning undefined,2,7,2,0.9487,2.977,0.251
character width,2,7,2,0.9487,2.977,0.241
current iteration,2,7,2,0.9487,2.977,0.185
script environment,2,7,2,0.9487,2.977,0.025
internal property,2,7,2,0.9487,2.977,0.147
default props,2,7,2,0.9487,2.977,0.101
sync in,2,7,2,0.9487,2.977,-0.035
script use,2,7,2,0.9487,2.977,-0.122
exponentiation operator,2,7,2,0.9487,2.977,0.480
reflect delete,2,7,2,0.9487,2.977,0.349
reflect prevent,2,7,2,0.9487,2.977,0.363
call during,2,7,2,0.9487,2.977,0.056
within character,2,7,2,0.9487,2.977,0.140
arg argument,2,7,2,0.9487,2.977,0.238
using call,2,7,2,0.9487,2.977,-0.093
using double,2,7,2,0.9487,2.977,0.059
help menu,2,7,2,0.9487,2.977,0.248
non module,2,7,2,0.9487,2.977,0.044
value equal,2,7,2,0.9487,2.977,0.064
receive new,2,7,2,0.9487,2.977,0.084
git hook,2,7,2,0.9487,2.977,0.071
hub copilot,2,7,2,0.9487,2.977,0.517
api fix,2,7,2,0.9487,2.977,0.036
file environment,2,7,2,0.9487,2.977,-0.046
empty output,2,7,2,0.9487,2.977,0.055
two empty,2,7,2,0.9487,2.977,0.072
object now,2,7,2,0.9487,2.977,-0.089
following rule,2,7,2,0.9487,2.977,-0.018
explicitly disabled,2,7,2,0.9487,2.977,0.268
default application,2,7,2,0.9487,2.977,-0.039
closed in,2,7,2,0.9487,2.977,-0.002
proxy without,2,7,2,0.9487,2.977,0.120
name prefixed,2,7,2,0.9487,2.977,0.208
use most,2,7,2,0.9487,2.977,-0.101
party application,2,7,2,0.9487,2.977,0.186
script data,2,7,2,0.9487,2.977,-0.060
system monitor,2,7,2,0.9487,2.977,0.289
run several,2,7,2,0.9487,2.977,0.061
database migration,2,7,2,0.9487,2.977,0.211
own isolated,2,7,2,0.9487,2.977,0.298
compose see,2,7,2,0.9487,2.977,0.033
process memory,2,7,2,0.9487,2.977,0.086
application efficiently,2,7,2,0.9487,2.977,0.269
receive function,2,7,2,0.9487,2.977,0.054
existing model,2,7,2,0.9487,2.977,0.098
header using,2,7,2,0.9487,2.977,0.020
support error,2,7,2,0.9487,2.977,-0.040
body header,2,7,2,0.9487,2.977,0.196
without consuming,2,7,2,0.9487,2.977,0.281
class inheritance,2,7,2,0.9487,2.977,0.181
now part,2,7,2,0.9487,2.977,0.018
database data,2,7,2,0.9487,2.977,-0.040
view basis,2,7,2,0.9487,2.977,0.300
sync code,2,7,2,0.9487,2.977,0.077
level python,2,7,2,0.9487,2.977,0.025
show on,2,7,2,0.9487,2.977,-0.063
active sessions,2,7,2,0.9487,2.977,0.391
cookie samesite,2,7,2,0.9487,2.977,0.691
server address,2,7,2,0.9487,2.977,0.080
use call,2,7,2,0.9487,2.977,-0.129
specific connection,2,7,2,0.9487,2.977,0.118
asyncio event,2,7,2,0.9487,2.977,0.313
combining multiple,2,7,2,0.9487,2.977,0.285
admin app,2,7,2,0.9487,2.977,0.140
get bound,2,7,2,0.9487,2.977,0.123
maximum file,2,7,2,0.9487,2.977,0.077
url based,2,7,2,0.9487,2.977,0.109
response method,2,7,2,0.9487,2.977,0.025
startup file,2,7,2,0.9487,2.977,0.112
child template,2,7,2,0.9487,2.977,0.191
directly returned,2,7,2,0.9487,2.977,0.123
file relative,2,7,2,0.9487,2.977,0.057
code install,2,7,2,0.9487,2.977,-0.027
login session,2,7,2,0.9487,2.977,0.277
given model,2,7,2,0.9487,2.977,0.075
few configuration,2,7,2,0.9487,2.977,0.110
attack vector,2,7,2,0.9487,2.977,0.391
trusted certificate,2,7,2,0.9487,2.977,0.401
encoding on,2,7,2,0.9487,2.977,0.006
enable auto,2,7,2,0.9487,2.977,0.233
path use,2,7,2,0.9487,2.977,-0.129
lower cased,2,7,2,0.9487,2.977,0.560
debug level,2,7,2,0.9487,2.977,0.148
adoption strategy,2,7,2,0.9487,2.977,0.525
returned function,2,7,2,0.9487,2.977,-0.013
three optional,2,7,2,0.9487,2.977,0.193
good fit,2,7,2,0.9487,2.977,0.302
execute permission,2,7,2,0.9487,2.977,0.298
site wide,2,7,2,0.9487,2.977,0.346
recursion error,2,7,2,0.9487,2.977,0.207
caching feature,2,7,2,0.9487,2.977,0.253
assigned value,2,7,2,0.9487,2.977,0.085
info exclude,2,7,2,0.9487,2.977,0.303
fundamentally different,2,7,2,0.9487,2.977,0.344
false set,2,7,2,0.9487,2.977,0.020
attribute instead,2,7,2,0.9487,2.977,0.062
type date,2,7,2,0.9487,2.977,-0.005
database provided,2,7,2,0.9487,2.977,0.090
local platform,2,7,2,0.9487,2.977,0.176
format documentation,2,7,2,0.9487,2.977,0.077
issue use,2,7,2,0.9487,2.977,-0.073
warning instead,2,7,2,0.9487,2.977,0.090
code analysis,2,7,2,0.9487,2.977,0.085
compatibility policy,2,7,2,0.9487,2.977,0.274
function module,2,7,2,0.9487,2.977,-0.085
locally without,2,7,2,0.9487,2.977,0.157
unique temporary,2,7,2,0.9487,2.977,0.276
ff option,2,7,2,0.9487,2.977,0.264
large part,2,7,2,0.9487,2.977,0.156
level file,2,7,2,0.9487,2.977,-0.027
finer control,2,7,2,0.9487,2.977,0.460
future warning,2,7,2,0.9487,2.977,0.183
go unnoticed,2,7,2,0.9487,2.977,0.541
returning data,2,7,2,0.9487,2.977,0.074
full diff,2,7,2,0.9487,2.977,0.199
automatically re,2,7,2,0.9487,2.977,0.121
based test,2,7,2,0.9487,2.977,0.020
name none,2,7,2,0.9487,2.977,0.047
new helper,2,7,2,0.9487,2.977,0.125
total duration,2,7,2,0.9487,2.977,0.362
base directory,2,7,2,0.9487,2.977,0.064
substring matched,2,7,2,0.9487,2.977,0.477
id prefix,2,7,2,0.9487,2.977,0.179
separate statement,2,7,2,0.9487,2.977,0.147
path api,2,7,2,0.9487,2.977,-0.013
enabled via,2,7,2,0.9487,2.977,0.167
single error,2,7,2,0.9487,2.977,-0.034
correct source,2,7,2,0.9487,2.977,0.098
context var,2,7,2,0.9487,2.977,0.211
manually specified,2,7,2,0.9487,2.977,0.143
name fix,2,7,2,0.9487,2.977,-0.003
hash reference,2,7,2,0.9487,2.977,0.136
non critical,2,7,2,0.9487,2.977,0.269
method react,2,7,2,0.9487,2.977,-0.019
own event,2,7,2,0.9487,2.977,0.129
different reference,2,7,2,0.9487,2.977,0.010
parent re,2,7,2,0.9487,2.977,0.158
isolation between,2,7,2,0.9487,2.977,0.259
table based,2,7,2,0.9487,2.977,0.067
data manipulation,2,7,2,0.9487,2.977,0.240
sample app,2,7,2,0.9487,2.977,0.176
handle form,2,7,2,0.9487,2.977,0.114
setting use,2,7,2,0.9487,2.977,-0.063
add logic,2,7,2,0.9487,2.977,0.050
usually return,2,7,2,0.9487,2.977,0.087
same return,2,7,2,0.9487,2.977,-0.055
size based,2,7,2,0.9487,2.977,0.122
avoid re,2,7,2,0.9487,2.977,0.148
cache tag,2,7,2,0.9487,2.977,0.158
component again,2,7,2,0.9487,2.977,0.122
another change,2,7,2,0.9487,2.977,0.028
result based,2,7,2,0.9487,2.977,0.059
temporary variable,2,7,2,0.9487,2.977,0.155
call save,2,7,2,0.9487,2.977,0.112
filtering in,2,7,2,0.9487,2.977,0.014
own logic,2,7,2,0.9487,2.977,0.117
often easier,2,7,2,0.9487,2.977,0.206
na ve,2,7,2,0.9487,2.977,0.662
instance without,2,7,2,0.9487,2.977,0.032
new configure,2,7,2,0.9487,2.977,0.055
now refer,2,7,2,0.9487,2.977,0.094
dom render,2,7,2,0.9487,2.977,0.223
use parse,2,7,2,0.9487,2.977,0.003
correctly update,2,7,2,0.9487,2.977,0.129
app without,2,7,2,0.9487,2.977,0.011
regression testing,2,7,2,0.9487,2.977,0.283
recommend defining,2,7,2,0.9487,2.977,0.321
create derived,2,7,2,0.9487,2.977,0.165
primarily meant,2,7,2,0.9487,2.977,0.430
support react,2,7,2,0.9487,2.977,0.031
render different,2,7,2,0.9487,2.977,0.080
edit todo,2,7,2,0.9487,2.977,0.303
use promise,2,7,2,0.9487,2.977,0.008
different encoding,2,7,2,0.9487,2.977,0.129
cookie jar,2,7,2,0.9487,2.977,0.440
graph structure,2,7,2,0.9487,2.977,0.248
partway through,2,7,2,0.9487,2.977,0.526
value depending,2,7,2,0.9487,2.977,0.044
represent different,2,7,2,0.9487,2.977,0.163
many such,2,7,2,0.9487,2.977,0.014
enabled using,2,7,2,0.9487,2.977,0.012
tree using,2,7,2,0.9487,2.977,-0.013
month ago,2,7,2,0.9487,2.977,0.399
fast startup,2,7,2,0.9487,2.977,0.254
early days,2,7,2,0.9487,2.977,0.358
source under,2,7,2,0.9487,2.977,0.140
string array,2,7,2,0.9487,2.977,-0.032
default transformation,2,7,2,0.9487,2.977,0.244
new capability,2,7,2,0.9487,2.977,0.211
behavior set,2,7,2,0.9487,2.977,0.000
default order,2,7,2,0.9487,2.977,-0.013
base data,2,7,2,0.9487,2.977,0.005
client host,2,7,2,0.9487,2.977,0.124
alongside other,2,7,2,0.9487,2.977,0.225
cache directory,2,7,2,0.9487,2.977,0.075
definition file,2,7,2,0.9487,2.977,0.024
shared worker,2,7,2,0.9487,2.977,0.250
dev script,2,7,2,0.9487,2.977,0.102
new site,2,7,2,0.9487,2.977,0.077
cors policy,2,7,2,0.9487,2.977,0.392
web dev,2,7,2,0.9487,2.977,0.172
work inside,2,7,2,0.9487,2.977,0.024
list of known,3,7,2,0.9487,2.977,0.193
option to view,3,7,2,0.9487,2.977,0.200
policy to use,3,7,2,0.9487,2.977,0.116
method to check,3,7,2,0.9487,2.977,0.097
use the open,3,7,2,0.9487,2.977,0.041
verify your email,3,7,2,0.9487,2.977,0.495
registry for more,3,7,2,0.9487,2.977,0.164
fail to resolve,3,7,2,0.9487,2.977,0.337
functionality is available,3,7,2,0.9487,2.977,0.279
primary use case,3,7,2,0.9487,2.977,0.330
index and git,3,7,2,0.9487,2.977,0.201
git hub pull,3,7,2,0.9487,2.977,0.219
property is defined,3,7,2,0.9487,2.977,0.202
provide the ability,3,7,2,0.9487,2.977,0.256
key the name,3,7,2,0.9487,2.977,0.093
default is off,3,7,2,0.9487,2.977,0.283
value is empty,3,7,2,0.9487,2.977,0.165
object to convert,3,7,2,0.9487,2.977,0.125
wish to support,3,7,2,0.9487,2.977,0.226
configure the following,3,7,2,0.9487,2.977,0.103
use the merge,3,7,2,0.9487,2.977,0.037
double precision floating,3,7,2,0.9487,2.977,0.586
override the value,3,7,2,0.9487,2.977,0.140
dispose or symbol,3,7,2,0.9487,2.977,0.608
octal escape sequence,3,7,2,0.9487,2.977,0.552
matched case insensitively,3,7,2,0.9487,2.977,0.607
reflect delete property,3,7,2,0.9487,2.977,0.534
reflect get prototype,3,7,2,0.9487,2.977,0.555
within character classes,3,7,2,0.9487,2.977,0.387
used to disambiguate,3,7,2,0.9487,2.977,0.310
using the most,3,7,2,0.9487,2.977,0.023
git hub copilot,3,7,2,0.9487,2.977,0.455
false to true,3,7,2,0.9487,2.977,0.228
useful to run,3,7,2,0.9487,2.977,0.124
flat map method,3,7,2,0.9487,2.977,0.379
add additional data,3,7,2,0.9487,2.977,0.274
third party application,3,7,2,0.9487,2.977,0.198
pass the name,3,7,2,0.9487,2.977,0.121
up and configure,3,7,2,0.9487,2.977,0.313
using the internal,3,7,2,0.9487,2.977,0.126
difficult to manage,3,7,2,0.9487,2.977,0.355
per view basis,3,7,2,0.9487,2.977,0.598
such as during,3,7,2,0.9487,2.977,0.082
host and other,3,7,2,0.9487,2.977,0.223
attempt to convert,3,7,2,0.9487,2.977,0.290
built in async,3,7,2,0.9487,2.977,0.159
set the correct,3,7,2,0.9487,2.977,0.109
using an event,3,7,2,0.9487,2.977,0.148
async to sync,3,7,2,0.9487,2.977,0.448
maximum file size,3,7,2,0.9487,2.977,0.496
information about using,3,7,2,0.9487,2.977,0.036
find out more,3,7,2,0.9487,2.977,0.170
list of field,3,7,2,0.9487,2.977,0.080
path or url,3,7,2,0.9487,2.977,0.362
option is required,3,7,2,0.9487,2.977,0.161
parameter is used,3,7,2,0.9487,2.977,0.108
used to produce,3,7,2,0.9487,2.977,0.174
specify the correct,3,7,2,0.9487,2.977,0.200
consult the python,3,7,2,0.9487,2.977,0.268
encoding is utf,3,7,2,0.9487,2.977,0.493
object which means,3,7,2,0.9487,2.977,0.122
output is written,3,7,2,0.9487,2.977,0.215
reset the list,3,7,2,0.9487,2.977,0.266
need the full,3,7,2,0.9487,2.977,0.117
used in almost,3,7,2,0.9487,2.977,0.275
set user name,3,7,2,0.9487,2.977,0.210
required to return,3,7,2,0.9487,2.977,0.191
component can read,3,7,2,0.9487,2.977,0.256
such as reading,3,7,2,0.9487,2.977,0.145
result based on,3,7,2,0.9487,2.977,0.093
increment the counter,3,7,2,0.9487,2.977,0.497
entry is added,3,7,2,0.9487,2.977,0.343
changed over time,3,7,2,0.9487,2.977,0.310
extension is installed,3,7,2,0.9487,2.977,0.333
out how many,3,7,2,0.9487,2.977,0.217
help you build,3,7,2,0.9487,2.977,0.199
used to reduce,3,7,2,0.9487,2.977,0.170
react dom render,3,7,2,0.9487,2.977,0.392
map and filter,3,7,2,0.9487,2.977,0.439
included for compatibility,3,7,2,0.9487,2.977,0.414
used to extract,3,7,2,0.9487,2.977,0.189
accept an optional,3,7,2,0.9487,2.977,0.345
use the given,3,7,2,0.9487,2.977,0.018
table of built,3,7,2,0.9487,2.977,0.354
result in memory,3,7,2,0.9487,2.977,0.192
using an environment,3,7,2,0.9487,2.977,0.170
running on docker,3,7,2,0.9487,2.977,0.166
compatible with older,3,7,2,0.9487,2.977,0.341
contain sensitive information,3,7,2,0.9487,2.977,0.462
configured to support,3,7,2,0.9487,2.977,0.282
similar ways,2,6,2,0.9002,2.954,0.170
default ascii,2,6,2,0.9002,2.954,0.145
alphanumeric string,2,6,2,0.9002,2.954,0.278
field blank,2,6,2,0.9002,2.954,0.223
another app,2,6,2,0.9002,2.954,0.030
apache configuration,2,6,2,0.9002,2.954,0.227
debug exception,2,6,2,0.9002,2.954,0.097
best suited,2,6,2,0.9002,2.954,0.441
good option,2,6,2,0.9002,2.954,0.053
web content,2,6,2,0.9002,2.954,0.140
logical order,2,6,2,0.9002,2.954,0.197
once installed,2,6,2,0.9002,2.954,0.134
test project,2,6,2,0.9002,2.954,-0.007
work using,2,6,2,0.9002,2.954,-0.095
rebase on,2,6,2,0.9002,2.954,0.030
get new,2,6,2,0.9002,2.954,-0.096
server level,2,6,2,0.9002,2.954,0.029
protecting against,2,6,2,0.9002,2.954,0.530
explicitly rather,2,6,2,0.9002,2.954,0.161
inheritance chain,2,6,2,0.9002,2.954,0.342
another site,2,6,2,0.9002,2.954,0.153
user choose,2,6,2,0.9002,2.954,0.115
filter using,2,6,2,0.9002,2.954,0.028
left blank,2,6,2,0.9002,2.954,0.326
argument use,2,6,2,0.9002,2.954,-0.100
next import,2,6,2,0.9002,2.954,0.092
better suited,2,6,2,0.9002,2.954,0.431
normal non,2,6,2,0.9002,2.954,0.161
logging into,2,6,2,0.9002,2.954,0.107
session fixation,2,6,2,0.9002,2.954,0.605
option multiple,2,6,2,0.9002,2.954,-0.012
template see,2,6,2,0.9002,2.954,0.017
operational error,2,6,2,0.9002,2.954,0.305
time depending,2,6,2,0.9002,2.954,0.086
two python,2,6,2,0.9002,2.954,-0.024
multiple column,2,6,2,0.9002,2.954,0.092
code fragment,2,6,2,0.9002,2.954,0.162
listed first,2,6,2,0.9002,2.954,0.132
mentioned below,2,6,2,0.9002,2.954,0.219
simple interface,2,6,2,0.9002,2.954,0.184
executable code,2,6,2,0.9002,2.954,0.073
string back,2,6,2,0.9002,2.954,0.031
directly support,2,6,2,0.9002,2.954,0.068
content management,2,6,2,0.9002,2.954,0.226
source database,2,6,2,0.9002,2.954,0.058
script enabled,2,6,2,0.9002,2.954,0.094
most such,2,6,2,0.9002,2.954,0.006
slow network,2,6,2,0.9002,2.954,0.245
based session,2,6,2,0.9002,2.954,0.151
better handle,2,6,2,0.9002,2.954,0.146
column width,2,6,2,0.9002,2.954,0.227
bcrypt password,2,6,2,0.9002,2.954,0.398
few additional,2,6,2,0.9002,2.954,0.163
exception rather,2,6,2,0.9002,2.954,0.058
constructor argument,2,6,2,0.9002,2.954,0.105
client use,2,6,2,0.9002,2.954,-0.076
random uuid,2,6,2,0.9002,2.954,0.410
threading support,2,6,2,0.9002,2.954,0.278
east asian,2,6,2,0.9002,2.954,0.875
shift key,2,6,2,0.9002,2.954,0.277
custom method,2,6,2,0.9002,2.954,0.015
incorrect name,2,6,2,0.9002,2.954,0.056
compatibility issue,2,6,2,0.9002,2.954,0.182
page now,2,6,2,0.9002,2.954,0.014
using built,2,6,2,0.9002,2.954,-0.031
whole tree,2,6,2,0.9002,2.954,0.206
original database,2,6,2,0.9002,2.954,0.113
unique column,2,6,2,0.9002,2.954,0.195
convenient interface,2,6,2,0.9002,2.954,0.299
regular basis,2,6,2,0.9002,2.954,0.355
world wide,2,6,2,0.9002,2.954,0.360
different implementation,2,6,2,0.9002,2.954,0.057
class reference,2,6,2,0.9002,2.954,0.007
result status,2,6,2,0.9002,2.954,0.111
special attribute,2,6,2,0.9002,2.954,0.163
simple hello,2,6,2,0.9002,2.954,0.212
occur within,2,6,2,0.9002,2.954,0.223
run env,2,6,2,0.9002,2.954,0.087
exit out,2,6,2,0.9002,2.954,0.117
connect through,2,6,2,0.9002,2.954,0.177
up page,2,6,2,0.9002,2.954,0.032
first docker,2,6,2,0.9002,2.954,-0.084
image locally,2,6,2,0.9002,2.954,0.175
perform various,2,6,2,0.9002,2.954,0.249
docker platform,2,6,2,0.9002,2.954,0.071
use note,2,6,2,0.9002,2.954,-0.125
view other,2,6,2,0.9002,2.954,-0.002
access using,2,6,2,0.9002,2.954,-0.067
yes docker,2,6,2,0.9002,2.954,0.142
fully initialized,2,6,2,0.9002,2.954,0.354
entire image,2,6,2,0.9002,2.954,0.142
archive in,2,6,2,0.9002,2.954,-0.010
insecure mode,2,6,2,0.9002,2.954,0.346
support two,2,6,2,0.9002,2.954,0.016
like copy,2,6,2,0.9002,2.954,0.007
package installer,2,6,2,0.9002,2.954,0.259
normal docker,2,6,2,0.9002,2.954,0.062
popular open,2,6,2,0.9002,2.954,0.271
data function,2,6,2,0.9002,2.954,-0.148
initialization logic,2,6,2,0.9002,2.954,0.245
using rest,2,6,2,0.9002,2.954,0.044
node docker,2,6,2,0.9002,2.954,-0.029
certificate store,2,6,2,0.9002,2.954,0.200
account using,2,6,2,0.9002,2.954,0.054
add ons,2,6,2,0.9002,2.954,0.479
container exit,2,6,2,0.9002,2.954,0.140
include git,2,6,2,0.9002,2.954,0.006
start typing,2,6,2,0.9002,2.954,0.204
real value,2,6,2,0.9002,2.954,0.032
daemon host,2,6,2,0.9002,2.954,0.214
version mismatch,2,6,2,0.9002,2.954,0.297
specified image,2,6,2,0.9002,2.954,0.041
use escape,2,6,2,0.9002,2.954,0.042
profiling data,2,6,2,0.9002,2.954,0.210
during garbage,2,6,2,0.9002,2.954,0.249
array syntax,2,6,2,0.9002,2.954,0.041
external network,2,6,2,0.9002,2.954,0.185
set otherwise,2,6,2,0.9002,2.954,0.037
resolve relative,2,6,2,0.9002,2.954,0.270
other using,2,6,2,0.9002,2.954,-0.137
cert path,2,6,2,0.9002,2.954,0.286
container via,2,6,2,0.9002,2.954,0.089
drive in,2,6,2,0.9002,2.954,0.054
completely disable,2,6,2,0.9002,2.954,0.274
power failure,2,6,2,0.9002,2.954,0.346
new disk,2,6,2,0.9002,2.954,0.093
ensure docker,2,6,2,0.9002,2.954,0.039
sysctl conf,2,6,2,0.9002,2.954,0.608
more responsive,2,6,2,0.9002,2.954,0.295
local context,2,6,2,0.9002,2.954,0.089
swap file,2,6,2,0.9002,2.954,0.166
existing image,2,6,2,0.9002,2.954,0.088
namespace such,2,6,2,0.9002,2.954,0.131
code set,2,6,2,0.9002,2.954,-0.145
full disk,2,6,2,0.9002,2.954,0.229
based docker,2,6,2,0.9002,2.954,-0.012
personal repository,2,6,2,0.9002,2.954,0.279
pending in,2,6,2,0.9002,2.954,-0.018
select data,2,6,2,0.9002,2.954,-0.019
kernel level,2,6,2,0.9002,2.954,0.252
image contents,2,6,2,0.9002,2.954,0.123
work unless,2,6,2,0.9002,2.954,0.103
information related,2,6,2,0.9002,2.954,0.112
other host,2,6,2,0.9002,2.954,0.024
bind address,2,6,2,0.9002,2.954,0.248
add log,2,6,2,0.9002,2.954,0.033
instead docker,2,6,2,0.9002,2.954,-0.072
significantly longer,2,6,2,0.9002,2.954,0.322
stopped using,2,6,2,0.9002,2.954,0.136
advanced topic,2,6,2,0.9002,2.954,0.385
extreme caution,2,6,2,0.9002,2.954,0.677
noticeable performance,2,6,2,0.9002,2.954,0.405
access times,2,6,2,0.9002,2.954,0.108
server note,2,6,2,0.9002,2.954,-0.016
consensus algorithm,2,6,2,0.9002,2.954,0.518
version compatibility,2,6,2,0.9002,2.954,0.120
email name,2,6,2,0.9002,2.954,0.063
following name,2,6,2,0.9002,2.954,-0.063
user de,2,6,2,0.9002,2.954,0.223
extension see,2,6,2,0.9002,2.954,0.032
list remove,2,6,2,0.9002,2.954,0.052
terminal type,2,6,2,0.9002,2.954,0.048
specific implementation,2,6,2,0.9002,2.954,0.100
formation stack,2,6,2,0.9002,2.954,0.543
contain special,2,6,2,0.9002,2.954,0.179
output git,2,6,2,0.9002,2.954,-0.067
message template,2,6,2,0.9002,2.954,0.094
high order,2,6,2,0.9002,2.954,0.192
big warning,2,6,2,0.9002,2.954,0.242
use password,2,6,2,0.9002,2.954,-0.021
origin branch,2,6,2,0.9002,2.954,0.230
less environment,2,6,2,0.9002,2.954,0.125
flexible way,2,6,2,0.9002,2.954,0.215
learned git,2,6,2,0.9002,2.954,0.097
now consider,2,6,2,0.9002,2.954,0.081
give better,2,6,2,0.9002,2.954,0.174
tree data,2,6,2,0.9002,2.954,0.009
use correctly,2,6,2,0.9002,2.954,-0.016
memory ownership,2,6,2,0.9002,2.954,0.180
string given,2,6,2,0.9002,2.954,0.008
moral equivalent,2,6,2,0.9002,2.954,0.588
mix well,2,6,2,0.9002,2.954,0.281
remote merge,2,6,2,0.9002,2.954,0.126
removal later,2,6,2,0.9002,2.954,0.290
buggy code,2,6,2,0.9002,2.954,0.241
out commit,2,6,2,0.9002,2.954,0.046
originally added,2,6,2,0.9002,2.954,0.247
case git,2,6,2,0.9002,2.954,-0.060
carefully check,2,6,2,0.9002,2.954,0.274
calling fetch,2,6,2,0.9002,2.954,0.174
using sha,2,6,2,0.9002,2.954,0.112
array size,2,6,2,0.9002,2.954,0.072
current setting,2,6,2,0.9002,2.954,0.076
false git,2,6,2,0.9002,2.954,0.015
value other,2,6,2,0.9002,2.954,-0.131
event like,2,6,2,0.9002,2.954,0.019
most two,2,6,2,0.9002,2.954,0.015
work flow,2,6,2,0.9002,2.954,0.150
information contained,2,6,2,0.9002,2.954,0.205
history without,2,6,2,0.9002,2.954,0.133
git maintainer,2,6,2,0.9002,2.954,0.217
second parent,2,6,2,0.9002,2.954,0.145
good signature,2,6,2,0.9002,2.954,0.222
specified format,2,6,2,0.9002,2.954,0.051
table see,2,6,2,0.9002,2.954,-0.035
current testing,2,6,2,0.9002,2.954,0.123
parent constructor,2,6,2,0.9002,2.954,0.167
arbitrary length,2,6,2,0.9002,2.954,0.260
wrapper element,2,6,2,0.9002,2.954,0.212
same expression,2,6,2,0.9002,2.954,-0.002
left parenthesis,2,6,2,0.9002,2.954,0.411
note async,2,6,2,0.9002,2.954,0.053
traditional function,2,6,2,0.9002,2.954,0.167
loop statement,2,6,2,0.9002,2.954,0.104
array otherwise,2,6,2,0.9002,2.954,0.083
cannot exceed,2,6,2,0.9002,2.954,0.389
unary minus,2,6,2,0.9002,2.954,0.606
actual array,2,6,2,0.9002,2.954,0.109
function over,2,6,2,0.9002,2.954,-0.039
such information,2,6,2,0.9002,2.954,-0.002
second statement,2,6,2,0.9002,2.954,0.113
time later,2,6,2,0.9002,2.954,0.000
often change,2,6,2,0.9002,2.954,0.088
specified order,2,6,2,0.9002,2.954,0.051
full string,2,6,2,0.9002,2.954,0.044
exact representation,2,6,2,0.9002,2.954,0.301
original iterable,2,6,2,0.9002,2.954,0.277
equal according,2,6,2,0.9002,2.954,0.291
loss in,2,6,2,0.9002,2.954,0.033
property cannot,2,6,2,0.9002,2.954,0.084
match otherwise,2,6,2,0.9002,2.954,0.123
point otherwise,2,6,2,0.9002,2.954,0.133
brave new,2,6,2,0.9002,2.954,0.402
design flaw,2,6,2,0.9002,2.954,0.562
most up,2,6,2,0.9002,2.954,0.010
value usually,2,6,2,0.9002,2.954,0.013
enforced on,2,6,2,0.9002,2.954,0.122
other dom,2,6,2,0.9002,2.954,0.084
first alternative,2,6,2,0.9002,2.954,0.137
specific part,2,6,2,0.9002,2.954,0.075
code event,2,6,2,0.9002,2.954,-0.019
disappear in,2,6,2,0.9002,2.954,0.158
code level,2,6,2,0.9002,2.954,-0.055
extra cpu,2,6,2,0.9002,2.954,0.262
query optimization,2,6,2,0.9002,2.954,0.210
table size,2,6,2,0.9002,2.954,0.089
integer column,2,6,2,0.9002,2.954,0.170
particular row,2,6,2,0.9002,2.954,0.170
common sense,2,6,2,0.9002,2.954,0.210
document type,2,6,2,0.9002,2.954,0.049
column use,2,6,2,0.9002,2.954,-0.046
child column,2,6,2,0.9002,2.954,0.194
particular column,2,6,2,0.9002,2.954,0.160
net effect,2,6,2,0.9002,2.954,0.227
system table,2,6,2,0.9002,2.954,0.042
optional returning,2,6,2,0.9002,2.954,0.228
little use,2,6,2,0.9002,2.954,0.029
table update,2,6,2,0.9002,2.954,0.036
table creation,2,6,2,0.9002,2.954,0.187
ordinary file,2,6,2,0.9002,2.954,0.199
never null,2,6,2,0.9002,2.954,0.128
returning list,2,6,2,0.9002,2.954,0.118
data loading,2,6,2,0.9002,2.954,0.084
visibility information,2,6,2,0.9002,2.954,0.271
name otherwise,2,6,2,0.9002,2.954,0.038
serialization failure,2,6,2,0.9002,2.954,0.305
self consistent,2,6,2,0.9002,2.954,0.274
tree based,2,6,2,0.9002,2.954,0.116
referenced column,2,6,2,0.9002,2.954,0.255
recursive query,2,6,2,0.9002,2.954,0.207
original row,2,6,2,0.9002,2.954,0.182
round function,2,6,2,0.9002,2.954,0.134
window add,2,6,2,0.9002,2.954,0.108
import mechanism,2,6,2,0.9002,2.954,0.217
dictionary use,2,6,2,0.9002,2.954,0.004
equivalent python,2,6,2,0.9002,2.954,0.089
python through,2,6,2,0.9002,2.954,0.027
pointer value,2,6,2,0.9002,2.954,0.022
until python,2,6,2,0.9002,2.954,0.073
python related,2,6,2,0.9002,2.954,0.080
across python,2,6,2,0.9002,2.954,0.101
use sys,2,6,2,0.9002,2.954,0.031
member name,2,6,2,0.9002,2.954,0.086
documentation string,2,6,2,0.9002,2.954,0.006
immediately show,2,6,2,0.9002,2.954,0.197
parsing command,2,6,2,0.9002,2.954,0.134
main task,2,6,2,0.9002,2.954,0.173
code context,2,6,2,0.9002,2.954,-0.052
instruction level,2,6,2,0.9002,2.954,0.200
mock class,2,6,2,0.9002,2.954,0.173
iterable unpacking,2,6,2,0.9002,2.954,0.504
dictionary unpacking,2,6,2,0.9002,2.954,0.449
warning mode,2,6,2,0.9002,2.954,0.142
library now,2,6,2,0.9002,2.954,0.007
like start,2,6,2,0.9002,2.954,-0.029
use suspense,2,6,2,0.9002,2.954,0.136
component whenever,2,6,2,0.9002,2.954,0.185
image src,2,6,2,0.9002,2.954,0.157
script bundle,2,6,2,0.9002,2.954,0.167
contact id,2,6,2,0.9002,2.954,0.295
react rendering,2,6,2,0.9002,2.954,0.142
trigger re,2,6,2,0.9002,2.954,0.223
using the remote,3,6,2,0.9002,2.954,0.083
custom management command,3,6,2,0.9002,2.954,0.392
using your own,3,6,2,0.9002,2.954,0.040
need to adapt,3,6,2,0.9002,2.954,0.302
python command line,3,6,2,0.9002,2.954,0.045
install the new,3,6,2,0.9002,2.954,0.120
useful to make,3,6,2,0.9002,2.954,0.101
open an editor,3,6,2,0.9002,2.954,0.364
user is authenticated,3,6,2,0.9002,2.954,0.486
built in class,3,6,2,0.9002,2.954,0.091
format the date,3,6,2,0.9002,2.954,0.240
string the second,3,6,2,0.9002,2.954,0.058
possible to remove,3,6,2,0.9002,2.954,0.173
beyond the current,3,6,2,0.9002,2.954,0.242
option multiple times,3,6,2,0.9002,2.954,0.133
avoid the possibility,3,6,2,0.9002,2.954,0.351
access to multiple,3,6,2,0.9002,2.954,0.126
drop and recreate,3,6,2,0.9002,2.954,0.562
running on different,3,6,2,0.9002,2.954,0.210
slightly more complex,3,6,2,0.9002,2.954,0.422
code that works,3,6,2,0.9002,2.954,0.145
against an existing,3,6,2,0.9002,2.954,0.279
added to support,3,6,2,0.9002,2.954,0.164
way for instance,3,6,2,0.9002,2.954,0.153
set your own,3,6,2,0.9002,2.954,0.080
work as advertised,3,6,2,0.9002,2.954,0.438
helpful error message,3,6,2,0.9002,2.954,0.301
using built in,3,6,2,0.9002,2.954,0.012
inside an async,3,6,2,0.9002,2.954,0.222
increment or decrement,3,6,2,0.9002,2.954,0.731
attribute is required,3,6,2,0.9002,2.954,0.255
using the class,3,6,2,0.9002,2.954,0.003
exception being raised,3,6,2,0.9002,2.954,0.445
want to serialize,3,6,2,0.9002,2.954,0.211
synchronously or asynchronously,3,6,2,0.9002,2.954,0.779
need to stay,3,6,2,0.9002,2.954,0.219
container and attach,3,6,2,0.9002,2.954,0.401
sure the following,3,6,2,0.9002,2.954,0.052
fix this in,3,6,2,0.9002,2.954,0.005
docker build process,3,6,2,0.9002,2.954,0.243
need to log,3,6,2,0.9002,2.954,0.034
working directory within,3,6,2,0.9002,2.954,0.220
application to run,3,6,2,0.9002,2.954,0.075
hello world application,3,6,2,0.9002,2.954,0.235
listening on port,3,6,2,0.9002,2.954,0.438
hub docker com,3,6,2,0.9002,2.954,0.451
easy to manage,3,6,2,0.9002,2.954,0.298
inside the shell,3,6,2,0.9002,2.954,0.190
inside the same,3,6,2,0.9002,2.954,-0.013
need to verify,3,6,2,0.9002,2.954,0.114
during garbage collection,3,6,2,0.9002,2.954,0.337
copy and add,3,6,2,0.9002,2.954,0.263
name value pair,3,6,2,0.9002,2.954,0.278
file can contain,3,6,2,0.9002,2.954,0.172
create and start,3,6,2,0.9002,2.954,0.253
docker command line,3,6,2,0.9002,2.954,0.008
power shell script,3,6,2,0.9002,2.954,0.291
see docker compose,3,6,2,0.9002,2.954,0.099
support was added,3,6,2,0.9002,2.954,0.276
high cpu usage,3,6,2,0.9002,2.954,0.540
docker is using,3,6,2,0.9002,2.954,0.172
access to additional,3,6,2,0.9002,2.954,0.182
tag you want,3,6,2,0.9002,2.954,0.104
new environment variable,3,6,2,0.9002,2.954,0.075
together with other,3,6,2,0.9002,2.954,0.190
use the underlying,3,6,2,0.9002,2.954,0.059
configure the daemon,3,6,2,0.9002,2.954,0.356
out to disk,3,6,2,0.9002,2.954,0.267
using the filter,3,6,2,0.9002,2.954,0.126
outside the docker,3,6,2,0.9002,2.954,0.130
use the literal,3,6,2,0.9002,2.954,0.119
include the error,3,6,2,0.9002,2.954,0.118
need to turn,3,6,2,0.9002,2.954,0.117
unless you override,3,6,2,0.9002,2.954,0.334
possible to modify,3,6,2,0.9002,2.954,0.221
increase the size,3,6,2,0.9002,2.954,0.353
value of means,3,6,2,0.9002,2.954,0.113
cloud formation stack,3,6,2,0.9002,2.954,0.549
none is specified,3,6,2,0.9002,2.954,0.267
much more efficiently,3,6,2,0.9002,2.954,0.450
between the index,3,6,2,0.9002,2.954,0.144
git status output,3,6,2,0.9002,2.954,0.255
pull and git,3,6,2,0.9002,2.954,0.307
way to ask,3,6,2,0.9002,2.954,0.198
include the number,3,6,2,0.9002,2.954,0.134
git submodule deinit,3,6,2,0.9002,2.954,0.438
avoid the problem,3,6,2,0.9002,2.954,0.180
number of large,3,6,2,0.9002,2.954,0.149
expect to use,3,6,2,0.9002,2.954,0.104
string is in,3,6,2,0.9002,2.954,-0.011
server to client,3,6,2,0.9002,2.954,0.270
assign the value,3,6,2,0.9002,2.954,0.195
property is assigned,3,6,2,0.9002,2.954,0.311
malloc and free,3,6,2,0.9002,2.954,0.572
wrap the object,3,6,2,0.9002,2.954,0.193
using this syntax,3,6,2,0.9002,2.954,0.181
see for information,3,6,2,0.9002,2.954,0.228
access the array,3,6,2,0.9002,2.954,0.135
array as opposed,3,6,2,0.9002,2.954,0.258
based on object,3,6,2,0.9002,2.954,0.013
own property method,3,6,2,0.9002,2.954,0.246
equivalent to except,3,6,2,0.9002,2.954,0.260
restarting the server,3,6,2,0.9002,2.954,0.342
process is started,3,6,2,0.9002,2.954,0.331
database management system,3,6,2,0.9002,2.954,0.439
used to examine,3,6,2,0.9002,2.954,0.257
optional returning clause,3,6,2,0.9002,2.954,0.531
pointer is returned,3,6,2,0.9002,2.954,0.312
bit is clear,3,6,2,0.9002,2.954,0.443
way to return,3,6,2,0.9002,2.954,0.031
commit the current,3,6,2,0.9002,2.954,0.086
rather than null,3,6,2,0.9002,2.954,0.131
superuser to use,3,6,2,0.9002,2.954,0.233
global and local,3,6,2,0.9002,2.954,0.440
explicit or implicit,3,6,2,0.9002,2.954,0.622
received from server,3,6,2,0.9002,2.954,0.313
determined by looking,3,6,2,0.9002,2.954,0.407
pointer to null,3,6,2,0.9002,2.954,0.262
value on success,3,6,2,0.9002,2.954,0.160
call any other,3,6,2,0.9002,2.954,0.117
date time type,3,6,2,0.9002,2.954,0.100
built in module,3,6,2,0.9002,2.954,0.098
wide character string,3,6,2,0.9002,2.954,0.400
parsing command line,3,6,2,0.9002,2.954,0.229
starting with react,3,6,2,0.9002,2.954,0.221
work with react,3,6,2,0.9002,2.954,0.167
show and hide,3,6,2,0.9002,2.954,0.475
particularly valuable,2,6,2,0.8447,2.927,0.510
running unit,2,6,2,0.8447,2.927,0.147
compatible across,2,6,2,0.8447,2.927,0.260
template syntax,2,6,2,0.8447,2.927,0.106
written during,2,6,2,0.8447,2.927,0.142
switching back,2,6,2,0.8447,2.927,0.304
default executable,2,6,2,0.8447,2.927,0.117
git head,2,6,2,0.8447,2.927,0.084
single target,2,6,2,0.8447,2.927,0.074
specified directly,2,6,2,0.8447,2.927,0.063
bare name,2,6,2,0.8447,2.927,0.188
host such,2,6,2,0.8447,2.927,0.056
see description,2,6,2,0.8447,2.927,0.071
executed directly,2,6,2,0.8447,2.927,0.156
subcommand name,2,6,2,0.8447,2.927,0.205
full standard,2,6,2,0.8447,2.927,0.114
disabled using,2,6,2,0.8447,2.927,0.072
use special,2,6,2,0.8447,2.927,-0.037
tables see,2,6,2,0.8447,2.927,0.045
default level,2,6,2,0.8447,2.927,-0.010
out copy,2,6,2,0.8447,2.927,0.061
enterprise grade,2,6,2,0.8447,2.927,0.679
securely store,2,6,2,0.8447,2.927,0.352
see optional,2,6,2,0.8447,2.927,0.040
registry directly,2,6,2,0.8447,2.927,0.140
repository such,2,6,2,0.8447,2.927,0.028
automatically build,2,6,2,0.8447,2.927,0.031
material sbom,2,6,2,0.8447,2.927,0.571
specific tables,2,6,2,0.8447,2.927,0.131
runner setting,2,6,2,0.8447,2.927,0.240
print flag,2,6,2,0.8447,2.927,0.133
fetch without,2,6,2,0.8447,2.927,0.096
automatically become,2,6,2,0.8447,2.927,0.194
reading configuration,2,6,2,0.8447,2.927,0.132
lightweight development,2,6,2,0.8447,2.927,0.359
release new,2,6,2,0.8447,2.927,-0.003
string match,2,6,2,0.8447,2.927,-0.000
property include,2,6,2,0.8447,2.927,0.080
non array,2,6,2,0.8447,2.927,0.037
following built,2,6,2,0.8447,2.927,0.034
character such,2,6,2,0.8447,2.927,0.069
available until,2,6,2,0.8447,2.927,0.117
programmatic access,2,6,2,0.8447,2.927,0.376
specified per,2,6,2,0.8447,2.927,0.110
false means,2,6,2,0.8447,2.927,0.104
comparison algorithm,2,6,2,0.8447,2.927,0.332
prevent git,2,6,2,0.8447,2.927,0.070
use count,2,6,2,0.8447,2.927,-0.009
specified depth,2,6,2,0.8447,2.927,0.227
promise concurrency,2,6,2,0.8447,2.927,0.307
start until,2,6,2,0.8447,2.927,0.119
using expression,2,6,2,0.8447,2.927,-0.046
prevent unexpected,2,6,2,0.8447,2.927,0.311
line separator,2,6,2,0.8447,2.927,0.216
lose precision,2,6,2,0.8447,2.927,0.480
var statement,2,6,2,0.8447,2.927,0.207
octal literal,2,6,2,0.8447,2.927,0.411
path module,2,6,2,0.8447,2.927,-0.016
create null,2,6,2,0.8447,2.927,0.021
given property,2,6,2,0.8447,2.927,0.069
new foo,2,6,2,0.8447,2.927,0.047
check error,2,6,2,0.8447,2.927,-0.048
support nested,2,6,2,0.8447,2.927,0.141
another character,2,6,2,0.8447,2.927,0.104
reflect apply,2,6,2,0.8447,2.927,0.312
semicolon less,2,6,2,0.8447,2.927,0.319
comment string,2,6,2,0.8447,2.927,0.075
division operator,2,6,2,0.8447,2.927,0.347
parse fix,2,6,2,0.8447,2.927,0.156
int string,2,6,2,0.8447,2.927,0.071
directory based,2,6,2,0.8447,2.927,0.037
configuration name,2,6,2,0.8447,2.927,-0.038
load external,2,6,2,0.8447,2.927,0.213
new top,2,6,2,0.8447,2.927,0.027
consistently across,2,6,2,0.8447,2.927,0.379
existing behavior,2,6,2,0.8447,2.927,0.104
during migration,2,6,2,0.8447,2.927,0.244
enable language,2,6,2,0.8447,2.927,0.157
work more,2,6,2,0.8447,2.927,-0.069
strictly equal,2,6,2,0.8447,2.927,0.391
new dict,2,6,2,0.8447,2.927,0.072
exit early,2,6,2,0.8447,2.927,0.284
share logic,2,6,2,0.8447,2.927,0.205
other available,2,6,2,0.8447,2.927,-0.027
first converting,2,6,2,0.8447,2.927,0.180
mount path,2,6,2,0.8447,2.927,0.160
open standard,2,6,2,0.8447,2.927,0.081
database operation,2,6,2,0.8447,2.927,0.097
serve multiple,2,6,2,0.8447,2.927,0.210
require data,2,6,2,0.8447,2.927,0.030
internet access,2,6,2,0.8447,2.927,0.192
gzip middleware,2,6,2,0.8447,2.927,0.358
structured way,2,6,2,0.8447,2.927,0.224
pass type,2,6,2,0.8447,2.927,-0.034
everything together,2,6,2,0.8447,2.927,0.223
specific module,2,6,2,0.8447,2.927,0.027
between several,2,6,2,0.8447,2.927,0.118
none default,2,6,2,0.8447,2.927,0.036
query used,2,6,2,0.8447,2.927,-0.051
displayed correctly,2,6,2,0.8447,2.927,0.266
number greater,2,6,2,0.8447,2.927,0.171
length parameter,2,6,2,0.8447,2.927,0.123
using value,2,6,2,0.8447,2.927,-0.173
another path,2,6,2,0.8447,2.927,0.009
using field,2,6,2,0.8447,2.927,-0.081
next day,2,6,2,0.8447,2.927,0.180
without compromising,2,6,2,0.8447,2.927,0.432
another form,2,6,2,0.8447,2.927,0.064
client secret,2,6,2,0.8447,2.927,0.218
compressed file,2,6,2,0.8447,2.927,0.194
function decorator,2,6,2,0.8447,2.927,0.091
dict update,2,6,2,0.8447,2.927,0.146
old secret,2,6,2,0.8447,2.927,0.271
use secret,2,6,2,0.8447,2.927,0.049
cookie secure,2,6,2,0.8447,2.927,0.376
configuration class,2,6,2,0.8447,2.927,-0.000
string cfg,2,6,2,0.8447,2.927,0.162
performance tuning,2,6,2,0.8447,2.927,0.443
multiple thread,2,6,2,0.8447,2.927,0.061
single application,2,6,2,0.8447,2.927,0.026
source license,2,6,2,0.8447,2.927,0.231
break compatibility,2,6,2,0.8447,2.927,0.266
same interpreter,2,6,2,0.8447,2.927,0.098
given data,2,6,2,0.8447,2.927,-0.023
module return,2,6,2,0.8447,2.927,-0.018
storage parameter,2,6,2,0.8447,2.927,0.158
add user,2,6,2,0.8447,2.927,-0.039
default content,2,6,2,0.8447,2.927,0.019
process response,2,6,2,0.8447,2.927,0.085
assert template,2,6,2,0.8447,2.927,0.198
instead render,2,6,2,0.8447,2.927,0.065
defined below,2,6,2,0.8447,2.927,0.095
required decorator,2,6,2,0.8447,2.927,0.250
confirmation dialog,2,6,2,0.8447,2.927,0.523
own documentation,2,6,2,0.8447,2.927,0.082
use during,2,6,2,0.8447,2.927,-0.066
url later,2,6,2,0.8447,2.927,0.090
header field,2,6,2,0.8447,2.927,0.108
client cert,2,6,2,0.8447,2.927,0.336
resulting url,2,6,2,0.8447,2.927,0.216
important exception,2,6,2,0.8447,2.927,0.079
automatic loading,2,6,2,0.8447,2.927,0.303
return exit,2,6,2,0.8447,2.927,0.100
modification times,2,6,2,0.8447,2.927,0.327
same consistent,2,6,2,0.8447,2.927,0.100
function except,2,6,2,0.8447,2.927,0.013
zoneinfo module,2,6,2,0.8447,2.927,0.410
trailing incomplete,2,6,2,0.8447,2.927,0.448
last string,2,6,2,0.8447,2.927,0.023
level json,2,6,2,0.8447,2.927,0.063
share many,2,6,2,0.8447,2.927,0.160
changed through,2,6,2,0.8447,2.927,0.131
approach see,2,6,2,0.8447,2.927,0.058
custom root,2,6,2,0.8447,2.927,0.104
setting allow,2,6,2,0.8447,2.927,0.100
leading underscore,2,6,2,0.8447,2.927,0.431
memory data,2,6,2,0.8447,2.927,-0.021
corresponding method,2,6,2,0.8447,2.927,0.097
alias type,2,6,2,0.8447,2.927,0.060
testing workflow,2,6,2,0.8447,2.927,0.313
variadic keyword,2,6,2,0.8447,2.927,0.419
valid email,2,6,2,0.8447,2.927,0.176
cpu architecture,2,6,2,0.8447,2.927,0.375
industry standard,2,6,2,0.8447,2.927,0.407
brief description,2,6,2,0.8447,2.927,0.421
ide extension,2,6,2,0.8447,2.927,0.296
type model,2,6,2,0.8447,2.927,-0.047
without special,2,6,2,0.8447,2.927,0.086
special support,2,6,2,0.8447,2.927,0.105
strict error,2,6,2,0.8447,2.927,0.047
sub module,2,6,2,0.8447,2.927,0.149
re st,2,6,2,0.8447,2.927,0.305
dev mailing,2,6,2,0.8447,2.927,0.380
tree now,2,6,2,0.8447,2.927,0.039
capture instead,2,6,2,0.8447,2.927,0.156
test instance,2,6,2,0.8447,2.927,-0.006
different environment,2,6,2,0.8447,2.927,0.010
specific python,2,6,2,0.8447,2.927,0.008
error name,2,6,2,0.8447,2.927,-0.113
system under,2,6,2,0.8447,2.927,0.116
entire message,2,6,2,0.8447,2.927,0.139
base request,2,6,2,0.8447,2.927,0.072
prefix instead,2,6,2,0.8447,2.927,0.115
correctly without,2,6,2,0.8447,2.927,0.102
cache using,2,6,2,0.8447,2.927,-0.018
interactive input,2,6,2,0.8447,2.927,0.214
output produced,2,6,2,0.8447,2.927,0.180
math pi,2,6,2,0.8447,2.927,0.493
point precision,2,6,2,0.8447,2.927,0.253
object back,2,6,2,0.8447,2.927,-0.004
module basis,2,6,2,0.8447,2.927,0.240
via log,2,6,2,0.8447,2.927,0.115
easily set,2,6,2,0.8447,2.927,0.096
class unlike,2,6,2,0.8447,2.927,0.150
file default,2,6,2,0.8447,2.927,-0.126
reference index,2,6,2,0.8447,2.927,0.030
user see,2,6,2,0.8447,2.927,-0.070
use shell,2,6,2,0.8447,2.927,-0.041
compiler works,2,6,2,0.8447,2.927,0.099
file re,2,6,2,0.8447,2.927,-0.008
first real,2,6,2,0.8447,2.927,0.083
set hash,2,6,2,0.8447,2.927,0.065
cannot cross,2,6,2,0.8447,2.927,0.229
per block,2,6,2,0.8447,2.927,0.136
type table,2,6,2,0.8447,2.927,-0.058
produce error,2,6,2,0.8447,2.927,0.075
set add,2,6,2,0.8447,2.927,-0.072
function context,2,6,2,0.8447,2.927,-0.045
import related,2,6,2,0.8447,2.927,0.146
export function,2,6,2,0.8447,2.927,0.055
stop step,2,6,2,0.8447,2.927,0.224
explicitly noted,2,6,2,0.8447,2.927,0.326
list configuration,2,6,2,0.8447,2.927,-0.005
key directly,2,6,2,0.8447,2.927,0.057
env program,2,6,2,0.8447,2.927,0.155
component pass,2,6,2,0.8447,2.927,0.076
make informed,2,6,2,0.8447,2.927,0.356
separate state,2,6,2,0.8447,2.927,0.060
remain set,2,6,2,0.8447,2.927,0.157
react based,2,6,2,0.8447,2.927,0.049
update api,2,6,2,0.8447,2.927,0.007
array spread,2,6,2,0.8447,2.927,0.202
effective use,2,6,2,0.8447,2.927,0.126
using explicit,2,6,2,0.8447,2.927,0.061
large bundle,2,6,2,0.8447,2.927,0.273
fetching directly,2,6,2,0.8447,2.927,0.205
browse through,2,6,2,0.8447,2.927,0.354
code showing,2,6,2,0.8447,2.927,0.057
call configure,2,6,2,0.8447,2.927,0.094
entire current,2,6,2,0.8447,2.927,0.135
read out,2,6,2,0.8447,2.927,0.021
data outside,2,6,2,0.8447,2.927,0.045
initial set,2,6,2,0.8447,2.927,0.060
later part,2,6,2,0.8447,2.927,0.072
complete faster,2,6,2,0.8447,2.927,0.251
abort controller,2,6,2,0.8447,2.927,0.484
specific name,2,6,2,0.8447,2.927,-0.017
function similar,2,6,2,0.8447,2.927,-0.027
rendering use,2,6,2,0.8447,2.927,0.005
way such,2,6,2,0.8447,2.927,-0.039
same work,2,6,2,0.8447,2.927,-0.059
existing list,2,6,2,0.8447,2.927,0.048
data received,2,6,2,0.8447,2.927,0.114
last component,2,6,2,0.8447,2.927,0.097
event data,2,6,2,0.8447,2.927,0.012
green blue,2,6,2,0.8447,2.927,0.576
non plain,2,6,2,0.8447,2.927,0.168
like local,2,6,2,0.8447,2.927,-0.020
legacy context,2,6,2,0.8447,2.927,0.218
cache server,2,6,2,0.8447,2.927,0.056
first compose,2,6,2,0.8447,2.927,0.050
dom hydrate,2,6,2,0.8447,2.927,0.457
component hierarchy,2,6,2,0.8447,2.927,0.251
right time,2,6,2,0.8447,2.927,0.028
immediately call,2,6,2,0.8447,2.927,0.117
few code,2,6,2,0.8447,2.927,-0.009
without use,2,6,2,0.8447,2.927,-0.127
see usage,2,6,2,0.8447,2.927,0.046
see supported,2,6,2,0.8447,2.927,0.025
management code,2,6,2,0.8447,2.927,0.051
immediately clear,2,6,2,0.8447,2.927,0.258
store without,2,6,2,0.8447,2.927,0.024
database structure,2,6,2,0.8447,2.927,0.112
component within,2,6,2,0.8447,2.927,0.083
additional processing,2,6,2,0.8447,2.927,0.223
content attribute,2,6,2,0.8447,2.927,0.140
wait between,2,6,2,0.8447,2.927,0.179
single mapping,2,6,2,0.8447,2.927,0.187
other effects,2,6,2,0.8447,2.927,0.073
taken together,2,6,2,0.8447,2.927,0.272
system rather,2,6,2,0.8447,2.927,0.082
first open,2,6,2,0.8447,2.927,0.016
encoder decoder,2,6,2,0.8447,2.927,0.723
efficient code,2,6,2,0.8447,2.927,0.084
non stop,2,6,2,0.8447,2.927,0.157
announcement blog,2,6,2,0.8447,2.927,0.541
faster startup,2,6,2,0.8447,2.927,0.320
design document,2,6,2,0.8447,2.927,0.270
persistent cache,2,6,2,0.8447,2.927,0.336
calling process,2,6,2,0.8447,2.927,0.105
small subset,2,6,2,0.8447,2.927,0.345
re assignment,2,6,2,0.8447,2.927,0.217
file specify,2,6,2,0.8447,2.927,-0.028
using root,2,6,2,0.8447,2.927,-0.029
following entry,2,6,2,0.8447,2.927,0.082
customized via,2,6,2,0.8447,2.927,0.307
use older,2,6,2,0.8447,2.927,0.011
mode used,2,6,2,0.8447,2.927,-0.023
mode inside,2,6,2,0.8447,2.927,0.064
well designed,2,6,2,0.8447,2.927,0.203
used for fetching,3,6,2,0.8447,2.927,0.273
within the schema,3,6,2,0.8447,2.927,0.200
used to automatically,3,6,2,0.8447,2.927,0.082
machine readable output,3,6,2,0.8447,2.927,0.275
directory the default,3,6,2,0.8447,2.927,0.018
string the value,3,6,2,0.8447,2.927,-0.010
system to use,3,6,2,0.8447,2.927,-0.001
api to read,3,6,2,0.8447,2.927,0.113
file is specified,3,6,2,0.8447,2.927,0.099
checked out copy,3,6,2,0.8447,2.927,0.345
mac os keychain,3,6,2,0.8447,2.927,0.522
important to consider,3,6,2,0.8447,2.927,0.303
plan to remove,3,6,2,0.8447,2.927,0.304
non ascii data,3,6,2,0.8447,2.927,0.234
instead of git,3,6,2,0.8447,2.927,-0.020
built in name,3,6,2,0.8447,2.927,0.048
set of tables,3,6,2,0.8447,2.927,0.207
following built in,3,6,2,0.8447,2.927,0.077
within your code,3,6,2,0.8447,2.927,0.131
up to two,3,6,2,0.8447,2.927,0.130
prototype of instead,3,6,2,0.8447,2.927,0.259
using the error,3,6,2,0.8447,2.927,-0.056
let or var,3,6,2,0.8447,2.927,0.518
legacy octal escape,3,6,2,0.8447,2.927,0.599
option is intended,3,6,2,0.8447,2.927,0.192
set the corresponding,3,6,2,0.8447,2.927,0.122
use the configuration,3,6,2,0.8447,2.927,-0.002
new top level,3,6,2,0.8447,2.927,0.094
setup is required,3,6,2,0.8447,2.927,0.290
non string value,3,6,2,0.8447,2.927,0.299
fail to load,3,6,2,0.8447,2.927,0.301
necessary to keep,3,6,2,0.8447,2.927,0.236
using async await,3,6,2,0.8447,2.927,0.213
keep the following,3,6,2,0.8447,2.927,0.061
let you define,3,6,2,0.8447,2.927,0.275
isolated from other,3,6,2,0.8447,2.927,0.317
test your api,3,6,2,0.8447,2.927,0.203
support for complex,3,6,2,0.8447,2.927,0.231
capitalize the first,3,6,2,0.8447,2.927,0.444
python file object,3,6,2,0.8447,2.927,0.296
declare the function,3,6,2,0.8447,2.927,0.148
user is active,3,6,2,0.8447,2.927,0.269
column of type,3,6,2,0.8447,2.927,0.225
bind to privileged,3,6,2,0.8447,2.927,0.558
open source license,3,6,2,0.8447,2.927,0.407
asyncio event loop,3,6,2,0.8447,2.927,0.478
ensure consistency between,3,6,2,0.8447,2.927,0.490
used for multiple,3,6,2,0.8447,2.927,0.127
application you need,3,6,2,0.8447,2.927,0.051
mode the server,3,6,2,0.8447,2.927,0.108
want to switch,3,6,2,0.8447,2.927,0.108
copy the following,3,6,2,0.8447,2.927,0.051
edit and delete,3,6,2,0.8447,2.927,0.403
more detailed documentation,3,6,2,0.8447,2.927,0.326
true to false,3,6,2,0.8447,2.927,0.211
return exit code,3,6,2,0.8447,2.927,0.206
set of common,3,6,2,0.8447,2.927,0.157
override that behavior,3,6,2,0.8447,2.927,0.457
support for such,3,6,2,0.8447,2.927,0.101
top level json,3,6,2,0.8447,2.927,0.176
instead of manually,3,6,2,0.8447,2.927,0.146
isinstance and issubclass,3,6,2,0.8447,2.927,0.845
used to exclude,3,6,2,0.8447,2.927,0.202
instance of type,3,6,2,0.8447,2.927,0.056
effort to make,3,6,2,0.8447,2.927,0.271
list of additional,3,6,2,0.8447,2.927,0.131
skip the rest,3,6,2,0.8447,2.927,0.295
until the release,3,6,2,0.8447,2.927,0.235
dev mailing list,3,6,2,0.8447,2.927,0.395
number of actual,3,6,2,0.8447,2.927,0.144
list of format,3,6,2,0.8447,2.927,0.093
none is now,3,6,2,0.8447,2.927,0.219
use the context,3,6,2,0.8447,2.927,0.031
attribute to false,3,6,2,0.8447,2.927,0.256
use strict mode,3,6,2,0.8447,2.927,0.044
operating system level,3,6,2,0.8447,2.927,0.211
floating point precision,3,6,2,0.8447,2.927,0.411
provided to make,3,6,2,0.8447,2.927,0.114
per module basis,3,6,2,0.8447,2.927,0.593
variable is missing,3,6,2,0.8447,2.927,0.252
using them in,3,6,2,0.8447,2.927,0.070
return the default,3,6,2,0.8447,2.927,0.009
implement the following,3,6,2,0.8447,2.927,0.060
cannot be combined,3,6,2,0.8447,2.927,0.310
set the name,3,6,2,0.8447,2.927,0.024
thinking in react,3,6,2,0.8447,2.927,0.423
order of evaluation,3,6,2,0.8447,2.927,0.420
high level data,3,6,2,0.8447,2.927,0.186
error message text,3,6,2,0.8447,2.927,0.145
mark and sweep,3,6,2,0.8447,2.927,0.638
include the full,3,6,2,0.8447,2.927,0.203
cannot be made,3,6,2,0.8447,2.927,0.193
possible to store,3,6,2,0.8447,2.927,0.132
instead of local,3,6,2,0.8447,2.927,0.070
inside an action,3,6,2,0.8447,2.927,0.199
see for additional,3,6,2,0.8447,2.927,0.263
update state in,3,6,2,0.8447,2.927,0.152
reset the form,3,6,2,0.8447,2.927,0.301
response to specific,3,6,2,0.8447,2.927,0.251
return the entire,3,6,2,0.8447,2.927,0.122
such as sorting,3,6,2,0.8447,2.927,0.245
number of non,3,6,2,0.8447,2.927,0.076
reset the state,3,6,2,0.8447,2.927,0.254
react dom hydrate,3,6,2,0.8447,2.927,0.506
used to improve,3,6,2,0.8447,2.927,0.167
use effect in,3,6,2,0.8447,2.927,0.046
used to trigger,3,6,2,0.8447,2.927,0.188
update the package,3,6,2,0.8447,2.927,0.148
fetching in effects,3,6,2,0.8447,2.927,0.517
flag to avoid,3,6,2,0.8447,2.927,0.148
override this default,3,6,2,0.8447,2.927,0.250
use their own,3,6,2,0.8447,2.927,0.060
try to minimize,3,6,2,0.8447,2.927,0.346
include the new,3,6,2,0.8447,2.927,0.101
perform an import,3,6,2,0.8447,2.927,0.395
undefined is returned,3,6,2,0.8447,2.927,0.318
announcement blog post,3,6,2,0.8447,2.927,0.553
used in parallel,3,6,2,0.8447,2.927,0.167
module the following,3,6,2,0.8447,2.927,-0.016
use the import,3,6,2,0.8447,2.927,0.036
connection is lost,3,6,2,0.8447,2.927,0.437
time you build,3,6,2,0.8447,2.927,0.185
null false,2,5,2,0.7963,2.901,0.109
next question,2,5,2,0.7963,2.901,0.130
user under,2,5,2,0.7963,2.901,0.073
solution use,2,5,2,0.7963,2.901,-0.039
decreasing order,2,5,2,0.7963,2.901,0.425
during template,2,5,2,0.7963,2.901,0.121
common place,2,5,2,0.7963,2.901,0.130
custom filter,2,5,2,0.7963,2.901,0.151
login password,2,5,2,0.7963,2.901,0.257
network performance,2,5,2,0.7963,2.901,0.146
user database,2,5,2,0.7963,2.901,-0.004
dynamic content,2,5,2,0.7963,2.901,0.243
save on,2,5,2,0.7963,2.901,-0.022
last migration,2,5,2,0.7963,2.901,0.240
appropriate error,2,5,2,0.7963,2.901,0.054
remove trailing,2,5,2,0.7963,2.901,0.250
overriding model,2,5,2,0.7963,2.901,0.252
error method,2,5,2,0.7963,2.901,-0.101
key method,2,5,2,0.7963,2.901,-0.027
diff against,2,5,2,0.7963,2.901,0.220
typical workflow,2,5,2,0.7963,2.901,0.416
data according,2,5,2,0.7963,2.901,0.078
date function,2,5,2,0.7963,2.901,-0.033
database running,2,5,2,0.7963,2.901,0.026
user tables,2,5,2,0.7963,2.901,0.079
friendly format,2,5,2,0.7963,2.901,0.282
added automatically,2,5,2,0.7963,2.901,0.084
now go,2,5,2,0.7963,2.901,0.033
available note,2,5,2,0.7963,2.901,0.016
post installation,2,5,2,0.7963,2.901,0.197
develop against,2,5,2,0.7963,2.901,0.357
navigation bar,2,5,2,0.7963,2.901,0.407
provide several,2,5,2,0.7963,2.901,0.143
cannot import,2,5,2,0.7963,2.901,0.093
repeat yourself,2,5,2,0.7963,2.901,0.385
required field,2,5,2,0.7963,2.901,0.074
field date,2,5,2,0.7963,2.901,0.063
empty field,2,5,2,0.7963,2.901,0.072
database along,2,5,2,0.7963,2.901,0.170
specific model,2,5,2,0.7963,2.901,0.053
reversed in,2,5,2,0.7963,2.901,0.130
url template,2,5,2,0.7963,2.901,0.119
default index,2,5,2,0.7963,2.901,-0.038
complete description,2,5,2,0.7963,2.901,0.230
system library,2,5,2,0.7963,2.901,0.050
character field,2,5,2,0.7963,2.901,0.087
given argument,2,5,2,0.7963,2.901,0.056
default tag,2,5,2,0.7963,2.901,0.022
expression returning,2,5,2,0.7963,2.901,0.166
see postgresql,2,5,2,0.7963,2.901,0.185
setting add,2,5,2,0.7963,2.901,0.026
incrementing primary,2,5,2,0.7963,2.901,0.447
single app,2,5,2,0.7963,2.901,0.023
migration name,2,5,2,0.7963,2.901,0.132
see built,2,5,2,0.7963,2.901,-0.004
using run,2,5,2,0.7963,2.901,-0.134
immediate parent,2,5,2,0.7963,2.901,0.347
external database,2,5,2,0.7963,2.901,0.117
second positional,2,5,2,0.7963,2.901,0.283
record rather,2,5,2,0.7963,2.901,0.197
asynchronous iteration,2,5,2,0.7963,2.901,0.296
used via,2,5,2,0.7963,2.901,-0.002
without failing,2,5,2,0.7963,2.901,0.198
stream like,2,5,2,0.7963,2.901,0.043
decimal part,2,5,2,0.7963,2.901,0.202
without opening,2,5,2,0.7963,2.901,0.203
using inheritance,2,5,2,0.7963,2.901,0.088
inserted using,2,5,2,0.7963,2.901,0.103
python written,2,5,2,0.7963,2.901,0.055
custom header,2,5,2,0.7963,2.901,0.139
geo query,2,5,2,0.7963,2.901,0.298
like safe,2,5,2,0.7963,2.901,0.040
broken pipe,2,5,2,0.7963,2.901,0.425
default authentication,2,5,2,0.7963,2.901,0.075
queryset crash,2,5,2,0.7963,2.901,0.299
request build,2,5,2,0.7963,2.901,-0.006
more accurately,2,5,2,0.7963,2.901,0.323
format specified,2,5,2,0.7963,2.901,0.042
style function,2,5,2,0.7963,2.901,-0.002
level support,2,5,2,0.7963,2.901,0.052
opposite direction,2,5,2,0.7963,2.901,0.534
command syntax,2,5,2,0.7963,2.901,0.004
party software,2,5,2,0.7963,2.901,0.305
database driver,2,5,2,0.7963,2.901,0.163
run mode,2,5,2,0.7963,2.901,-0.007
now produce,2,5,2,0.7963,2.901,0.106
level domain,2,5,2,0.7963,2.901,0.178
debug message,2,5,2,0.7963,2.901,0.115
without wrapping,2,5,2,0.7963,2.901,0.207
use window,2,5,2,0.7963,2.901,-0.003
relatively long,2,5,2,0.7963,2.901,0.316
now checked,2,5,2,0.7963,2.901,0.115
constraint check,2,5,2,0.7963,2.901,0.173
update path,2,5,2,0.7963,2.901,-0.000
year old,2,5,2,0.7963,2.901,0.228
new migration,2,5,2,0.7963,2.901,0.121
logged using,2,5,2,0.7963,2.901,0.103
authentication via,2,5,2,0.7963,2.901,0.189
become non,2,5,2,0.7963,2.901,0.184
distinct name,2,5,2,0.7963,2.901,0.149
other sensitive,2,5,2,0.7963,2.901,0.145
potentially leading,2,5,2,0.7963,2.901,0.373
taking effect,2,5,2,0.7963,2.901,0.249
set fetch,2,5,2,0.7963,2.901,0.045
suggest on,2,5,2,0.7963,2.901,0.075
using sync,2,5,2,0.7963,2.901,0.075
absolutely need,2,5,2,0.7963,2.901,0.208
new event,2,5,2,0.7963,2.901,0.012
key specified,2,5,2,0.7963,2.901,0.023
object usually,2,5,2,0.7963,2.901,0.020
valid data,2,5,2,0.7963,2.901,0.003
second way,2,5,2,0.7963,2.901,0.030
rather long,2,5,2,0.7963,2.901,0.127
select in,2,5,2,0.7963,2.901,-0.174
out another,2,5,2,0.7963,2.901,0.014
more permissive,2,5,2,0.7963,2.901,0.325
main content,2,5,2,0.7963,2.901,0.113
password set,2,5,2,0.7963,2.901,0.046
create several,2,5,2,0.7963,2.901,0.056
enter text,2,5,2,0.7963,2.901,0.177
current name,2,5,2,0.7963,2.901,-0.035
default session,2,5,2,0.7963,2.901,0.048
application along,2,5,2,0.7963,2.901,0.158
code stays,2,5,2,0.7963,2.901,0.169
signal call,2,5,2,0.7963,2.901,0.155
sample test,2,5,2,0.7963,2.901,0.125
more lightweight,2,5,2,0.7963,2.901,0.207
actual source,2,5,2,0.7963,2.901,0.140
becomes difficult,2,5,2,0.7963,2.901,0.321
map container,2,5,2,0.7963,2.901,0.107
individual container,2,5,2,0.7963,2.901,0.159
running using,2,5,2,0.7963,2.901,-0.079
container once,2,5,2,0.7963,2.901,0.065
referenced file,2,5,2,0.7963,2.901,0.095
run everything,2,5,2,0.7963,2.901,0.067
image building,2,5,2,0.7963,2.901,0.134
latest docker,2,5,2,0.7963,2.901,0.051
available across,2,5,2,0.7963,2.901,0.140
official git,2,5,2,0.7963,2.901,0.117
different development,2,5,2,0.7963,2.901,0.072
sure docker,2,5,2,0.7963,2.901,-0.005
application note,2,5,2,0.7963,2.901,-0.005
similar output,2,5,2,0.7963,2.901,0.035
docker running,2,5,2,0.7963,2.901,-0.049
copy into,2,5,2,0.7963,2.901,0.028
docker networking,2,5,2,0.7963,2.901,0.174
string json,2,5,2,0.7963,2.901,-0.018
listener using,2,5,2,0.7963,2.901,0.108
local installation,2,5,2,0.7963,2.901,0.186
make debugging,2,5,2,0.7963,2.901,0.118
editor add,2,5,2,0.7963,2.901,0.106
built docker,2,5,2,0.7963,2.901,-0.010
environment set,2,5,2,0.7963,2.901,-0.032
container instance,2,5,2,0.7963,2.901,0.041
service client,2,5,2,0.7963,2.901,0.116
account information,2,5,2,0.7963,2.901,0.142
account go,2,5,2,0.7963,2.901,0.199
same access,2,5,2,0.7963,2.901,-0.036
add modify,2,5,2,0.7963,2.901,0.093
automatically assign,2,5,2,0.7963,2.901,0.201
stop until,2,5,2,0.7963,2.901,0.204
use external,2,5,2,0.7963,2.901,-0.023
context outside,2,5,2,0.7963,2.901,0.147
calendar month,2,5,2,0.7963,2.901,0.316
up once,2,5,2,0.7963,2.901,0.035
remain intact,2,5,2,0.7963,2.901,0.544
container directly,2,5,2,0.7963,2.901,0.062
output image,2,5,2,0.7963,2.901,-0.006
context field,2,5,2,0.7963,2.901,0.047
down cleanly,2,5,2,0.7963,2.901,0.412
prompt on,2,5,2,0.7963,2.901,0.012
commit signing,2,5,2,0.7963,2.901,0.305
key without,2,5,2,0.7963,2.901,0.004
end date,2,5,2,0.7963,2.901,0.095
use link,2,5,2,0.7963,2.901,-0.013
method table,2,5,2,0.7963,2.901,-0.022
use variable,2,5,2,0.7963,2.901,-0.133
driver configuration,2,5,2,0.7963,2.901,0.157
certain other,2,5,2,0.7963,2.901,0.058
current build,2,5,2,0.7963,2.901,0.000
specified host,2,5,2,0.7963,2.901,0.083
separator used,2,5,2,0.7963,2.901,0.165
file works,2,5,2,0.7963,2.901,-0.033
older docker,2,5,2,0.7963,2.901,0.072
source without,2,5,2,0.7963,2.901,0.031
commit sha,2,5,2,0.7963,2.901,0.234
tag use,2,5,2,0.7963,2.901,-0.052
custom attribute,2,5,2,0.7963,2.901,0.109
like running,2,5,2,0.7963,2.901,-0.051
convention used,2,5,2,0.7963,2.901,0.118
previous user,2,5,2,0.7963,2.901,0.068
expect continue,2,5,2,0.7963,2.901,0.242
offer support,2,5,2,0.7963,2.901,0.232
program see,2,5,2,0.7963,2.901,-0.027
latest update,2,5,2,0.7963,2.901,0.126
failing silently,2,5,2,0.7963,2.901,0.429
correctly see,2,5,2,0.7963,2.901,0.046
respect order,2,5,2,0.7963,2.901,0.284
now pull,2,5,2,0.7963,2.901,0.068
remove duplicate,2,5,2,0.7963,2.901,0.245
empty password,2,5,2,0.7963,2.901,0.163
chosen automatically,2,5,2,0.7963,2.901,0.253
data distribution,2,5,2,0.7963,2.901,0.143
hard disk,2,5,2,0.7963,2.901,0.296
work automatically,2,5,2,0.7963,2.901,0.030
app contents,2,5,2,0.7963,2.901,0.098
image location,2,5,2,0.7963,2.901,0.122
git source,2,5,2,0.7963,2.901,-0.016
set display,2,5,2,0.7963,2.901,0.039
info plist,2,5,2,0.7963,2.901,0.537
set child,2,5,2,0.7963,2.901,0.061
up many,2,5,2,0.7963,2.901,0.005
include docker,2,5,2,0.7963,2.901,-0.013
second file,2,5,2,0.7963,2.901,-0.021
gnome terminal,2,5,2,0.7963,2.901,0.507
terminal access,2,5,2,0.7963,2.901,0.129
added manually,2,5,2,0.7963,2.901,0.157
root certification,2,5,2,0.7963,2.901,0.454
collection process,2,5,2,0.7963,2.901,0.168
path length,2,5,2,0.7963,2.901,0.079
select uninstall,2,5,2,0.7963,2.901,0.295
hub view,2,5,2,0.7963,2.901,0.120
above listed,2,5,2,0.7963,2.901,0.189
output see,2,5,2,0.7963,2.901,-0.080
first search,2,5,2,0.7963,2.901,0.052
once docker,2,5,2,0.7963,2.901,-0.014
run later,2,5,2,0.7963,2.901,-0.012
fast access,2,5,2,0.7963,2.901,0.077
data point,2,5,2,0.7963,2.901,-0.021
system os,2,5,2,0.7963,2.901,0.116
historical data,2,5,2,0.7963,2.901,0.183
token name,2,5,2,0.7963,2.901,0.054
system down,2,5,2,0.7963,2.901,0.120
used up,2,5,2,0.7963,2.901,-0.076
use less,2,5,2,0.7963,2.901,-0.030
container tag,2,5,2,0.7963,2.901,0.092
long log,2,5,2,0.7963,2.901,0.118
default size,2,5,2,0.7963,2.901,0.015
given container,2,5,2,0.7963,2.901,0.056
use large,2,5,2,0.7963,2.901,-0.022
networking stack,2,5,2,0.7963,2.901,0.306
different network,2,5,2,0.7963,2.901,0.058
access information,2,5,2,0.7963,2.901,0.022
sub second,2,5,2,0.7963,2.901,0.206
parent image,2,5,2,0.7963,2.901,0.096
change default,2,5,2,0.7963,2.901,-0.056
pass back,2,5,2,0.7963,2.901,0.098
layer store,2,5,2,0.7963,2.901,0.173
run standalone,2,5,2,0.7963,2.901,0.200
properly clean,2,5,2,0.7963,2.901,0.297
use error,2,5,2,0.7963,2.901,-0.193
set key,2,5,2,0.7963,2.901,-0.042
specific system,2,5,2,0.7963,2.901,0.049
storage such,2,5,2,0.7963,2.901,0.111
additional ways,2,5,2,0.7963,2.901,0.167
small memory,2,5,2,0.7963,2.901,0.159
level process,2,5,2,0.7963,2.901,0.071
parent layer,2,5,2,0.7963,2.901,0.228
allocate space,2,5,2,0.7963,2.901,0.354
remains available,2,5,2,0.7963,2.901,0.247
changed during,2,5,2,0.7963,2.901,0.139
separate project,2,5,2,0.7963,2.901,0.104
process run,2,5,2,0.7963,2.901,-0.011
time delay,2,5,2,0.7963,2.901,0.188
local port,2,5,2,0.7963,2.901,0.141
external name,2,5,2,0.7963,2.901,0.053
later add,2,5,2,0.7963,2.901,0.006
component see,2,5,2,0.7963,2.901,-0.021
time window,2,5,2,0.7963,2.901,0.084
wildcard character,2,5,2,0.7963,2.901,0.328
git tree,2,5,2,0.7963,2.901,0.015
usual git,2,5,2,0.7963,2.901,0.149
otherwise git,2,5,2,0.7963,2.901,0.028
configuration mechanism,2,5,2,0.7963,2.901,0.168
custom diff,2,5,2,0.7963,2.901,0.152
repository corruption,2,5,2,0.7963,2.901,0.314
format tar,2,5,2,0.7963,2.901,0.276
diff hunk,2,5,2,0.7963,2.901,0.389
gnu diff,2,5,2,0.7963,2.901,0.370
relative pathname,2,5,2,0.7963,2.901,0.400
current behaviour,2,5,2,0.7963,2.901,0.200
kick in,2,5,2,0.7963,2.901,0.162
threaded program,2,5,2,0.7963,2.901,0.257
head state,2,5,2,0.7963,2.901,0.100
without human,2,5,2,0.7963,2.901,0.155
become unreachable,2,5,2,0.7963,2.901,0.435
merge used,2,5,2,0.7963,2.901,-0.025
include untracked,2,5,2,0.7963,2.901,0.303
future git,2,5,2,0.7963,2.901,0.021
temporary copy,2,5,2,0.7963,2.901,0.208
hash collision,2,5,2,0.7963,2.901,0.448
prompt string,2,5,2,0.7963,2.901,0.108
raw object,2,5,2,0.7963,2.901,0.067
short cut,2,5,2,0.7963,2.901,0.388
less robust,2,5,2,0.7963,2.901,0.338
single message,2,5,2,0.7963,2.901,0.040
extra careful,2,5,2,0.7963,2.901,0.276
more portable,2,5,2,0.7963,2.901,0.209
empty format,2,5,2,0.7963,2.901,0.094
argument order,2,5,2,0.7963,2.901,0.045
local history,2,5,2,0.7963,2.901,0.167
now forbidden,2,5,2,0.7963,2.901,0.272
find object,2,5,2,0.7963,2.901,-0.029
avoid showing,2,5,2,0.7963,2.901,0.223
submodule merge,2,5,2,0.7963,2.901,0.209
code section,2,5,2,0.7963,2.901,-0.058
optimized away,2,5,2,0.7963,2.901,0.385
second last,2,5,2,0.7963,2.901,0.114
stack space,2,5,2,0.7963,2.901,0.175
corrected in,2,5,2,0.7963,2.901,-0.059
increasing order,2,5,2,0.7963,2.901,0.293
code found,2,5,2,0.7963,2.901,-0.035
close enough,2,5,2,0.7963,2.901,0.275
path part,2,5,2,0.7963,2.901,0.023
rarely useful,2,5,2,0.7963,2.901,0.297
catch such,2,5,2,0.7963,2.901,0.065
writing over,2,5,2,0.7963,2.901,0.117
programmer mistake,2,5,2,0.7963,2.901,0.389
handle binary,2,5,2,0.7963,2.901,0.147
avoid race,2,5,2,0.7963,2.901,0.299
normal git,2,5,2,0.7963,2.901,0.063
different hash,2,5,2,0.7963,2.901,0.098
between object,2,5,2,0.7963,2.901,-0.047
direct call,2,5,2,0.7963,2.901,0.157
child directory,2,5,2,0.7963,2.901,0.104
literal instead,2,5,2,0.7963,2.901,0.104
many days,2,5,2,0.7963,2.901,0.192
nothing except,2,5,2,0.7963,2.901,0.216
instead setting,2,5,2,0.7963,2.901,0.032
default commit,2,5,2,0.7963,2.901,-0.011
head ref,2,5,2,0.7963,2.901,0.232
zero indexed,2,5,2,0.7963,2.901,0.355
missing key,2,5,2,0.7963,2.901,0.124
entire line,2,5,2,0.7963,2.901,0.097
external editor,2,5,2,0.7963,2.901,0.234
following sequence,2,5,2,0.7963,2.901,0.090
shown using,2,5,2,0.7963,2.901,0.001
below see,2,5,2,0.7963,2.901,0.004
pass over,2,5,2,0.7963,2.901,0.080
usually works,2,5,2,0.7963,2.901,0.134
packed together,2,5,2,0.7963,2.901,0.369
byte unsigned,2,5,2,0.7963,2.901,0.382
two byte,2,5,2,0.7963,2.901,0.135
roughly speaking,2,5,2,0.7963,2.901,0.557
master replace,2,5,2,0.7963,2.901,0.306
way based,2,5,2,0.7963,2.901,0.015
number zero,2,5,2,0.7963,2.901,0.093
something based,2,5,2,0.7963,2.901,0.078
description below,2,5,2,0.7963,2.901,0.182
code currently,2,5,2,0.7963,2.901,-0.010
second later,2,5,2,0.7963,2.901,0.087
parent side,2,5,2,0.7963,2.901,0.156
script operator,2,5,2,0.7963,2.901,0.060
script mode,2,5,2,0.7963,2.901,0.030
enumerable property,2,5,2,0.7963,2.901,0.284
day ago,2,5,2,0.7963,2.901,0.367
side programming,2,5,2,0.7963,2.901,0.196
innermost enclosing,2,5,2,0.7963,2.901,0.617
array until,2,5,2,0.7963,2.901,0.085
original global,2,5,2,0.7963,2.901,0.162
same regular,2,5,2,0.7963,2.901,0.051
inside async,2,5,2,0.7963,2.901,0.074
parent array,2,5,2,0.7963,2.901,0.074
property syntax,2,5,2,0.7963,2.901,0.064
exception use,2,5,2,0.7963,2.901,-0.135
often best,2,5,2,0.7963,2.901,0.169
iso string,2,5,2,0.7963,2.901,0.156
positive lookahead,2,5,2,0.7963,2.901,0.567
new escape,2,5,2,0.7963,2.901,0.098
static value,2,5,2,0.7963,2.901,-0.012
first last,2,5,2,0.7963,2.901,0.028
help mitigate,2,5,2,0.7963,2.901,0.368
false depending,2,5,2,0.7963,2.901,0.174
changed due,2,5,2,0.7963,2.901,0.189
standard feature,2,5,2,0.7963,2.901,0.091
escape format,2,5,2,0.7963,2.901,0.187
given code,2,5,2,0.7963,2.901,-0.064
transformation function,2,5,2,0.7963,2.901,0.191
much later,2,5,2,0.7963,2.901,0.101
narrow short,2,5,2,0.7963,2.901,0.388
round down,2,5,2,0.7963,2.901,0.314
original insertion,2,5,2,0.7963,2.901,0.333
propagate through,2,5,2,0.7963,2.901,0.312
leading in,2,5,2,0.7963,2.901,-0.029
during enumeration,2,5,2,0.7963,2.901,0.332
primitive property,2,5,2,0.7963,2.901,0.208
further along,2,5,2,0.7963,2.901,0.287
last form,2,5,2,0.7963,2.901,0.099
cannot fit,2,5,2,0.7963,2.901,0.259
rarely want,2,5,2,0.7963,2.901,0.206
method returning,2,5,2,0.7963,2.901,0.090
element within,2,5,2,0.7963,2.901,0.092
result interface,2,5,2,0.7963,2.901,0.112
browser behavior,2,5,2,0.7963,2.901,0.104
negation operator,2,5,2,0.7963,2.901,0.401
observable difference,2,5,2,0.7963,2.901,0.413
blank space,2,5,2,0.7963,2.901,0.310
character value,2,5,2,0.7963,2.901,-0.004
real table,2,5,2,0.7963,2.901,0.122
longer lived,2,5,2,0.7963,2.901,0.395
wrong number,2,5,2,0.7963,2.901,0.104
particular schema,2,5,2,0.7963,2.901,0.162
stripped off,2,5,2,0.7963,2.901,0.397
maximum possible,2,5,2,0.7963,2.901,0.164
old enough,2,5,2,0.7963,2.901,0.221
standby in,2,5,2,0.7963,2.901,-0.018
process start,2,5,2,0.7963,2.901,0.058
memory reserved,2,5,2,0.7963,2.901,0.263
specify using,2,5,2,0.7963,2.901,-0.045
transaction cannot,2,5,2,0.7963,2.901,0.167
char length,2,5,2,0.7963,2.901,0.263
two integer,2,5,2,0.7963,2.901,0.080
mainly intended,2,5,2,0.7963,2.901,0.415
remain static,2,5,2,0.7963,2.901,0.276
often preferable,2,5,2,0.7963,2.901,0.368
simple equality,2,5,2,0.7963,2.901,0.262
decimal variable,2,5,2,0.7963,2.901,0.159
parameterized query,2,5,2,0.7963,2.901,0.358
convert on,2,5,2,0.7963,2.901,-0.014
textual form,2,5,2,0.7963,2.901,0.331
return until,2,5,2,0.7963,2.901,0.073
strict comparison,2,5,2,0.7963,2.901,0.270
sleep until,2,5,2,0.7963,2.901,0.302
raise notice,2,5,2,0.7963,2.901,0.256
template pattern,2,5,2,0.7963,2.901,0.102
composite data,2,5,2,0.7963,2.901,0.181
string similar,2,5,2,0.7963,2.901,0.020
ordinary character,2,5,2,0.7963,2.901,0.347
system defined,2,5,2,0.7963,2.901,0.050
original server,2,5,2,0.7963,2.901,0.072
underscore character,2,5,2,0.7963,2.901,0.323
loop count,2,5,2,0.7963,2.901,0.161
other index,2,5,2,0.7963,2.901,-0.038
per index,2,5,2,0.7963,2.901,0.105
time compilation,2,5,2,0.7963,2.901,0.142
whole row,2,5,2,0.7963,2.901,0.212
number column,2,5,2,0.7963,2.901,0.061
never attempt,2,5,2,0.7963,2.901,0.203
made between,2,5,2,0.7963,2.901,0.100
unclean shutdown,2,5,2,0.7963,2.901,0.698
start postgresql,2,5,2,0.7963,2.901,0.266
info get,2,5,2,0.7963,2.901,0.068
cryptographically strong,2,5,2,0.7963,2.901,0.603
propagate out,2,5,2,0.7963,2.901,0.264
begin exception,2,5,2,0.7963,2.901,0.164
command except,2,5,2,0.7963,2.901,0.066
module automatically,2,5,2,0.7963,2.901,0.036
name note,2,5,2,0.7963,2.901,-0.057
own range,2,5,2,0.7963,2.901,0.135
column table,2,5,2,0.7963,2.901,0.085
random sample,2,5,2,0.7963,2.901,0.311
type input,2,5,2,0.7963,2.901,-0.035
field count,2,5,2,0.7963,2.901,0.119
integer constant,2,5,2,0.7963,2.901,0.260
fairly complicated,2,5,2,0.7963,2.901,0.443
operator function,2,5,2,0.7963,2.901,-0.024
row inserted,2,5,2,0.7963,2.901,0.276
level attribute,2,5,2,0.7963,2.901,0.105
new special,2,5,2,0.7963,2.901,0.025
two basic,2,5,2,0.7963,2.901,0.114
wrapped up,2,5,2,0.7963,2.901,0.178
entire subtree,2,5,2,0.7963,2.901,0.403
write down,2,5,2,0.7963,2.901,0.120
exclamation point,2,5,2,0.7963,2.901,0.444
byte boundary,2,5,2,0.7963,2.901,0.353
standard header,2,5,2,0.7963,2.901,0.133
range function,2,5,2,0.7963,2.901,0.003
function regardless,2,5,2,0.7963,2.901,0.073
calling via,2,5,2,0.7963,2.901,0.129
function unless,2,5,2,0.7963,2.901,0.015
string table,2,5,2,0.7963,2.901,-0.026
array children,2,5,2,0.7963,2.901,0.174
null byte,2,5,2,0.7963,2.901,0.194
second int,2,5,2,0.7963,2.901,0.162
get last,2,5,2,0.7963,2.901,0.015
exception name,2,5,2,0.7963,2.901,-0.058
python currently,2,5,2,0.7963,2.901,0.066
name module,2,5,2,0.7963,2.901,-0.056
integer instead,2,5,2,0.7963,2.901,0.068
like access,2,5,2,0.7963,2.901,-0.048
set exception,2,5,2,0.7963,2.901,-0.059
pseudo terminal,2,5,2,0.7963,2.901,0.336
type converter,2,5,2,0.7963,2.901,0.243
python rather,2,5,2,0.7963,2.901,0.032
public attribute,2,5,2,0.7963,2.901,0.176
between int,2,5,2,0.7963,2.901,0.128
use like,2,5,2,0.7963,2.901,-0.189
sequence unpacking,2,5,2,0.7963,2.901,0.427
corresponding class,2,5,2,0.7963,2.901,0.115
concrete classes,2,5,2,0.7963,2.901,0.277
virtual base,2,5,2,0.7963,2.901,0.183
raised instead,2,5,2,0.7963,2.901,0.107
appear until,2,5,2,0.7963,2.901,0.206
using pure,2,5,2,0.7963,2.901,0.107
cert required,2,5,2,0.7963,2.901,0.357
set difference,2,5,2,0.7963,2.901,0.052
fill character,2,5,2,0.7963,2.901,0.283
symbol tables,2,5,2,0.7963,2.901,0.221
thread class,2,5,2,0.7963,2.901,0.035
most memory,2,5,2,0.7963,2.901,0.054
running setup,2,5,2,0.7963,2.901,0.120
store review,2,5,2,0.7963,2.901,0.175
far reaching,2,5,2,0.7963,2.901,0.471
instead react,2,5,2,0.7963,2.901,-0.015
initial load,2,5,2,0.7963,2.901,0.210
syntax extension,2,5,2,0.7963,2.901,0.116
own business,2,5,2,0.7963,2.901,0.263
step use,2,5,2,0.7963,2.901,-0.022
root app,2,5,2,0.7963,2.901,0.060
change state,2,5,2,0.7963,2.901,-0.034
existing codebase,2,5,2,0.7963,2.901,0.273
heading level,2,5,2,0.7963,2.901,0.375
search text,2,5,2,0.7963,2.901,0.107
component wrap,2,5,2,0.7963,2.901,0.198
props instead,2,5,2,0.7963,2.901,0.120
see common,2,5,2,0.7963,2.901,-0.009
inside component,2,5,2,0.7963,2.901,0.058
change unless,2,5,2,0.7963,2.901,0.102
type react,2,5,2,0.7963,2.901,-0.070
invalid event,2,5,2,0.7963,2.901,0.200
emit on,2,5,2,0.7963,2.901,0.092
like bootstrap,2,5,2,0.7963,2.901,0.189
safely enable,2,5,2,0.7963,2.901,0.270
bit of time,3,5,2,0.7963,2.901,0.180
see the table,3,5,2,0.7963,2.901,0.048
data is loaded,3,5,2,0.7963,2.901,0.212
object for instance,3,5,2,0.7963,2.901,0.099
path you want,3,5,2,0.7963,2.901,0.006
working with git,3,5,2,0.7963,2.901,0.119
edit the commit,3,5,2,0.7963,2.901,0.285
need to pay,3,5,2,0.7963,2.901,0.229
use the tool,3,5,2,0.7963,2.901,0.095
default character set,3,5,2,0.7963,2.901,0.240
couple of ways,3,5,2,0.7963,2.901,0.342
forget to call,3,5,2,0.7963,2.901,0.249
find the code,3,5,2,0.7963,2.901,0.045
using the in,3,5,2,0.7963,2.901,-0.205
required to enable,3,5,2,0.7963,2.901,0.214
option in order,3,5,2,0.7963,2.901,0.071
wish to store,3,5,2,0.7963,2.901,0.220
least as many,3,5,2,0.7963,2.901,0.325
use server side,3,5,2,0.7963,2.901,0.088
auto incrementing primary,3,5,2,0.7963,2.901,0.541
command to generate,3,5,2,0.7963,2.901,0.139
unless the object,3,5,2,0.7963,2.901,0.164
define the following,3,5,2,0.7963,2.901,0.045
see built in,3,5,2,0.7963,2.901,0.038
useful for more,3,5,2,0.7963,2.901,0.097
handle it yourself,3,5,2,0.7963,2.901,0.404
possible to force,3,5,2,0.7963,2.901,0.241
save an object,3,5,2,0.7963,2.901,0.182
need to determine,3,5,2,0.7963,2.901,0.111
use at least,3,5,2,0.7963,2.901,-0.009
type and content,3,5,2,0.7963,2.901,0.238
request build absolute,3,5,2,0.7963,2.901,0.486
order to test,3,5,2,0.7963,2.901,0.079
need to stick,3,5,2,0.7963,2.901,0.248
complete control over,3,5,2,0.7963,2.901,0.346
using the non,3,5,2,0.7963,2.901,0.044
template to use,3,5,2,0.7963,2.901,0.039
easier to keep,3,5,2,0.7963,2.901,0.210
used for security,3,5,2,0.7963,2.901,0.186
high level api,3,5,2,0.7963,2.901,0.235
use the iso,3,5,2,0.7963,2.901,0.168
order to maintain,3,5,2,0.7963,2.901,0.275
third party software,3,5,2,0.7963,2.901,0.317
feature is disabled,3,5,2,0.7963,2.901,0.322
raw binary data,3,5,2,0.7963,2.901,0.411
possible to attach,3,5,2,0.7963,2.901,0.320
instead of forcing,3,5,2,0.7963,2.901,0.330
attribute to true,3,5,2,0.7963,2.901,0.222
find an available,3,5,2,0.7963,2.901,0.347
api to check,3,5,2,0.7963,2.901,0.107
favor of using,3,5,2,0.7963,2.901,0.173
password based authentication,3,5,2,0.7963,2.901,0.537
variable to use,3,5,2,0.7963,2.901,-0.033
choose the most,3,5,2,0.7963,2.901,0.225
add the same,3,5,2,0.7963,2.901,-0.070
need to scan,3,5,2,0.7963,2.901,0.148
hard to predict,3,5,2,0.7963,2.901,0.543
use the email,3,5,2,0.7963,2.901,0.089
search and replace,3,5,2,0.7963,2.901,0.386
store the file,3,5,2,0.7963,2.901,0.080
such as writing,3,5,2,0.7963,2.901,0.086
refuse to run,3,5,2,0.7963,2.901,0.258
simple hello world,3,5,2,0.7963,2.901,0.291
own base image,3,5,2,0.7963,2.901,0.289
need to repeat,3,5,2,0.7963,2.901,0.198
language and framework,3,5,2,0.7963,2.901,0.399
container by running,3,5,2,0.7963,2.901,0.228
able to build,3,5,2,0.7963,2.901,0.052
string value in,3,5,2,0.7963,2.901,0.044
mount the current,3,5,2,0.7963,2.901,0.205
function as expected,3,5,2,0.7963,2.901,0.074
use an existing,3,5,2,0.7963,2.901,0.031
up to use,3,5,2,0.7963,2.901,-0.038
without the overhead,3,5,2,0.7963,2.901,0.318
available for various,3,5,2,0.7963,2.901,0.316
official git hub,3,5,2,0.7963,2.901,0.274
compose to build,3,5,2,0.7963,2.901,0.208
need to integrate,3,5,2,0.7963,2.901,0.218
container and run,3,5,2,0.7963,2.901,0.181
run the complete,3,5,2,0.7963,2.901,0.203
find the name,3,5,2,0.7963,2.901,0.097
update the docker,3,5,2,0.7963,2.901,0.076
command to push,3,5,2,0.7963,2.901,0.209
executing the following,3,5,2,0.7963,2.901,0.138
using the curl,3,5,2,0.7963,2.901,0.269
data by default,3,5,2,0.7963,2.901,-0.025
working with docker,3,5,2,0.7963,2.901,0.109
able to communicate,3,5,2,0.7963,2.901,0.295
access token instead,3,5,2,0.7963,2.901,0.267
want to edit,3,5,2,0.7963,2.901,0.093
used to reference,3,5,2,0.7963,2.901,0.046
root by default,3,5,2,0.7963,2.901,0.097
again every time,3,5,2,0.7963,2.901,0.236
type of access,3,5,2,0.7963,2.901,0.115
docker daemon host,3,5,2,0.7963,2.901,0.286
git log show,3,5,2,0.7963,2.901,0.269
returning an error,3,5,2,0.7963,2.901,0.174
method you want,3,5,2,0.7963,2.901,-0.015
get the new,3,5,2,0.7963,2.901,0.004
setting the variable,3,5,2,0.7963,2.901,0.165
well for most,3,5,2,0.7963,2.901,0.265
branch and tag,3,5,2,0.7963,2.901,0.321
need to expose,3,5,2,0.7963,2.901,0.186
using the number,3,5,2,0.7963,2.901,-0.015
explore the container,3,5,2,0.7963,2.901,0.298
ability to start,3,5,2,0.7963,2.901,0.200
container and image,3,5,2,0.7963,2.901,0.271
left or right,3,5,2,0.7963,2.901,0.475
message when trying,3,5,2,0.7963,2.901,0.276
post install script,3,5,2,0.7963,2.901,0.437
complete the installation,3,5,2,0.7963,2.901,0.344
smaller and more,3,5,2,0.7963,2.901,0.317
ways to keep,3,5,2,0.7963,2.901,0.226
operating system os,3,5,2,0.7963,2.901,0.264
exceed the limit,3,5,2,0.7963,2.901,0.500
indicate the number,3,5,2,0.7963,2.901,0.231
mac or docker,3,5,2,0.7963,2.901,0.356
see this warning,3,5,2,0.7963,2.901,0.286
buffer is full,3,5,2,0.7963,2.901,0.365
begin and end,3,5,2,0.7963,2.901,0.452
require at least,3,5,2,0.7963,2.901,0.209
order to call,3,5,2,0.7963,2.901,0.098
now you need,3,5,2,0.7963,2.901,0.015
using docker volume,3,5,2,0.7963,2.901,0.286
multiple key value,3,5,2,0.7963,2.901,0.183
system be sure,3,5,2,0.7963,2.901,0.220
specify the exact,3,5,2,0.7963,2.901,0.212
using the web,3,5,2,0.7963,2.901,0.070
update the command,3,5,2,0.7963,2.901,0.065
non fast forward,3,5,2,0.7963,2.901,0.387
run an external,3,5,2,0.7963,2.901,0.170
able to directly,3,5,2,0.7963,2.901,0.111
option to underlying,3,5,2,0.7963,2.901,0.301
less environment variable,3,5,2,0.7963,2.901,0.222
without any message,3,5,2,0.7963,2.901,0.197
detached head state,3,5,2,0.7963,2.901,0.312
possible to switch,3,5,2,0.7963,2.901,0.235
used to error,3,5,2,0.7963,2.901,-0.031
error message later,3,5,2,0.7963,2.901,0.148
output is sent,3,5,2,0.7963,2.901,0.221
low level function,3,5,2,0.7963,2.901,0.137
used to explain,3,5,2,0.7963,2.901,0.211
show the current,3,5,2,0.7963,2.901,0.096
prepared to accept,3,5,2,0.7963,2.901,0.434
within the repository,3,5,2,0.7963,2.901,0.152
around the problem,3,5,2,0.7963,2.901,0.186
take the value,3,5,2,0.7963,2.901,0.072
ok to use,3,5,2,0.7963,2.901,0.129
update to clarify,3,5,2,0.7963,2.901,0.326
commit on top,3,5,2,0.7963,2.901,0.244
command to specify,3,5,2,0.7963,2.901,0.082
value of false,3,5,2,0.7963,2.901,0.119
note that setting,3,5,2,0.7963,2.901,0.090
message to stderr,3,5,2,0.7963,2.901,0.363
off by setting,3,5,2,0.7963,2.901,0.280
git will interpret,3,5,2,0.7963,2.901,0.324
write the above,3,5,2,0.7963,2.901,0.133
dealing with large,3,5,2,0.7963,2.901,0.334
find the cause,3,5,2,0.7963,2.901,0.231
execute the script,3,5,2,0.7963,2.901,0.213
first and second,3,5,2,0.7963,2.901,0.283
want to represent,3,5,2,0.7963,2.901,0.134
well as long,3,5,2,0.7963,2.901,0.186
supported by most,3,5,2,0.7963,2.901,0.217
till the end,3,5,2,0.7963,2.901,0.455
negative or zero,3,5,2,0.7963,2.901,0.519
resolve or reject,3,5,2,0.7963,2.901,0.529
static or instance,3,5,2,0.7963,2.901,0.447
operator to check,3,5,2,0.7963,2.901,0.185
using this in,3,5,2,0.7963,2.901,-0.022
greater than operator,3,5,2,0.7963,2.901,0.272
same as calling,3,5,2,0.7963,2.901,0.199
get the old,3,5,2,0.7963,2.901,0.101
equal to false,3,5,2,0.7963,2.901,0.243
code to change,3,5,2,0.7963,2.901,0.004
value is found,3,5,2,0.7963,2.901,0.150
method also works,3,5,2,0.7963,2.901,0.277
define the property,3,5,2,0.7963,2.901,0.215
over the enumerable,3,5,2,0.7963,2.901,0.400
call the object,3,5,2,0.7963,2.901,0.063
brave new world,3,5,2,0.7963,2.901,0.634
likely to result,3,5,2,0.7963,2.901,0.228
need to answer,3,5,2,0.7963,2.901,0.052
code is used,3,5,2,0.7963,2.901,-0.033
change the reference,3,5,2,0.7963,2.901,0.106
variable is first,3,5,2,0.7963,2.901,0.137
commit the transaction,3,5,2,0.7963,2.901,0.288
array the result,3,5,2,0.7963,2.901,0.075
increase the amount,3,5,2,0.7963,2.901,0.425
using the os,3,5,2,0.7963,2.901,0.103
matter of taste,3,5,2,0.7963,2.901,0.658
key or unique,3,5,2,0.7963,2.901,0.398
syntax is available,3,5,2,0.7963,2.901,0.191
strict comparison operator,3,5,2,0.7963,2.901,0.496
defined function in,3,5,2,0.7963,2.901,0.163
default text search,3,5,2,0.7963,2.901,0.220
server and start,3,5,2,0.7963,2.901,0.223
except as noted,3,5,2,0.7963,2.901,0.409
server was configured,3,5,2,0.7963,2.901,0.415
time of last,3,5,2,0.7963,2.901,0.287
commit or roll,3,5,2,0.7963,2.901,0.500
loading the module,3,5,2,0.7963,2.901,0.262
try to insert,3,5,2,0.7963,2.901,0.211
ascending or descending,3,5,2,0.7963,2.901,0.808
reserved for system,3,5,2,0.7963,2.901,0.343
insert into tbl,3,5,2,0.7963,2.901,0.624
use password authentication,3,5,2,0.7963,2.901,0.224
wrapped up in,3,5,2,0.7963,2.901,0.288
separate server process,3,5,2,0.7963,2.901,0.405
value for key,3,5,2,0.7963,2.901,0.170
get last error,3,5,2,0.7963,2.901,0.382
raise system error,3,5,2,0.7963,2.901,0.367
found in section,3,5,2,0.7963,2.901,0.228
use the utf,3,5,2,0.7963,2.901,0.135
used as dictionary,3,5,2,0.7963,2.901,0.256
therefore be used,3,5,2,0.7963,2.901,0.125
simpler and faster,3,5,2,0.7963,2.901,0.506
python the following,3,5,2,0.7963,2.901,-0.039
valid python expression,3,5,2,0.7963,2.901,0.412
written in pure,3,5,2,0.7963,2.901,0.382
want to focus,3,5,2,0.7963,2.901,0.169
built in string,3,5,2,0.7963,2.901,0.055
future python version,3,5,2,0.7963,2.901,0.350
unmount and remount,3,5,2,0.7963,2.901,0.826
render the page,3,5,2,0.7963,2.901,0.241
render the entire,3,5,2,0.7963,2.901,0.214
trying to render,3,5,2,0.7963,2.901,0.160
use the component,3,5,2,0.7963,2.901,0.021
react to re,3,5,2,0.7963,2.901,0.210
use the browser,3,5,2,0.7963,2.901,0.006
component to update,3,5,2,0.7963,2.901,0.166
state during render,3,5,2,0.7963,2.901,0.332
set state inside,3,5,2,0.7963,2.901,0.302
manipulate the dom,3,5,2,0.7963,2.901,0.469
specific to node,3,5,2,0.7963,2.901,0.263
read the real,3,5,2,0.7963,2.901,0.238
data compression,2,5,2,0.7408,2.870,0.164
general preference,2,5,2,0.7408,2.870,0.367
saving space,2,5,2,0.7408,2.870,0.320
setting like,2,5,2,0.7408,2.870,-0.017
status label,2,5,2,0.7408,2.870,0.249
successfully run,2,5,2,0.7408,2.870,0.123
path directly,2,5,2,0.7408,2.870,0.025
automatically close,2,5,2,0.7408,2.870,0.185
time precision,2,5,2,0.7408,2.870,0.158
url git,2,5,2,0.7408,2.870,-0.002
most frequent,2,5,2,0.7408,2.870,0.329
previously ran,2,5,2,0.7408,2.870,0.337
include new,2,5,2,0.7408,2.870,-0.017
clean on,2,5,2,0.7408,2.870,0.003
split in,2,5,2,0.7408,2.870,-0.053
another target,2,5,2,0.7408,2.870,0.061
support incremental,2,5,2,0.7408,2.870,0.248
framework see,2,5,2,0.7408,2.870,0.054
env option,2,5,2,0.7408,2.870,0.085
provide two,2,5,2,0.7408,2.870,0.040
running concurrently,2,5,2,0.7408,2.870,0.260
order using,2,5,2,0.7408,2.870,-0.068
optional boolean,2,5,2,0.7408,2.870,0.210
instance given,2,5,2,0.7408,2.870,0.056
entire index,2,5,2,0.7408,2.870,0.124
conditionally include,2,5,2,0.7408,2.870,0.311
ascii alphanumeric,2,5,2,0.7408,2.870,0.485
optionally support,2,5,2,0.7408,2.870,0.194
mutually incompatible,2,5,2,0.7408,2.870,0.536
comment text,2,5,2,0.7408,2.870,0.127
path override,2,5,2,0.7408,2.870,0.101
chosen based,2,5,2,0.7408,2.870,0.245
table within,2,5,2,0.7408,2.870,0.052
info default,2,5,2,0.7408,2.870,0.054
avoid computing,2,5,2,0.7408,2.870,0.347
field note,2,5,2,0.7408,2.870,-0.006
application compatibility,2,5,2,0.7408,2.870,0.125
change due,2,5,2,0.7408,2.870,0.098
using older,2,5,2,0.7408,2.870,0.037
system version,2,5,2,0.7408,2.870,-0.005
more safely,2,5,2,0.7408,2.870,0.115
see overriding,2,5,2,0.7408,2.870,0.166
specified registry,2,5,2,0.7408,2.870,0.100
associated metadata,2,5,2,0.7408,2.870,0.233
security mechanism,2,5,2,0.7408,2.870,0.227
file against,2,5,2,0.7408,2.870,0.028
further restrict,2,5,2,0.7408,2.870,0.321
tables matching,2,5,2,0.7408,2.870,0.221
complete view,2,5,2,0.7408,2.870,0.143
key warning,2,5,2,0.7408,2.870,0.099
secret token,2,5,2,0.7408,2.870,0.268
entire build,2,5,2,0.7408,2.870,0.094
now honor,2,5,2,0.7408,2.870,0.247
option available,2,5,2,0.7408,2.870,-0.013
start guide,2,5,2,0.7408,2.870,0.139
executed against,2,5,2,0.7408,2.870,0.211
environment setup,2,5,2,0.7408,2.870,0.121
several build,2,5,2,0.7408,2.870,0.070
new website,2,5,2,0.7408,2.870,0.114
governance policy,2,5,2,0.7408,2.870,0.430
use easy,2,5,2,0.7408,2.870,-0.021
based solely,2,5,2,0.7408,2.870,0.351
multiple unrelated,2,5,2,0.7408,2.870,0.277
upstream code,2,5,2,0.7408,2.870,0.085
total count,2,5,2,0.7408,2.870,0.278
ensure compliance,2,5,2,0.7408,2.870,0.346
use meta,2,5,2,0.7408,2.870,0.031
default otherwise,2,5,2,0.7408,2.870,0.021
property definition,2,5,2,0.7408,2.870,0.110
language interface,2,5,2,0.7408,2.870,0.163
such variable,2,5,2,0.7408,2.870,-0.029
module export,2,5,2,0.7408,2.870,0.129
type many,2,5,2,0.7408,2.870,-0.061
unless set,2,5,2,0.7408,2.870,0.049
code type,2,5,2,0.7408,2.870,-0.180
see working,2,5,2,0.7408,2.870,-0.020
function property,2,5,2,0.7408,2.870,-0.068
standard behavior,2,5,2,0.7408,2.870,0.068
priority based,2,5,2,0.7408,2.870,0.266
merging in,2,5,2,0.7408,2.870,0.020
process note,2,5,2,0.7408,2.870,0.021
src static,2,5,2,0.7408,2.870,0.197
provider used,2,5,2,0.7408,2.870,0.073
significant change,2,5,2,0.7408,2.870,0.180
code except,2,5,2,0.7408,2.870,-0.007
developer intended,2,5,2,0.7408,2.870,0.288
case such,2,5,2,0.7408,2.870,-0.039
keyword function,2,5,2,0.7408,2.870,0.001
during object,2,5,2,0.7408,2.870,-0.018
often result,2,5,2,0.7408,2.870,0.082
numeric argument,2,5,2,0.7408,2.870,0.173
other promise,2,5,2,0.7408,2.870,0.063
exact behavior,2,5,2,0.7408,2.870,0.173
directory contents,2,5,2,0.7408,2.870,0.082
prevent access,2,5,2,0.7408,2.870,0.126
apply method,2,5,2,0.7408,2.870,0.037
scope therefore,2,5,2,0.7408,2.870,0.142
explicit way,2,5,2,0.7408,2.870,0.115
multi user,2,5,2,0.7408,2.870,0.119
use process,2,5,2,0.7408,2.870,-0.098
exit in,2,5,2,0.7408,2.870,-0.105
eval code,2,5,2,0.7408,2.870,0.111
last operand,2,5,2,0.7408,2.870,0.295
later using,2,5,2,0.7408,2.870,-0.064
use sparse,2,5,2,0.7408,2.870,0.066
allow control,2,5,2,0.7408,2.870,0.104
form syntax,2,5,2,0.7408,2.870,0.073
without restriction,2,5,2,0.7408,2.870,0.229
direct property,2,5,2,0.7408,2.870,0.192
constructor call,2,5,2,0.7408,2.870,0.058
use spread,2,5,2,0.7408,2.870,0.070
preferred in,2,5,2,0.7408,2.870,-0.009
insert new,2,5,2,0.7408,2.870,0.057
mark bom,2,5,2,0.7408,2.870,0.426
precision bit,2,5,2,0.7408,2.870,0.270
function symbol,2,5,2,0.7408,2.870,0.029
range between,2,5,2,0.7408,2.870,0.111
use alternative,2,5,2,0.7408,2.870,0.026
used alongside,2,5,2,0.7408,2.870,0.193
colors environment,2,5,2,0.7408,2.870,0.237
level error,2,5,2,0.7408,2.870,-0.033
extension without,2,5,2,0.7408,2.870,0.069
require different,2,5,2,0.7408,2.870,0.072
debug command,2,5,2,0.7408,2.870,0.057
basic syntax,2,5,2,0.7408,2.870,0.153
specific environment,2,5,2,0.7408,2.870,0.043
support loading,2,5,2,0.7408,2.870,0.148
root option,2,5,2,0.7408,2.870,0.022
server id,2,5,2,0.7408,2.870,0.012
directory via,2,5,2,0.7408,2.870,0.049
via standard,2,5,2,0.7408,2.870,0.091
node such,2,5,2,0.7408,2.870,0.002
incorrectly applied,2,5,2,0.7408,2.870,0.333
version latest,2,5,2,0.7408,2.870,0.087
basic configuration,2,5,2,0.7408,2.870,0.124
directory configuration,2,5,2,0.7408,2.870,-0.005
other active,2,5,2,0.7408,2.870,0.090
parser level,2,5,2,0.7408,2.870,0.150
async iteration,2,5,2,0.7408,2.870,0.200
validation added,2,5,2,0.7408,2.870,0.131
directory rather,2,5,2,0.7408,2.870,0.044
deprecation policy,2,5,2,0.7408,2.870,0.322
location using,2,5,2,0.7408,2.870,0.009
serving static,2,5,2,0.7408,2.870,0.322
during shutdown,2,5,2,0.7408,2.870,0.302
api correctly,2,5,2,0.7408,2.870,0.085
form feed,2,5,2,0.7408,2.870,0.277
xml content,2,5,2,0.7408,2.870,0.210
password response,2,5,2,0.7408,2.870,0.138
external authentication,2,5,2,0.7408,2.870,0.225
attribute use,2,5,2,0.7408,2.870,-0.064
communicate using,2,5,2,0.7408,2.870,0.131
single list,2,5,2,0.7408,2.870,-0.001
yaml format,2,5,2,0.7408,2.870,0.219
place using,2,5,2,0.7408,2.870,-0.013
code provided,2,5,2,0.7408,2.870,-0.044
started automatically,2,5,2,0.7408,2.870,0.148
default program,2,5,2,0.7408,2.870,-0.028
internal cache,2,5,2,0.7408,2.870,0.168
shared network,2,5,2,0.7408,2.870,0.170
api docker,2,5,2,0.7408,2.870,-0.077
building python,2,5,2,0.7408,2.870,0.085
variable path,2,5,2,0.7408,2.870,-0.026
keep showing,2,5,2,0.7408,2.870,0.218
enabled automatically,2,5,2,0.7408,2.870,0.127
repository management,2,5,2,0.7408,2.870,0.183
option similar,2,5,2,0.7408,2.870,0.023
appropriate header,2,5,2,0.7408,2.870,0.212
happen without,2,5,2,0.7408,2.870,0.119
none instead,2,5,2,0.7408,2.870,0.059
find other,2,5,2,0.7408,2.870,-0.018
different authentication,2,5,2,0.7408,2.870,0.109
add path,2,5,2,0.7408,2.870,-0.044
another key,2,5,2,0.7408,2.870,0.022
allow certain,2,5,2,0.7408,2.870,0.148
server directly,2,5,2,0.7408,2.870,0.021
python run,2,5,2,0.7408,2.870,-0.074
standard data,2,5,2,0.7408,2.870,-0.035
encoding see,2,5,2,0.7408,2.870,0.067
able data,2,5,2,0.7408,2.870,-0.005
same ways,2,5,2,0.7408,2.870,0.045
fixed path,2,5,2,0.7408,2.870,0.032
pass more,2,5,2,0.7408,2.870,-0.029
missing feature,2,5,2,0.7408,2.870,0.165
data provided,2,5,2,0.7408,2.870,-0.008
returning anything,2,5,2,0.7408,2.870,0.212
show different,2,5,2,0.7408,2.870,0.042
body file,2,5,2,0.7408,2.870,0.001
added directly,2,5,2,0.7408,2.870,0.080
json standard,2,5,2,0.7408,2.870,0.051
simple wrapper,2,5,2,0.7408,2.870,0.215
project layout,2,5,2,0.7408,2.870,0.184
remember information,2,5,2,0.7408,2.870,0.140
data around,2,5,2,0.7408,2.870,0.014
access within,2,5,2,0.7408,2.870,0.054
use standard,2,5,2,0.7408,2.870,-0.096
cookie session,2,5,2,0.7408,2.870,0.283
data more,2,5,2,0.7408,2.870,-0.130
see logging,2,5,2,0.7408,2.870,0.068
complete reference,2,5,2,0.7408,2.870,0.112
classes class,2,5,2,0.7408,2.870,0.067
server testing,2,5,2,0.7408,2.870,0.074
provide much,2,5,2,0.7408,2.870,0.117
based code,2,5,2,0.7408,2.870,-0.066
enable task,2,5,2,0.7408,2.870,0.201
many configuration,2,5,2,0.7408,2.870,0.021
properly implement,2,5,2,0.7408,2.870,0.217
python sdk,2,5,2,0.7408,2.870,0.172
help build,2,5,2,0.7408,2.870,0.028
default log,2,5,2,0.7408,2.870,-0.009
application run,2,5,2,0.7408,2.870,-0.047
int result,2,5,2,0.7408,2.870,0.105
task using,2,5,2,0.7408,2.870,0.022
current language,2,5,2,0.7408,2.870,0.073
com myapp,2,5,2,0.7408,2.870,0.469
linked resource,2,5,2,0.7408,2.870,0.315
common alternative,2,5,2,0.7408,2.870,0.199
application now,2,5,2,0.7408,2.870,-0.035
started quickly,2,5,2,0.7408,2.870,0.300
automatically load,2,5,2,0.7408,2.870,0.140
handling function,2,5,2,0.7408,2.870,0.003
now easily,2,5,2,0.7408,2.870,0.105
signal send,2,5,2,0.7408,2.870,0.247
complete string,2,5,2,0.7408,2.870,0.063
execute update,2,5,2,0.7408,2.870,0.103
id argument,2,5,2,0.7408,2.870,0.048
own template,2,5,2,0.7408,2.870,0.100
password text,2,5,2,0.7408,2.870,0.115
real secret,2,5,2,0.7408,2.870,0.273
mode means,2,5,2,0.7408,2.870,0.072
test get,2,5,2,0.7408,2.870,-0.081
logging out,2,5,2,0.7408,2.870,0.120
lowercase name,2,5,2,0.7408,2.870,0.176
automatically escape,2,5,2,0.7408,2.870,0.195
use send,2,5,2,0.7408,2.870,-0.047
optional file,2,5,2,0.7408,2.870,0.009
way file,2,5,2,0.7408,2.870,-0.108
processing code,2,5,2,0.7408,2.870,0.046
widely adopted,2,5,2,0.7408,2.870,0.570
host specified,2,5,2,0.7408,2.870,0.077
include data,2,5,2,0.7408,2.870,-0.022
calling resolve,2,5,2,0.7408,2.870,0.199
glob module,2,5,2,0.7408,2.870,0.159
file metadata,2,5,2,0.7408,2.870,0.044
location used,2,5,2,0.7408,2.870,0.036
cache flag,2,5,2,0.7408,2.870,0.108
allow individual,2,5,2,0.7408,2.870,0.179
detailed list,2,5,2,0.7408,2.870,0.161
post commit,2,5,2,0.7408,2.870,0.086
preserve empty,2,5,2,0.7408,2.870,0.281
single blank,2,5,2,0.7408,2.870,0.221
single newline,2,5,2,0.7408,2.870,0.238
contain anything,2,5,2,0.7408,2.870,0.170
low overhead,2,5,2,0.7408,2.870,0.368
much work,2,5,2,0.7408,2.870,0.052
further configuration,2,5,2,0.7408,2.870,0.133
include support,2,5,2,0.7408,2.870,0.058
available instead,2,5,2,0.7408,2.870,-0.002
receiving data,2,5,2,0.7408,2.870,0.141
truncated in,2,5,2,0.7408,2.870,0.046
use experimental,2,5,2,0.7408,2.870,0.035
property decorator,2,5,2,0.7408,2.870,0.197
cyclic reference,2,5,2,0.7408,2.870,0.343
container classes,2,5,2,0.7408,2.870,0.097
biggest change,2,5,2,0.7408,2.870,0.311
different validation,2,5,2,0.7408,2.870,0.076
re trigger,2,5,2,0.7408,2.870,0.207
like class,2,5,2,0.7408,2.870,-0.080
arbitrary type,2,5,2,0.7408,2.870,0.076
use field,2,5,2,0.7408,2.870,-0.125
matching behavior,2,5,2,0.7408,2.870,0.163
raised inside,2,5,2,0.7408,2.870,0.143
typing typed,2,5,2,0.7408,2.870,0.313
dictionary used,2,5,2,0.7408,2.870,0.053
protocol such,2,5,2,0.7408,2.870,0.109
timezone information,2,5,2,0.7408,2.870,0.233
configuration add,2,5,2,0.7408,2.870,-0.022
rich set,2,5,2,0.7408,2.870,0.237
instance once,2,5,2,0.7408,2.870,0.065
improve validation,2,5,2,0.7408,2.870,0.249
classes used,2,5,2,0.7408,2.870,0.016
instance level,2,5,2,0.7408,2.870,0.056
improved support,2,5,2,0.7408,2.870,0.210
current base,2,5,2,0.7408,2.870,0.068
entire section,2,5,2,0.7408,2.870,0.152
install process,2,5,2,0.7408,2.870,0.090
own time,2,5,2,0.7408,2.870,-0.003
name param,2,5,2,0.7408,2.870,0.184
function never,2,5,2,0.7408,2.870,-0.028
self request,2,5,2,0.7408,2.870,0.120
substring match,2,5,2,0.7408,2.870,0.290
now execute,2,5,2,0.7408,2.870,0.059
write test,2,5,2,0.7408,2.870,-0.018
verbose in,2,5,2,0.7408,2.870,-0.069
core part,2,5,2,0.7408,2.870,0.106
test otherwise,2,5,2,0.7408,2.870,0.040
test isolation,2,5,2,0.7408,2.870,0.181
added via,2,5,2,0.7408,2.870,0.098
calling eval,2,5,2,0.7408,2.870,0.278
avoid leaving,2,5,2,0.7408,2.870,0.309
show command,2,5,2,0.7408,2.870,0.022
relatively large,2,5,2,0.7408,2.870,0.344
specific formatting,2,5,2,0.7408,2.870,0.176
disabled via,2,5,2,0.7408,2.870,0.213
temporarily change,2,5,2,0.7408,2.870,0.239
custom log,2,5,2,0.7408,2.870,0.085
supported through,2,5,2,0.7408,2.870,0.115
please visit,2,5,2,0.7408,2.870,0.327
automatically used,2,5,2,0.7408,2.870,-0.026
caching mechanism,2,5,2,0.7408,2.870,0.335
implementation comes,2,5,2,0.7408,2.870,0.192
stash in,2,5,2,0.7408,2.870,-0.001
startup in,2,5,2,0.7408,2.870,-0.041
popular way,2,5,2,0.7408,2.870,0.186
testing process,2,5,2,0.7408,2.870,0.124
up open,2,5,2,0.7408,2.870,0.024
against various,2,5,2,0.7408,2.870,0.224
never go,2,5,2,0.7408,2.870,0.124
providing information,2,5,2,0.7408,2.870,0.172
given substring,2,5,2,0.7408,2.870,0.294
create interactive,2,5,2,0.7408,2.870,0.128
enable additional,2,5,2,0.7408,2.870,0.148
position index,2,5,2,0.7408,2.870,0.168
stable across,2,5,2,0.7408,2.870,0.257
printed instead,2,5,2,0.7408,2.870,0.143
two sides,2,5,2,0.7408,2.870,0.296
immediately see,2,5,2,0.7408,2.870,0.065
template expression,2,5,2,0.7408,2.870,0.100
optional callback,2,5,2,0.7408,2.870,0.188
during parsing,2,5,2,0.7408,2.870,0.208
same logical,2,5,2,0.7408,2.870,0.102
mode unless,2,5,2,0.7408,2.870,0.136
extra null,2,5,2,0.7408,2.870,0.122
instead fixed,2,5,2,0.7408,2.870,0.027
new print,2,5,2,0.7408,2.870,0.017
fallback in,2,5,2,0.7408,2.870,-0.013
index lookup,2,5,2,0.7408,2.870,0.179
known non,2,5,2,0.7408,2.870,0.148
identifier use,2,5,2,0.7408,2.870,-0.011
format fix,2,5,2,0.7408,2.870,0.057
manual use,2,5,2,0.7408,2.870,0.043
per hook,2,5,2,0.7408,2.870,0.194
namespace import,2,5,2,0.7408,2.870,0.178
call signature,2,5,2,0.7408,2.870,0.117
fault tolerant,2,5,2,0.7408,2.870,0.724
path traversal,2,5,2,0.7408,2.870,0.243
rewrite in,2,5,2,0.7408,2.870,-0.005
index based,2,5,2,0.7408,2.870,0.050
context set,2,5,2,0.7408,2.870,-0.015
context class,2,5,2,0.7408,2.870,0.024
set safe,2,5,2,0.7408,2.870,0.047
parse string,2,5,2,0.7408,2.870,0.072
changed within,2,5,2,0.7408,2.870,0.121
entire object,2,5,2,0.7408,2.870,0.040
comparison using,2,5,2,0.7408,2.870,0.064
pass context,2,5,2,0.7408,2.870,0.072
back online,2,5,2,0.7408,2.870,0.261
test plan,2,5,2,0.7408,2.870,0.114
legacy syntax,2,5,2,0.7408,2.870,0.203
out many,2,5,2,0.7408,2.870,0.009
up development,2,5,2,0.7408,2.870,0.068
way depending,2,5,2,0.7408,2.870,0.084
set error,2,5,2,0.7408,2.870,-0.121
state find,2,5,2,0.7408,2.870,0.005
short enough,2,5,2,0.7408,2.870,0.223
random name,2,5,2,0.7408,2.870,0.097
user string,2,5,2,0.7408,2.870,-0.062
read user,2,5,2,0.7408,2.870,-0.002
now view,2,5,2,0.7408,2.870,0.006
import build,2,5,2,0.7408,2.870,0.025
notification list,2,5,2,0.7408,2.870,0.201
sorting order,2,5,2,0.7408,2.870,0.249
run right,2,5,2,0.7408,2.870,0.015
add app,2,5,2,0.7408,2.870,-0.027
call start,2,5,2,0.7408,2.870,0.006
memo hook,2,5,2,0.7408,2.870,0.332
more usable,2,5,2,0.7408,2.870,0.197
user behavior,2,5,2,0.7408,2.870,0.015
root tag,2,5,2,0.7408,2.870,0.126
id list,2,5,2,0.7408,2.870,0.013
change later,2,5,2,0.7408,2.870,0.022
correct user,2,5,2,0.7408,2.870,0.025
optimize re,2,5,2,0.7408,2.870,0.267
data change,2,5,2,0.7408,2.870,-0.074
run less,2,5,2,0.7408,2.870,0.047
new status,2,5,2,0.7408,2.870,0.030
new check,2,5,2,0.7408,2.870,-0.051
force new,2,5,2,0.7408,2.870,0.079
interaction like,2,5,2,0.7408,2.870,0.188
help optimize,2,5,2,0.7408,2.870,0.250
separate variable,2,5,2,0.7408,2.870,0.073
read state,2,5,2,0.7408,2.870,-0.014
last major,2,5,2,0.7408,2.870,0.190
level argument,2,5,2,0.7408,2.870,0.051
new render,2,5,2,0.7408,2.870,0.014
render app,2,5,2,0.7408,2.870,0.077
history state,2,5,2,0.7408,2.870,0.092
future set,2,5,2,0.7408,2.870,0.016
type once,2,5,2,0.7408,2.870,-0.032
external input,2,5,2,0.7408,2.870,0.137
automatically wrap,2,5,2,0.7408,2.870,0.199
avoid false,2,5,2,0.7408,2.870,0.120
new derived,2,5,2,0.7408,2.870,0.119
break memoization,2,5,2,0.7408,2.870,0.397
array class,2,5,2,0.7408,2.870,-0.022
avoid hydration,2,5,2,0.7408,2.870,0.399
correct name,2,5,2,0.7408,2.870,-0.006
navigate between,2,5,2,0.7408,2.870,0.241
specific time,2,5,2,0.7408,2.870,-0.016
state multiple,2,5,2,0.7408,2.870,-0.025
provide default,2,5,2,0.7408,2.870,-0.005
without reading,2,5,2,0.7408,2.870,0.109
name file,2,5,2,0.7408,2.870,-0.132
streaming api,2,5,2,0.7408,2.870,0.185
certificate bundle,2,5,2,0.7408,2.870,0.322
cannot depend,2,5,2,0.7408,2.870,0.199
head request,2,5,2,0.7408,2.870,0.134
object along,2,5,2,0.7408,2.870,0.081
override default,2,5,2,0.7408,2.870,0.063
own python,2,5,2,0.7408,2.870,0.011
raw stream,2,5,2,0.7408,2.870,0.235
previously mentioned,2,5,2,0.7408,2.870,0.281
corresponding command,2,5,2,0.7408,2.870,0.089
default local,2,5,2,0.7408,2.870,-0.019
test go,2,5,2,0.7408,2.870,0.025
cannot affect,2,5,2,0.7408,2.870,0.205
resource lifecycle,2,5,2,0.7408,2.870,0.343
level block,2,5,2,0.7408,2.870,0.073
select another,2,5,2,0.7408,2.870,0.051
update action,2,5,2,0.7408,2.870,0.043
different sort,2,5,2,0.7408,2.870,0.117
written directly,2,5,2,0.7408,2.870,0.118
protocol instead,2,5,2,0.7408,2.870,0.107
public registry,2,5,2,0.7408,2.870,0.193
id start,2,5,2,0.7408,2.870,0.055
full module,2,5,2,0.7408,2.870,0.063
server listening,2,5,2,0.7408,2.870,0.218
re building,2,5,2,0.7408,2.870,0.175
inspect now,2,5,2,0.7408,2.870,0.146
fetch call,2,5,2,0.7408,2.870,0.077
feature enabled,2,5,2,0.7408,2.870,0.140
new stage,2,5,2,0.7408,2.870,0.110
now become,2,5,2,0.7408,2.870,0.110
watched file,2,5,2,0.7408,2.870,0.343
running see,2,5,2,0.7408,2.870,-0.049
path outside,2,5,2,0.7408,2.870,0.086
file through,2,5,2,0.7408,2.870,-0.038
module re,2,5,2,0.7408,2.870,0.054
re established,2,5,2,0.7408,2.870,0.324
directory make,2,5,2,0.7408,2.870,-0.032
nonce attribute,2,5,2,0.7408,2.870,0.373
worth checking,2,5,2,0.7408,2.870,0.331
node environment,2,5,2,0.7408,2.870,0.038
use equivalent,2,5,2,0.7408,2.870,-0.027
build locally,2,5,2,0.7408,2.870,0.126
support ipv,2,5,2,0.7408,2.870,0.201
force re,2,5,2,0.7408,2.870,0.205
manager see,2,5,2,0.7408,2.870,0.058
additional network,2,5,2,0.7408,2.870,0.131
high number,2,5,2,0.7408,2.870,0.137
single bundle,2,5,2,0.7408,2.870,0.178
please send,2,5,2,0.7408,2.870,0.181
missing please,2,5,2,0.7408,2.870,0.213
access to git,3,5,2,0.7408,2.870,0.050
table to represent,3,5,2,0.7408,2.870,0.245
using the stable,3,5,2,0.7408,2.870,0.147
git configuration file,3,5,2,0.7408,2.870,0.088
ability to generate,3,5,2,0.7408,2.870,0.272
fail the build,3,5,2,0.7408,2.870,0.206
see the using,3,5,2,0.7408,2.870,-0.060
support the full,3,5,2,0.7408,2.870,0.158
optional which means,3,5,2,0.7408,2.870,0.262
disable the default,3,5,2,0.7408,2.870,0.125
use this field,3,5,2,0.7408,2.870,0.123
specify which profile,3,5,2,0.7408,2.870,0.405
provider is used,3,5,2,0.7408,2.870,0.204
number of small,3,5,2,0.7408,2.870,0.148
able to update,3,5,2,0.7408,2.870,0.075
need to deal,3,5,2,0.7408,2.870,0.165
necessary to implement,3,5,2,0.7408,2.870,0.234
need to publish,3,5,2,0.7408,2.870,0.144
currently no way,3,5,2,0.7408,2.870,0.297
read only operation,3,5,2,0.7408,2.870,0.269
disk space in,3,5,2,0.7408,2.870,0.061
quick start guide,3,5,2,0.7408,2.870,0.479
based solely on,3,5,2,0.7408,2.870,0.363
note this means,3,5,2,0.7408,2.870,0.112
property is undefined,3,5,2,0.7408,2.870,0.249
specify the location,3,5,2,0.7408,2.870,0.235
name is required,3,5,2,0.7408,2.870,0.121
automate the process,3,5,2,0.7408,2.870,0.402
case the result,3,5,2,0.7408,2.870,0.057
change from version,3,5,2,0.7408,2.870,0.326
needs to wait,3,5,2,0.7408,2.870,0.238
wish to create,3,5,2,0.7408,2.870,0.155
catch and finally,3,5,2,0.7408,2.870,0.361
string to allow,3,5,2,0.7408,2.870,0.095
pair of parentheses,3,5,2,0.7408,2.870,0.447
through the prototype,3,5,2,0.7408,2.870,0.236
during object creation,3,5,2,0.7408,2.870,0.413
disable the use,3,5,2,0.7408,2.870,0.108
given an array,3,5,2,0.7408,2.870,0.128
default value instead,3,5,2,0.7408,2.870,0.121
constructor with new,3,5,2,0.7408,2.870,0.286
return the correct,3,5,2,0.7408,2.870,0.123
object create null,3,5,2,0.7408,2.870,0.419
function is meant,3,5,2,0.7408,2.870,0.183
added to help,3,5,2,0.7408,2.870,0.181
reference the type,3,5,2,0.7408,2.870,0.077
option is equivalent,3,5,2,0.7408,2.870,0.155
access the variable,3,5,2,0.7408,2.870,0.125
expected to match,3,5,2,0.7408,2.870,0.221
use of var,3,5,2,0.7408,2.870,0.248
possible to determine,3,5,2,0.7408,2.870,0.179
int and number,3,5,2,0.7408,2.870,0.307
object spread syntax,3,5,2,0.7408,2.870,0.233
case the object,3,5,2,0.7408,2.870,0.059
used to debug,3,5,2,0.7408,2.870,0.125
error for more,3,5,2,0.7408,2.870,-0.012
reflect set prototype,3,5,2,0.7408,2.870,0.570
use spread syntax,3,5,2,0.7408,2.870,0.177
string and in,3,5,2,0.7408,2.870,-0.018
run time error,3,5,2,0.7408,2.870,0.200
used to import,3,5,2,0.7408,2.870,0.076
executed in strict,3,5,2,0.7408,2.870,0.332
order mark bom,3,5,2,0.7408,2.870,0.525
double precision bit,3,5,2,0.7408,2.870,0.433
use of index,3,5,2,0.7408,2.870,0.109
majority of use,3,5,2,0.7408,2.870,0.155
count is greater,3,5,2,0.7408,2.870,0.378
argument to include,3,5,2,0.7408,2.870,0.178
let you configure,3,5,2,0.7408,2.870,0.307
used to load,3,5,2,0.7408,2.870,0.123
used only in,3,5,2,0.7408,2.870,0.088
addition to other,3,5,2,0.7408,2.870,0.116
see the migration,3,5,2,0.7408,2.870,0.211
possible to install,3,5,2,0.7408,2.870,0.160
provide an explicit,3,5,2,0.7408,2.870,0.271
access to internal,3,5,2,0.7408,2.870,0.206
combine them into,3,5,2,0.7408,2.870,0.319
using the base,3,5,2,0.7408,2.870,0.059
using the global,3,5,2,0.7408,2.870,0.073
script or module,3,5,2,0.7408,2.870,0.286
git hub organization,3,5,2,0.7408,2.870,0.234
need it anymore,3,5,2,0.7408,2.870,0.372
using the provided,3,5,2,0.7408,2.870,0.064
configure your application,3,5,2,0.7408,2.870,0.223
useful to provide,3,5,2,0.7408,2.870,0.180
json or yaml,3,5,2,0.7408,2.870,0.480
command to use,3,5,2,0.7408,2.870,-0.064
physical or virtual,3,5,2,0.7408,2.870,0.597
time it took,3,5,2,0.7408,2.870,0.308
using the information,3,5,2,0.7408,2.870,0.008
code that used,3,5,2,0.7408,2.870,0.038
none or null,3,5,2,0.7408,2.870,0.329
type the first,3,5,2,0.7408,2.870,-0.065
type parameter list,3,5,2,0.7408,2.870,0.216
browser will send,3,5,2,0.7408,2.870,0.375
enter and exit,3,5,2,0.7408,2.870,0.451
value of true,3,5,2,0.7408,2.870,0.079
file to set,3,5,2,0.7408,2.870,0.029
amount of effort,3,5,2,0.7408,2.870,0.371
authenticate the user,3,5,2,0.7408,2.870,0.296
primary key field,3,5,2,0.7408,2.870,0.206
return them in,3,5,2,0.7408,2.870,0.135
start working on,3,5,2,0.7408,2.870,0.199
file to exclude,3,5,2,0.7408,2.870,0.176
outside the context,3,5,2,0.7408,2.870,0.216
possible to load,3,5,2,0.7408,2.870,0.201
quickly and easily,3,5,2,0.7408,2.870,0.489
familiar with using,3,5,2,0.7408,2.870,0.134
based on information,3,5,2,0.7408,2.870,0.075
name is provided,3,5,2,0.7408,2.870,0.141
put them into,3,5,2,0.7408,2.870,0.270
difficult to know,3,5,2,0.7408,2.870,0.229
message is used,3,5,2,0.7408,2.870,0.083
using the connection,3,5,2,0.7408,2.870,0.076
install it in,3,5,2,0.7408,2.870,0.057
using your local,3,5,2,0.7408,2.870,0.125
flag to make,3,5,2,0.7408,2.870,0.086
test and debug,3,5,2,0.7408,2.870,0.280
used to catch,3,5,2,0.7408,2.870,0.112
supposed to make,3,5,2,0.7408,2.870,0.190
single blank line,3,5,2,0.7408,2.870,0.334
install and configure,3,5,2,0.7408,2.870,0.365
choose the right,3,5,2,0.7408,2.870,0.246
later be used,3,5,2,0.7408,2.870,0.041
via the model,3,5,2,0.7408,2.870,0.188
built in generic,3,5,2,0.7408,2.870,0.179
list and tuple,3,5,2,0.7408,2.870,0.336
typing typed dict,3,5,2,0.7408,2.870,0.490
value is first,3,5,2,0.7408,2.870,0.048
make it impossible,3,5,2,0.7408,2.870,0.332
cannot be fixed,3,5,2,0.7408,2.870,0.156
model is defined,3,5,2,0.7408,2.870,0.178
entire test suite,3,5,2,0.7408,2.870,0.333
list of logging,3,5,2,0.7408,2.870,0.185
method or function,3,5,2,0.7408,2.870,0.209
single positional argument,3,5,2,0.7408,2.870,0.343
run time in,3,5,2,0.7408,2.870,0.055
system under test,3,5,2,0.7408,2.870,0.350
set of configuration,3,5,2,0.7408,2.870,0.107
correctly error out,3,5,2,0.7408,2.870,0.418
more granular control,3,5,2,0.7408,2.870,0.412
match case insensitively,3,5,2,0.7408,2.870,0.418
behave differently depending,3,5,2,0.7408,2.870,0.478
such as open,3,5,2,0.7408,2.870,0.048
plugin is installed,3,5,2,0.7408,2.870,0.302
parameter to true,3,5,2,0.7408,2.870,0.174
needs to perform,3,5,2,0.7408,2.870,0.204
needs to define,3,5,2,0.7408,2.870,0.145
used to install,3,5,2,0.7408,2.870,0.076
refer to using,3,5,2,0.7408,2.870,0.018
match was found,3,5,2,0.7408,2.870,0.330
command line usage,3,5,2,0.7408,2.870,0.153
used in new,3,5,2,0.7408,2.870,0.028
recommend the following,3,5,2,0.7408,2.870,0.132
assign the same,3,5,2,0.7408,2.870,0.108
through the base,3,5,2,0.7408,2.870,0.175
instead of none,3,5,2,0.7408,2.870,0.105
error stack trace,3,5,2,0.7408,2.870,0.117
cost of re,3,5,2,0.7408,2.870,0.322
attempt to call,3,5,2,0.7408,2.870,0.134
reasonable to use,3,5,2,0.7408,2.870,0.223
such as user,3,5,2,0.7408,2.870,-0.012
instead of set,3,5,2,0.7408,2.870,-0.029
built in system,3,5,2,0.7408,2.870,0.109
fetching data in,3,5,2,0.7408,2.870,0.125
single function call,3,5,2,0.7408,2.870,0.227
calculate and return,3,5,2,0.7408,2.870,0.358
providing an initial,3,5,2,0.7408,2.870,0.433
minimal as possible,3,5,2,0.7408,2.870,0.377
above the component,3,5,2,0.7408,2.870,0.193
returned from use,3,5,2,0.7408,2.870,0.079
access to other,3,5,2,0.7408,2.870,0.048
getting the current,3,5,2,0.7408,2.870,0.136
user to edit,3,5,2,0.7408,2.870,0.241
sharing the same,3,5,2,0.7408,2.870,0.153
section will help,3,5,2,0.7408,2.870,0.287
once the promise,3,5,2,0.7408,2.870,0.266
include the name,3,5,2,0.7408,2.870,0.113
waiting for data,3,5,2,0.7408,2.870,0.144
remove the need,3,5,2,0.7408,2.870,0.105
list of new,3,5,2,0.7408,2.870,-0.005
becomes the first,3,5,2,0.7408,2.870,0.156
tab to view,3,5,2,0.7408,2.870,0.381
state by passing,3,5,2,0.7408,2.870,0.175
defined as part,3,5,2,0.7408,2.870,0.187
use memo hook,3,5,2,0.7408,2.870,0.372
fetch the data,3,5,2,0.7408,2.870,0.154
query the actual,3,5,2,0.7408,2.870,0.141
need to transform,3,5,2,0.7408,2.870,0.166
server is set,3,5,2,0.7408,2.870,0.095
used to wait,3,5,2,0.7408,2.870,0.166
generate the initial,3,5,2,0.7408,2.870,0.253
describe the different,3,5,2,0.7408,2.870,0.239
using the compose,3,5,2,0.7408,2.870,0.077
component re render,3,5,2,0.7408,2.870,0.230
call dispatch action,3,5,2,0.7408,2.870,0.325
update state based,3,5,2,0.7408,2.870,0.370
note that none,3,5,2,0.7408,2.870,0.117
call and return,3,5,2,0.7408,2.870,0.138
time you click,3,5,2,0.7408,2.870,0.273
process of setting,3,5,2,0.7408,2.870,0.282
consider the case,3,5,2,0.7408,2.870,0.195
render it in,3,5,2,0.7408,2.870,0.124
need to register,3,5,2,0.7408,2.870,0.152
match the server,3,5,2,0.7408,2.870,0.096
act from react,3,5,2,0.7408,2.870,0.502
return the cached,3,5,2,0.7408,2.870,0.279
based on props,3,5,2,0.7408,2.870,0.207
specific to react,3,5,2,0.7408,2.870,0.237
data to render,3,5,2,0.7408,2.870,0.144
added two new,3,5,2,0.7408,2.870,0.353
deal with data,3,5,2,0.7408,2.870,0.134
used as context,3,5,2,0.7408,2.870,0.169
infrastructure as code,3,5,2,0.7408,2.870,0.349
top level block,3,5,2,0.7408,2.870,0.185
change the meaning,3,5,2,0.7408,2.870,0.227
value is currently,3,5,2,0.7408,2.870,0.117
module to provide,3,5,2,0.7408,2.870,0.129
throughout the codebase,3,5,2,0.7408,2.870,0.462
idea to run,3,5,2,0.7408,2.870,0.186
more efficient code,3,5,2,0.7408,2.870,0.138
without re building,3,5,2,0.7408,2.870,0.493
check for more,3,5,2,0.7408,2.870,0.068
lot more efficient,3,5,2,0.7408,2.870,0.345
testing and feedback,3,5,2,0.7408,2.870,0.491
consistent behavior across,3,5,2,0.7408,2.870,0.545
open source under,3,5,2,0.7408,2.870,0.295
access the server,3,5,2,0.7408,2.870,0.077
api for more,3,5,2,0.7408,2.870,0.042
outside the workspace,3,5,2,0.7408,2.870,0.286
necessary to know,3,5,2,0.7408,2.870,0.230
using the url,3,5,2,0.7408,2.870,0.056
reason you want,3,5,2,0.7408,2.870,0.097
like docker compose,3,5,2,0.7408,2.870,0.078
specify an alternative,3,5,2,0.7408,2.870,0.260
project and run,3,5,2,0.7408,2.870,0.175
passing the same,3,5,2,0.7408,2.870,0.048
build and deployment,3,5,2,0.7408,2.870,0.355
built in solution,3,5,2,0.7408,2.870,0.175
